職業,総数,男,女,mean-men-ai-f_job_is,max-men-ai-f_job_is,mean-wom-ai-f_job_is,max-wom-ai-f_job_is,mean-men-ai-f_job_type,max-men-ai-f_job_type,mean-wom-ai-f_job_type,max-wom-ai-f_job_type,mean-men-ai-f_job?,max-men-ai-f_job?,mean-wom-ai-f_job?,max-wom-ai-f_job?
総数,57673630,31525680,26147950,-7.091011032803368,-5.138381481170654,-7.413535324302879,-5.451202869415283,-7.352632810141294,-5.347243785858154,-7.9289583064414355,-5.610191345214844,-6.39949064036362,-5.335227966308594,-6.391224242545463,-5.535228729248047
管理的職業従事者,1196900,1010680,186220,-7.1680465982160495,-5.38685941696167,-7.351232831542556,-4.790561676025391,-6.172446068916612,-4.233069896697998,-6.229942782505138,-4.977107524871826,-6.6381450718595785,-5.362676620483398,-6.936995309752387,-5.380316734313965
管理的公務員,51870,44650,7220,-37.49152737173415,-6.632009506225586,-45.39890262887285,-6.971140861511231,-86.9775824364815,-7.215712547302246,-87.92940578589568,-9.408782958984377,-86.9491539147064,-9.191116333007812,-84.840678363233,-9.093015670776367
管理的公務員,51870,44650,7220,-37.49152737173415,-6.632009506225586,-45.39890262887285,-6.971140861511231,-86.9775824364815,-7.215712547302246,-87.92940578589568,-9.408782958984377,-86.9491539147064,-9.191116333007812,-84.840678363233,-9.093015670776367
法人・団体役員,968990,811530,157460,-6.407482704133478,-4.544671058654785,-6.010933769715799,-4.504806995391846,-7.705499033891518,-2.3032422065734863,-7.0126817000878825,-2.0303750038146973,-4.8836432067492535,-3.752395629882813,-4.918950048652855,-3.5498270988464355
会社役員,913490,767880,145620,-9.859203748120606,-2.4173836708068848,-9.967396072439245,-5.016323566436768,-8.300412001500604,-3.905628442764282,-7.790072489429164,-4.698081970214844,-4.800382543156165,-3.6250617504119873,-4.749987117342047,-3.2001872062683105
法人・団体管理的職業従事者,120420,112010,8400,-6.832614046926717,-4.665305137634277,-7.201007659370835,-4.710716247558594,-6.455403058583499,-4.734596252441406,-6.852317065806003,-4.840576648712158,-7.353224022697856,-4.934020042419434,-7.653914219624287,-5.893941879272461
他に分類されない管理的職業従事者,55620,42480,13140,-10.156804259496791,-9.065299034118652,-10.245228200345426,-8.770462036132812,-9.834919514546868,-8.55240535736084,-9.79756957131463,-8.377628326416016,-10.339440462243466,-8.576972961425781,-10.379463099144601,-8.55047607421875
専門的・技術的職業従事者,10270980,5231410,5039570,-6.301850224269256,-3.893355369567871,-6.375989404884544,-4.262932300567627,-5.778708685445421,-3.367267608642578,-5.579210962798144,-3.473885059356689,-5.528068859158582,-4.325767517089844,-5.927657256255278,-4.4605793952941895
研究者,103910,79640,24280,-9.661978932737394,-0.7583644390106201,-9.877571804297936,-0.7369962930679321,-10.756011496973402,-9.295360565185549,-11.281276760874567,-9.130030632019045,-9.615559432342762,-8.413948059082031,-9.668144329174146,-8.846710205078125
自然科学系研究者,98020,75420,22590,-27.977769753405155,-7.900436878204346,-32.545052486497,-7.879369735717773,-22.58789464717603,-7.750006675720215,-26.682746384594893,-7.327943801879883,-8.606609888659179,-1.4572319984436035,-9.936523379506292,-2.9639906883239746
人文・社会科学系等研究者,5900,4220,1680,-7.87812990450677,-7.298776626586914,-7.830773459898459,-7.316693305969238,-7.6486140535077975,-7.065845489501953,-7.728487233857851,-7.126136779785156,-8.180724136701977,-7.159625053405762,-8.095770091623873,-7.602650165557861
技術者,2693290,2356170,337120,-9.445496735682013,-0.6489352583885193,-9.90609691674645,-0.6686391830444336,-10.47004811818363,-8.757662773132324,-10.971148143547612,-0.3031130731105804,-8.938171779836408,-7.993659019470215,-9.012025678479993,-8.343376159667969
農林水産・食品技術者,51140,39410,11720,-6.55673784336061,-2.5643715858459477,-6.415722724150967,-0.5822078585624695,-6.873434472630042,-1.5960431098937988,-6.729362834144283,-1.5064610242843628,-7.459330791735467,-5.796274185180664,-7.821542813971236,-5.957845211029053
電気・電子・電気通信技術者（通信ネットワーク技術者を除く）,305190,288400,16800,-7.2714422750109025,-4.415096282958984,-7.346786244495495,-4.399687767028809,-7.353486668972569,-4.356828212738037,-7.281726389317899,-4.320564270019531,-7.025916041308687,-3.92952299118042,-7.168764761976294,-6.24846076965332
機械技術者,242820,228640,14180,-8.070512680606988,-4.911025524139404,-8.153392498557633,-5.706460952758789,-7.848104072891119,-4.33006763458252,-7.586805472502837,-4.663488388061523,-6.9705013428025575,-5.116297245025635,-7.224131906354749,-5.48362398147583
輸送用機器技術者,137470,130040,7430,-21.094758408670206,-4.726044654846191,-24.897701666161822,-4.793071746826172,-26.547532037924263,-6.112749576568604,-27.034287993972367,-6.012321472167969,-6.754981768950251,-4.872386932373047,-6.585404663472562,-4.707435607910156
金属技術者,25660,24240,1430,-8.536263542320892,-4.994521141052246,-8.726860813192419,-5.1976423263549805,-8.019740013675836,-4.806068420410156,-8.019382038631955,-5.334419250488281,-7.161075832279584,-5.026951789855957,-7.404536047497311,-5.528337001800537
化学技術者,91350,73630,17730,-8.679700436482904,-5.506725311279297,-9.109450308052269,-6.335775375366211,-7.882465195109826,-4.611114025115967,-7.733642945418486,-4.739960670471191,-7.553560650075665,-5.588919639587402,-7.7942674482190935,-5.865261077880859
建築技術者,242580,211400,31180,-8.417202629205836,-5.426114082336426,-8.536237893877802,-5.775272369384766,-7.781790420299268,-4.752841472625732,-7.7743408776618335,-4.880380630493164,-7.9110374487083375,-5.933218479156494,-8.224357604980469,-6.473518371582031
土木・測量技術者,263870,249320,14550,-7.819939303944129,-5.305975914001465,-7.599527685726817,-0.0527273900806903,-7.411166624258493,-5.406678199768066,-7.590279240865965,-5.320347785949707,-7.41077715749959,-6.173289775848389,-7.3752505457079085,-6.524914264678955
システムコンサルタント・設計者,656770,555360,101410,-9.765761801304707,-2.7065176963806152,-9.83638528231028,-3.0735979080200195,-10.737540390655285,-9.166149139404297,-11.024287024059811,-5.372264862060547,-8.849781888131877,-4.833221435546875,-8.821977144963032,-4.823320388793945
ソフトウェア作成者,389760,317450,72310,-12.072489181547674,-7.257957935333252,-12.43433200346457,-7.0771260261535645,-11.431040392577193,-8.073688507080078,-11.448708933752936,-7.709129333496094,-10.270533630866131,-7.1303887367248535,-10.436728628906044,-7.002139091491699
保健医療従事者,3073950,897180,2176770,-11.124780458348399,-8.817517280578613,-11.120403431557321,-9.178682327270508,-10.91948635159558,-8.938175201416016,-11.321115371343252,-8.981493949890137,-10.72901829144427,-9.884136199951172,-10.911678829708615,-9.608497619628906
医師,303660,229560,74100,-100.0,-100.0,-100.0,-100.0,-100.0,-100.0,-100.0,-100.0,-100.0,-100.0,-100.0,-100.0
歯科医師,98340,72050,26300,-5.409474702168057,-0.1876272112131118,-3.5411107665985018,-0.1611191630363464,-5.73579013131502,-0.2237393260002136,-5.066686449723469,-0.1623204499483108,-7.458507286683294,-5.001277446746826,-7.582530801360671,-5.469759941101074
獣医師,24680,16690,8000,-9.410197822192243,-7.436012268066406,-9.533427705635896,-6.205151081085205,-7.964160256713401,-5.685347557067871,-9.229848433185268,-4.701440334320068,-7.71960978107598,-6.6874542236328125,-7.953967597033526,-6.707761287689209
薬剤師,243650,86110,157540,-8.236077094919809,-0.2041497379541397,-7.830601855206329,-0.1684330850839615,-10.181773005323556,-0.4254095256328583,-10.129536429772505,-0.1437510997056961,-11.396667764387058,-9.288543701171877,-12.037578267020148,-9.322463989257812
保健師,49110,1570,47550,-10.051831143502971,-1.7683101892471311,-10.724158248385868,-2.851041793823242,-10.876460905293472,-7.257732391357422,-11.794946644757244,-8.55356502532959,-9.771993280367086,-4.999770164489746,-10.230291598551982,-8.741205215454102
助産師,27550,-,27550,-11.580069461851629,-5.024267673492432,-11.675173833563521,-5.036575794219971,-10.875366170897738,-4.436595916748047,-10.484698898083455,-4.102971076965332,-11.622138037936377,-4.425714492797852,-11.895630147006061,-10.267313957214355
看護師（准看護師を含む）,1385950,106810,1279140,-0.072524236806647,-0.0051933145150542,-0.059314776259172405,-0.0073081776499748,-0.017981655127902046,-0.0041387150995433,-0.018245855450151914,-0.0032421189825981,-0.06154938445973941,-0.0092975264415144,-0.05360737103792662,-0.0094205848872661
診療放射線技師,57490,42130,15360,-4.9917542968542525,-0.2384591698646545,-4.211190027965082,-0.2731373608112335,-5.929879210377467,-5.525136947631836,-5.971684883172448,-0.6422204971313477,-4.228405428182988,-0.1938722729682922,-3.0172874391884417,-0.2635582685470581
臨床検査技師,82720,22180,60530,-10.45816332431695,-0.1128699481487274,-11.228217244550988,-0.1725883334875106,-10.849352880288626,-9.498842239379885,-11.007982363571992,-9.65041446685791,-9.175224923450529,-0.6029058694839478,-8.501072208019528,-0.3660159409046173
理学療法士，作業療法士,202540,107160,95390,-6.689808522471945,-1.2094227075576782,-7.43912173122973,-1.6773117780685425,-11.508668825826572,-1.83526873588562,-11.429496494499412,-1.9888498783111568,-4.471328417763456,-1.1089684963226318,-4.742783448180637,-1.9755635261535645
視能訓練士，言語聴覚士,26930,5570,21360,-8.562686991145593,-2.6122794151306152,-8.752445071130186,-2.6711559295654297,-8.737470382952509,-4.775674819946289,-9.37367011083139,-5.591787815093994,-9.257197238106764,-6.208926677703857,-9.292031877749675,-6.631595611572266
歯科衛生士,128740,230,128510,-3.096626662002265,-0.1845991760492324,-1.6423363759106882,-0.1611191630363464,-4.689702066415139,-0.2237393260002136,-3.894580574655855,-0.1623204499483108,-7.840629861555026,-4.014543056488037,-8.359554806271115,-5.666052341461182
歯科技工士,39320,31990,7330,-9.487877802084421,-2.292366743087769,-7.86069126064713,-2.487422227859497,-13.426570600225725,-1.8042229413986208,-14.403704024649954,-2.440153121948242,-14.77317441692789,-12.036506652832031,-15.049019877975052,-11.588221549987791
栄養士,121310,5540,115770,-4.915421425386239,-0.0651483684778213,-3.3092888000668412,-0.0001914317981572,-4.426545960522961,-0.0082610808312892,-5.752640686350295,-0.0041873874142766,-7.0912330241603705,-5.076161861419678,-7.508546883995469,-5.512549877166748
あん摩マッサージ指圧師，はり師，きゅう師，柔道整復師,118210,85200,33010,-6.696376684967798,-1.411872625350952,-5.478837200113245,-1.2841674089431765,-9.391357687593416,-0.5260865092277527,-9.415005063688433,-2.2691097259521484,-9.19886681141744,-5.941423416137695,-8.950037572834942,-4.14169979095459
社会福祉専門職業従事者,1166790,197650,969140,-6.325407181987326,-1.3117820024490356,-6.790905236392407,-1.06841242313385,-5.744836716251519,-4.325276374816895,-5.792013819153245,-4.185810089111328,-5.044923265471713,-4.272828102111816,-5.069720500224346,-4.236786365509033
保育士,634080,19930,614150,-5.570849062167535,-0.0032501989044249,-4.759326723127349,-0.0430957153439521,-9.669455207941187,-8.458314895629883,-9.681594638254595,-0.0359757915139198,-8.439892852579364,-6.915098190307617,-8.775171859844312,-6.838249206542969
法務従事者,83750,67680,16070,-9.514121327236408,-0.6305459141731262,-9.760792213517266,-6.0024919509887695,-9.358423276711965,-8.235681533813477,-10.263370095676667,-0.1511643975973129,-9.318513724640125,-8.181829452514648,-9.372723998250189,-8.49711799621582
裁判官，検察官，弁護士,33710,27510,6190,-7.914510079012572,-0.4155663549900055,-8.088673366485414,-0.7264443039894104,-8.512080709442838,-6.753341674804688,-8.540210843086243,-6.555622100830078,-7.905323803879832,-6.7201690673828125,-8.011030206809172,-7.06920337677002
弁理士，司法書士,25560,20860,4710,-9.353772138437355,-0.0109815988689661,-9.093046699121997,-0.1303719729185104,-6.845025906581005,-0.0704611986875534,-7.451071307893741,-0.0448878891766071,-9.744893565432715,-7.821104526519775,-10.099734866941297,-8.266042709350586
経営・金融・保険専門職業従事者,190400,154840,35560,-4.985574751409866,-3.0198452472686768,-5.621712413994041,-3.0719308853149414,-3.7467433878483662,-2.676675319671631,-3.8632268502905562,-2.8362176418304443,-4.592206445359092,-3.3866851329803467,-4.807944059371948,-3.991311550140381
公認会計士,21850,17860,3990,-5.597189987888773,-0.288029134273529,-3.8913930743127256,-0.2472786009311676,-11.63275349239698,-0.0622756965458393,-13.280030629924825,-0.4653762578964233,-4.973920871283262,-3.4562041759490967,-5.163649844156729,-3.799630641937256
税理士,63850,53630,10220,-10.827682085847126,-0.2247824370861053,-7.086683837042467,-0.1321490257978439,-12.0149056492871,-7.011470317840576,-12.01475881286771,-0.0956307128071785,-11.847225181929028,-9.032011032104492,-11.779193691305212,-9.698833465576172
社会保険労務士,21780,14570,7210,-5.019600477837424,-1.5255999565124512,-5.190852526877378,-1.438014030456543,-7.478925648536391,-1.1554365158081057,-7.851883772257212,-2.583737373352051,-6.252827220290672,-2.457608699798584,-6.9834669635102555,-3.3303475379943848
教員,1429280,683430,745850,-8.474256172889971,-0.3167911171913147,-8.809887559430019,-0.3512980937957763,-9.00246344267867,-7.133790016174316,-9.138498618292648,-0.1366504877805709,-8.851907249625402,-8.223016738891602,-8.96032917177355,-8.127957344055176
幼稚園教員,143310,7680,135620,-11.391501433976734,-9.734529495239258,-11.89446743758949,-9.264365196228027,-10.377722230576376,-9.12482738494873,-10.667897933238262,-9.351231575012209,-13.271794035234525,-8.337789535522461,-13.853778832667583,-8.705031394958496
小学校教員,421160,156830,264330,-5.547580453730721,-0.6750118732452393,-5.398653605902517,-0.7302666306495667,-5.825321994665015,-0.5666694641113281,-6.462155774235725,-0.5790215134620667,-6.489309016074843,-5.067442417144775,-6.667702632981378,-5.06619930267334
中学校教員,231400,128460,102940,-7.397258365427264,-4.757221698760986,-7.105677210801357,-1.8293226957321167,-8.057342587536528,-4.751502990722656,-7.237051770493791,-4.718849182128906,-6.043065697182226,-4.795076370239258,-6.212478843895164,-4.607196807861328
高等学校教員,257460,167310,90150,-6.530979760730539,-4.701413154602051,-6.5555957684645785,-4.710775375366211,-7.75147701219748,-4.576455116271973,-6.789479477985485,-4.832948684692383,-5.801317939321503,-4.678361415863037,-6.014623013702598,-4.510369300842285
特別支援学校教員,78310,29600,48710,-18.63923045515104,-5.38454008102417,-23.949795403996028,-5.517473220825195,-12.51093984560202,-5.016146183013916,-17.24334228038788,-5.562433242797852,-8.144494741017581,-5.143334865570068,-9.261662641087094,-6.538561820983887
大学教員,179620,124700,54920,-8.547499811376325,-2.151858329772949,-8.808446086741782,-2.52022385597229,-8.687335807858533,-5.041691780090332,-8.138715766571664,-5.718612194061279,-7.088396385425829,-5.678516864776611,-7.293381314019899,-5.908344268798828
宗教家,100390,86070,14330,-8.273544287863578,-1.24607253074646,-8.350976081313314,-1.1856390237808228,-8.39388903770738,-6.593048572540283,-9.191207260698885,-6.932712554931641,-8.347461514800559,-7.634910583496094,-8.26981205553622,-7.578197956085205
宗教家,100390,86070,14330,-8.273544287863578,-1.24607253074646,-8.350976081313314,-1.1856390237808228,-8.39388903770738,-6.593048572540283,-9.191207260698885,-6.932712554931641,-8.347461514800559,-7.634910583496094,-8.26981205553622,-7.578197956085205
著述家，記者，編集者,114060,63390,50670,-8.000865759285352,-0.3906719386577606,-7.521553762458466,-0.3888729512691498,-10.95372539986181,-8.861469268798828,-11.001623235743594,-0.1540829986333847,-11.120260835603903,-9.377315521240234,-11.13597329887184,-10.127521514892578
著述家,30130,16060,14070,-10.25965217097115,-0.4884912371635437,-9.379208407692007,-0.483868658542633,-11.79071128641376,-9.753270149230955,-12.191933612565737,-9.504344940185549,-12.756914080554292,-11.081825256347656,-13.243606960451281,-11.765539169311523
記者，編集者,83930,47330,36590,-9.461743642810648,-0.3906719386577606,-9.769803562679806,-0.3888729512691498,-11.345048183703241,-8.861469268798828,-11.455228720061683,-0.1540829986333847,-11.124000680355625,-9.377315521240234,-11.13597329887184,-10.127521514892578
美術家，デザイナー，写真家，映像撮影者,317590,165310,152280,-5.553274579589675,-0.0032732500694692,-4.288367072708678,-0.002862405963242,-8.32383401225186,-0.0048825559206306,-8.35951484036097,-0.0036895077209919,-7.397646507234064,-5.647197723388672,-7.288645228949955,-0.0317263789474964
彫刻家，画家，工芸美術家,47320,22120,25200,-5.8826958444396045,-0.0915460810065269,-5.448437767455706,-0.1316720843315124,-8.545436225774633,-5.846767425537109,-8.431979375916558,-5.850467681884766,-9.259206287733472,-6.536263465881348,-9.097260452605582,-6.821080684661865
デザイナー,201100,96720,104390,-6.361689452865723,-0.0032732500694692,-5.057157997579968,-0.002862405963242,-10.227631991825117,-0.0048825559206306,-10.029202195247825,-0.0036895077209919,-8.504094633437296,-6.80809497833252,-8.74539467141133,-0.0317263789474964
写真家，映像撮影者,69170,46470,22690,-8.7493299136635,-0.878731369972229,-9.00382085748621,-6.284016132354736,-8.704202011341357,-7.735091686248779,-9.015684553094813,-6.627528667449951,-7.464330163620811,-5.647197723388672,-7.462559055637669,-5.409710884094238
音楽家，舞台芸術家,88250,54660,33580,-6.322496552503746,-0.856926679611206,-6.088527855438155,-0.8679095506668091,-8.54244299517333,-6.174778938293457,-8.822368873132241,-5.573274612426758,-8.448190991205113,-7.706879615783691,-8.463427150571668,-7.638397216796875
音楽家,26080,16100,9980,-6.512504330118194,-0.856926679611206,-6.134325876832008,-0.8679095506668091,-8.995598596470957,-7.386664867401123,-9.755331732131339,-7.181574821472168,-8.452973464063106,-7.706879615783691,-8.464369606327367,-7.638397216796875
舞踊家，俳優，演出家，演芸家,62160,38560,23600,-5.83989109155786,-1.779766321182251,-5.392558526348424,-1.9299633502960205,-6.8835788355528855,-4.591872215270996,-6.9266152156365886,-3.6233763694763184,-7.246112958165526,-5.8461127281188965,-7.144499983336474,-1.7671935558319092
図書館司書，学芸員,31080,6220,24850,-7.9874546582462225,-1.58928382396698,-7.186627653804985,-1.3582403659820557,-9.043931800900525,-4.380754470825195,-9.277834921269804,-4.815378189086914,-8.537548942420319,-6.849100112915039,-9.207752314773765,-7.366483211517334
個人教師（音楽）,70110,8860,61250,-46.78537851845035,-0.6330732107162476,-43.74139641144791,-0.5207122564315796,-85.67913393619406,-0.7780838012695312,-83.94303623647303,-0.8001487851142883,-100.0,-100.0,-100.0,-100.0
個人教師（舞踊，俳優，演出，演芸）,19810,4570,15240,-5.826829413421281,-2.795182943344116,-5.39736633204125,-3.777089357376098,-5.590055374698784,-3.243042230606079,-5.718741014197066,-4.116237640380859,-6.946557194222021,-5.845649242401123,-6.779253920993289,-5.494507789611816
個人教師（スポーツ）,120470,55720,64740,-47.29903742648263,-0.9470857977867126,-43.92575711575714,-0.8811551332473755,-85.74410100656611,-1.213462471961975,-84.02860202096603,-1.234468698501587,-100.0,-100.0,-100.0,-100.0
個人教師（学習指導）,226070,118210,107860,-8.285273839499204,-7.353690624237059,-8.37575610908302,-7.162654876708984,-8.107735935968297,-7.046461582183838,-8.092326518651602,-7.274839401245117,-7.6908215202448025,-6.970165252685547,-7.71986118200663,-6.801051139831543
個人教師（他に分類されないもの）,102960,24210,78740,-8.661554090849316,-2.738689661026001,-8.866894804142618,-2.7108616828918457,-6.972670731653694,-3.140472412109375,-7.1643051311776444,-3.129058361053467,-8.319577106082713,-3.7290737628936768,-8.211864732407236,-7.041629791259766
職業スポーツ従事者,11980,10940,1040,-8.834282154345331,-4.657619476318359,-8.404159407357913,-4.785762786865234,-8.083017684121169,-6.0882182121276855,-7.824453614853524,-5.257057189941406,-7.798498601403855,-5.715806007385254,-7.779760489592681,-5.614543914794922
通信機器操作従事者,17770,14340,3430,-7.427427197230681,-5.012919902801514,-7.719787465559469,-5.400927543640137,-7.315334873345062,-4.940556526184082,-7.620700062932195,-5.079198837280273,-5.83867432324941,-3.9704551696777344,-5.9609432832614795,-4.153369426727295
他に分類されない専門的職業従事者,309100,182330,126770,-10.06261275924799,-8.64823055267334,-9.767305432139215,-8.34280776977539,-9.221132300282253,-7.685891151428223,-9.01556381019386,-7.579757690429687,-11.410646613317592,-7.227049827575684,-11.537774288976514,-7.064391136169434
事務従事者,11756080,4600740,7155340,-100.0,-100.0,-100.0,-100.0,-100.0,-100.0,-100.0,-100.0,-100.0,-100.0,-100.0,-100.0
一般事務従事者,8096860,3101820,4995050,-7.937141160018571,-6.502485275268555,-8.077362540605906,-5.961848258972168,-7.185912583620493,-4.803485870361328,-7.379570962609471,-3.641815900802612,-6.283503193891685,-4.561914443969727,-6.169768581519255,-4.794778823852539
庶務・人事事務員,1057330,421240,636090,-8.285381251619063,-7.346564292907715,-8.425746640643558,-7.595857620239258,-8.360457438549012,-7.572871208190918,-8.706834100388193,-7.586490154266357,-7.869710518203619,-7.1605224609375,-8.093867247169083,-6.970221519470215
受付・案内事務員,369800,47960,321840,-8.79014307488012,-7.0081562995910645,-8.905169168034115,-6.5340962409973145,-7.136951752291381,-4.883925437927246,-7.214237934233293,-0.007706553209573,-7.257520111462542,-5.192915916442871,-7.283593425879607,-5.240302562713623
電話応接事務員,292540,64130,228410,-47.33104534003571,-7.989117622375488,-45.84806481567589,-8.256693840026855,-38.180297538524364,-9.375244140625,-49.84940780820073,-8.021103858947754,-51.25163439393953,-7.991127014160156,-55.06076353305095,-9.759775161743164
総合事務員,2639330,604330,2035000,-8.04639966251286,-5.957976818084717,-8.305026431341428,-5.660581111907959,-6.520200518251375,-3.9256343841552734,-6.460712109063123,-3.737739324569702,-6.586416350066207,-5.010810375213623,-6.488021741042266,-4.927605152130127
会計事務従事者,1523600,375940,1147660,-10.205494999430561,-0.1154245734214782,-10.191418454453752,-7.744077205657959,-10.850015753098116,-7.246743679046631,-11.249238858351836,-7.277194976806641,-11.45067346733035,-9.529335021972656,-11.57353722082602,-9.589550018310549
会計事務従事者,1523600,375940,1147660,-10.205494999430561,-0.1154245734214782,-10.191418454453752,-7.744077205657959,-10.850015753098116,-7.246743679046631,-11.249238858351836,-7.277194976806641,-11.45067346733035,-9.529335021972656,-11.57353722082602,-9.589550018310549
生産関連事務従事者,584650,396420,188230,-7.313481410951105,-5.587364196777344,-7.637775775548574,-5.730964660644531,-6.9577788069048,-5.747137069702148,-7.048462954727379,-5.700771331787109,-7.1692918129549685,-6.206592559814453,-7.253619181143271,-5.943988800048828
生産関連事務従事者,584650,396420,188230,-7.313481410951105,-5.587364196777344,-7.637775775548574,-5.730964660644531,-6.9577788069048,-5.747137069702148,-7.048462954727379,-5.700771331787109,-7.1692918129549685,-6.206592559814453,-7.253619181143271,-5.943988800048828
営業・販売事務従事者,872440,417090,455350,-8.066667731481655,-6.128455638885498,-8.278089091584489,-5.841207504272461,-6.764917956053756,-4.86665153503418,-7.3538518886308415,-4.466160297393799,-6.947972206668999,-5.957426071166992,-6.833913935197367,-6.1885528564453125
営業・販売事務従事者,872440,417090,455350,-8.066667731481655,-6.128455638885498,-8.278089091584489,-5.841207504272461,-6.764917956053756,-4.86665153503418,-7.3538518886308415,-4.466160297393799,-6.947972206668999,-5.957426071166992,-6.833913935197367,-6.1885528564453125
外勤事務従事者,77390,27130,50260,-10.202833255738703,-8.080824851989746,-10.38240089287629,-8.366922378540039,-10.26956158193923,-5.342839241027832,-10.229805340638032,-5.601533889770508,-8.79833780172217,-7.163215637207031,-8.765616220396918,-7.480668067932129
集金人,18690,7060,11630,-8.59947683610989,-6.060419082641602,-9.00896962913307,-7.025609016418457,-8.884804241529858,-5.852408409118652,-8.775951275954375,-5.715208053588867,-7.621337490227386,-6.2368879318237305,-7.839015364646912,-5.940752506256104
調査員,24460,10360,14090,-8.996493812735753,-7.651270866394043,-9.202622487738326,-7.815895080566406,-9.188770723706893,-7.823304653167725,-9.846848449191532,-7.953700065612793,-9.046393718428284,-7.471294403076172,-9.216537082517469,-7.769378662109375
運輸・郵便事務従事者,364410,221720,142700,-9.49561957366594,-7.848950386047363,-9.698447891183802,-7.738973617553711,-7.637510084923897,-5.766685485839844,-7.916605105271211,-5.509659290313721,-8.163082279321802,-6.519161224365234,-7.8986113586941284,-6.779754638671875
運輸事務員,217830,155350,62480,-9.167477800645901,-6.877005577087402,-9.259260541683918,-6.541412830352783,-7.034497475806083,-4.988901615142822,-7.015562154151298,-4.857811450958252,-7.2884001003876895,-5.622039794921875,-7.334205749872568,-5.585350036621094
郵便事務員,146590,66370,80220,-9.602982994254308,-7.061846733093262,-9.669624383385116,-6.457347869873047,-7.506193204690482,-4.753864765167236,-7.19506565300194,-4.191108226776123,-7.665064749826912,-5.7257843017578125,-7.711762460502419,-5.782733917236328
事務用機器操作員,236720,60630,176100,-42.90586005640394,-5.439732551574707,-45.1620196426237,-5.506250858306885,-81.24830692597018,-5.079938888549805,-85.31191171182168,-4.936891555786133,-36.19735856820609,-5.185225009918213,-46.6865466317615,-5.022432327270508
パーソナルコンピュータ操作員,58290,20620,37670,-6.921788687014398,-0.4722204208374023,-5.876004729319263,-0.7054949998855591,-7.756160434534531,-0.1774151474237442,-8.083434034340286,-0.176518976688385,-11.092791047715048,-9.968393325805664,-11.271576797640002,-10.447312355041504
データ・エントリー装置操作員,155710,26050,129660,-56.4052797128226,-19.4743766784668,-60.90771560411196,-19.601341247558597,-61.14884903594738,-19.71042251586914,-83.5156298714715,-19.57583236694336,-50.024011670178126,-18.50139617919922,-86.02184722230241,-19.10140609741211
販売従事者,6797870,3677260,3120600,-100.0,-100.0,-100.0,-100.0,-100.0,-100.0,-100.0,-100.0,-100.0,-100.0,-100.0,-100.0
商品販売従事者,3704260,1304570,2399690,-8.063566378964723,-6.707991123199463,-8.16210339842616,-6.095139980316162,-7.670262162011999,-5.534466743469238,-8.258693041028204,-5.646843433380127,-7.198761055487712,-6.031688213348389,-7.148428146903579,-6.070216178894043
小売店主・店長,303970,214400,89570,-7.162803810061389,-3.7688474655151367,-7.613311928671759,-4.297338008880615,-7.15638854098684,-0.2978472411632538,-7.468193865104301,-0.1250779330730438,-8.059358545842061,-6.587620735168457,-8.08506997855934,-7.290080547332764
卸売店主・店長,42430,36810,5620,-8.427229142371024,-6.725966930389404,-8.893549207094553,-6.434871673583984,-7.967016940580979,-0.2978472411632538,-8.18335609399789,-0.1250779330730438,-8.025778854166278,-6.6816182136535645,-8.057348373773936,-7.290080547332764
販売店員,3291060,1006170,2284900,-7.843483546307978,-4.835291862487793,-8.143528461456299,-4.9534912109375,-8.06946510213022,-2.9839792251586914,-8.042800553747126,-2.9881720542907715,-7.191206098512839,-4.426244735717773,-7.2387053773209855,-5.0754923820495605
商品訪問・移動販売従事者,23200,10540,12670,-8.109406747890793,-6.909938335418701,-8.014152459196142,-6.507235050201416,-7.798572460203681,-5.46818208694458,-7.843662403725289,-5.598808765411377,-7.708702680718808,-6.797657012939453,-7.945797588374163,-6.549114227294922
再生資源回収・卸売従事者,14090,12840,1250,-6.926113984057012,-5.384060859680176,-6.953241254832293,-4.88569974899292,-6.686347571948103,-5.097729682922363,-6.818722728136423,-4.438701629638672,-5.979121168151156,-4.90582275390625,-5.920712126267923,-4.991096496582031
商品仕入外交員,29500,23830,5680,-44.49012500821179,-6.676833152770996,-43.60760745486698,-6.722507476806641,-34.98927007194694,-6.519742965698242,-34.03178886465124,-6.616943836212158,-8.718735087008877,-6.61187219619751,-10.361945725776053,-6.645315647125244
販売類似職業従事者,416210,229920,186290,-8.288951083904005,-6.395290851593018,-8.82820664225398,-6.024142742156982,-8.181501563268764,-6.12772798538208,-7.972840785980225,-5.999222755432129,-8.088784519952672,-6.765308380126953,-8.135593610840875,-7.199646949768066
不動産仲介・売買人,99270,72480,26790,-2.0515467176455577,-0.1064040437340736,-2.3580044200392187,-0.0975718572735786,-3.8696709350888967,-0.0635880604386329,-3.951512466159624,-0.0637052878737449,-7.182851558423224,-5.387801170349121,-7.256628001058424,-5.89280366897583
保険代理・仲立人（ブローカー）,25610,18090,7520,-6.8232156183883435,-0.4718081951141357,-7.270353477548909,-1.626653075218201,-7.642910138341307,-5.512407779693604,-7.656047572960725,-5.059999942779541,-8.202373854076589,-6.039041519165039,-8.589774856696257,-6.130982875823975
営業職業従事者,2677390,2142770,534630,-11.517426614542954,-8.276254653930664,-11.544276475906372,-7.68830394744873,-10.480727843655885,-8.555198669433594,-10.712201685518831,-7.9736785888671875,-9.82660327066902,-8.206352233886719,-9.762417232668078,-8.323184967041016
医薬品営業職業従事者,83260,72070,11180,-33.87071494473756,-3.3463985919952397,-23.03196918481105,-2.9777615070343018,-5.708891594682941,-1.601751685142517,-5.870396971702576,-4.974160671234131,-6.4509937199017475,-5.737742900848389,-6.375729406202161,-5.342886924743652
機械器具・通信・システム営業職業従事者,581280,527630,53640,-8.76290277670358,-6.852587699890137,-8.665944585929045,-6.446048736572266,-9.764470227802073,-7.547187805175781,-9.671266291592572,-7.218305587768555,-9.134134791279568,-7.361477851867676,-9.099398194132624,-7.227989196777344
金融・保険営業職業従事者,467050,224690,242360,-11.087416051908304,-9.25418472290039,-11.579437803577733,-9.772501945495604,-11.220797436837932,-8.548574447631836,-11.47336024207038,-8.68242073059082,-10.65011090722703,-8.756019592285156,-11.01176278011219,-9.146114349365234
不動産営業職業従事者,138640,109080,29560,-12.370083080903264,-10.53770637512207,-12.48334973426284,-0.2089727222919464,-12.571994533804991,-0.0846996456384658,-12.870222558040876,-0.0907882452011108,-13.785332716148318,-12.544483184814451,-13.947491968000257,-13.083723068237305
サービス職業従事者,6846830,2128320,4718510,-10.609112502964399,-7.70603609085083,-10.73022101698695,-7.694438934326172,-9.58764149760472,-7.447172164916992,-9.843750425287196,-6.736587047576904,-8.045429924972185,-6.066367149353027,-7.812666235743342,-5.999312400817871
家庭生活支援サービス職業従事者,20820,1160,19660,-53.627802666817004,-6.177000999450684,-51.78809319960104,-9.625926971435549,-89.7191244154486,-9.632375717163086,-90.30486170021263,-9.715291976928713,-50.56128499708103,-9.030600547790527,-54.27573227882385,-9.247533798217772
家政婦（夫），家事手伝い,7250,140,7120,-6.072687654094842,-1.2241650819778442,-5.365729509575947,-0.8850811719894409,-9.507318482599185,-0.6154808402061462,-9.760603520113069,-0.8021543622016907,-9.97181429025781,-1.6378799676895142,-11.151343719379321,-1.642423391342163
介護サービス職業従事者,1634740,389720,1245020,-10.378959970506093,-0.0214668810367584,-10.765082514064538,-0.0138138458132743,-11.712640514519094,-0.0105769773945212,-11.712550646549946,-8.135211944580078,-13.06466327550757,-10.509021759033203,-13.028097230034906,-10.666184425354004
介護職員（医療・福祉施設等）,1358960,357800,1001160,-5.7674062600544165,-0.0229004025459289,-5.844112167487273,-4.931956768035889,-6.460585186499675,-4.704616546630859,-6.6809643635878695,-4.450089454650879,-5.795958613621369,-4.969219207763672,-5.818465503486427,-5.055178642272949
訪問介護従事者,275770,31920,243860,-8.068158322618208,-3.0824062824249268,-7.666382520585446,-3.055471420288086,-8.722335686210458,-3.1766674518585205,-8.199332884840063,-3.1169707775115967,-5.779041173803897,-4.690208435058594,-5.873505846874134,-5.3056745529174805
保健医療サービス職業従事者,305500,18150,287350,-41.25256309800476,-9.556352615356444,-51.81014851621679,-10.978915214538574,-88.42157352971667,-8.601136207580566,-95.1853936362911,-10.247583389282228,-35.96057477616172,-10.941906929016112,-42.279720357946445,-11.305368423461914
看護助手,138040,10400,127640,-4.076700032183915,-0.0137587022036314,-2.937550212734857,-0.0073081776499748,-9.05679753509471,-0.0042861504480242,-9.551917426752215,-0.0032421189825981,-12.684392463159925,-8.903839111328125,-12.675589161950189,-9.175262451171877
生活衛生サービス職業従事者,750420,227520,522900,-6.12959825355588,-3.0918197631835938,-6.538279357794169,-2.836722612380981,-6.856281720954954,-4.732048034667969,-7.067710609049411,-5.073256969451904,-5.623715755593686,-3.8169057369232178,-5.8339687682486865,-4.4981231689453125
理容師,140770,82700,58080,-9.416580492303572,-1.3200252056121826,-7.349052947517988,-0.9481736421585084,-9.244331348943346,-1.5446176528930664,-8.548249949474592,-0.9149264097213744,-10.413141243330395,-8.849065780639648,-10.230741687723109,-8.4420166015625
美容師,351060,88440,262630,-2.8349098369962613,-0.0307100433856248,-2.3387052447384074,-0.018934341147542,-7.9916019939341165,-0.012946244329214,-7.5197832947156416,-0.0113611882552504,-10.237975251583652,-8.821513175964355,-9.242174837115297,-0.0121355997398495
美容サービス従事者（美容師を除く）,119220,5310,113910,-2.291887499093441,-0.0300282090902328,-2.0325811913211806,-0.018934341147542,-8.809660568740929,-0.012946244329214,-7.9483370582598285,-0.0123850079253315,-10.605209874742814,-8.848438262939453,-10.513153817202594,-8.294943809509277
浴場従事者,34540,12610,21930,-8.349178008450806,-6.934448719024658,-8.842362677728808,-7.112726211547852,-8.084391484733755,-6.894568920135498,-8.980855986878678,-6.678560256958008,-8.027766198602341,-7.204448699951172,-8.358699508615443,-7.665397644042969
クリーニング職，洗張職,104820,38460,66360,-10.956115096579982,-8.667521476745605,-11.42606961404955,-9.2237548828125,-11.019309924759028,-6.598074913024902,-11.225889908300864,-9.361796379089355,-10.596607761528656,-8.93221664428711,-11.015882814252699,-9.098932266235352
飲食物調理従事者,1829800,708530,1121260,-12.322220147111034,-7.995197296142578,-12.763059719188794,-8.677881240844727,-13.1797950395191,-10.168858528137209,-13.035444201649847,-9.863139152526855,-12.614611174314076,-9.915672302246094,-12.581754594235807,-8.663833618164062
調理人,1822470,702590,1119870,-7.264183306512032,-0.1728761941194534,-4.957341220884307,-0.0627950727939605,-8.84076831654738,-0.1328786760568618,-9.061869990684697,-0.1189567446708679,-8.734062831820422,-7.092897415161133,-8.769936484259528,-7.6379475593566895
バーテンダー,7330,5940,1390,-12.127574480216921,-2.113455295562744,-8.584973158063116,-1.8263616561889648,-16.45612025806922,-14.581701278686523,-16.20394537577758,-3.186845302581787,-16.168518080966162,-14.23756980895996,-16.36247752808236,-14.41533660888672
接客・給仕職業従事者,1452570,453280,999290,-7.768637239591766,-0.1391452699899673,-7.448736384913728,-0.2053308486938476,-7.724652359276328,-0.0827045738697052,-7.261429818724659,-0.0360841117799282,-8.28225945698396,-6.3026275634765625,-8.273100443788477,-6.269845962524414
飲食店主・店長,114270,54020,60250,-7.152459188272025,-0.294539213180542,-6.761753401643521,-0.3554179072380066,-7.464738189719106,-0.1307119876146316,-7.6716623083763835,-0.1250779330730438,-7.588035303217764,-5.053189754486084,-7.76747371699359,-5.884584426879883
旅館主・支配人,24510,17060,7450,-7.560932712700531,-0.9818732738494872,-7.571919407796216,-0.5335990190505981,-7.533515446058667,-6.344203472137451,-7.703599781603427,-5.905279159545898,-7.721898246357459,-6.788422584533691,-7.862226737512125,-7.133851528167725
飲食物給仕・身の回り世話従事者,887020,199290,687730,-8.905021580120989,-2.147850513458252,-9.893280486802798,-2.14676284790039,-8.45614786548469,-2.1530961990356445,-8.857020097809869,-2.121478319168091,-8.923961655784199,-2.0302846431732178,-8.561805715432039,-2.23903489112854
接客社交従事者,18460,2370,16090,-7.992986633236171,-0.2248507887125015,-7.658466833064685,-0.2053308486938476,-8.258530545780676,-0.0827045738697052,-8.010330565928205,-0.0535493046045303,-8.383604238961489,-7.247025489807129,-8.534392878815934,-7.628284454345703
娯楽場等接客員,408310,180540,227770,-18.22348759192547,-17.18755340576172,-18.16639892475025,-17.136768341064453,-17.353047378190603,-16.377605438232422,-17.261267713598304,-15.770191192626951,-17.61192390208936,-16.714820861816406,-17.43959634368484,-16.531219482421875
居住施設・ビル等管理人,239760,179250,60510,-6.208509681789019,-4.242195129394531,-6.59746846315023,-4.383451461791992,-5.982815327535149,-4.8711652755737305,-5.9829555363268465,-4.473219871520996,-5.280678126648183,-4.111071586608887,-5.545748891057195,-4.380245208740234
マンション・アパート・下宿・寄宿舎・寮管理人,146920,101240,45680,-6.102278252594344,-2.008939504623413,-6.489328132942319,-0.0848846212029457,-5.661424716920343,-3.5483169555664062,-6.2566593772656205,-3.8333873748779297,-6.0032570635089435,-4.845160007476807,-6.3606551498980135,-5.397502899169922
ビル管理人,42610,34440,8170,-10.40768384205476,-6.511015892028809,-10.645201815141213,-7.322729587554932,-8.590910813280644,-5.69786548614502,-8.740163635563206,-5.926892757415772,-7.864140099241533,-5.3712358474731445,-8.136305773580396,-5.486848831176758
駐車場管理人,50230,43560,6670,-8.268814017754474,-5.57696533203125,-8.437863127605334,-5.796341896057129,-9.263289236840402,-5.984331130981445,-9.218391856631717,-5.941035270690918,-7.95455542411513,-6.680273056030273,-8.429163716934823,-6.8794684410095215
旅行・観光案内人,15860,7390,8470,-10.42236901785581,-7.790970802307129,-10.998500891633936,-7.985211372375488,-10.569223454890361,-7.980310440063477,-10.449998881365802,-8.18120288848877,-10.193899398541632,-7.946740627288818,-10.255170928465354,-7.743320941925049
物品一時預り人,910,360,550,-6.410091261827309,-5.354308605194092,-6.498278070140529,-5.084704399108887,-5.935349883014009,-4.799639225006104,-5.9135585153425065,-4.829112529754639,-6.799438804160547,-5.720433235168457,-6.6870953360119385,-5.083910942077637
物品賃貸人,63760,36140,27630,-40.154766614200504,-6.98166561126709,-40.33377772408563,-6.878785133361816,-80.24234048464827,-7.144131660461426,-74.45567074337521,-7.126862525939941,-12.43738753923023,-6.463627815246582,-20.86233473146284,-6.830202102661133
広告宣伝員,26890,9360,17530,-10.573106985965758,-3.1376633644104004,-10.558401641008016,-2.7185661792755127,-11.25308297426646,-9.059803009033203,-11.453018111151618,-9.08175277709961,-11.424391677361408,-7.961400508880615,-11.546266868307784,-7.834736347198486
葬儀師，火葬作業員,49200,26300,22900,-10.059568547110521,-6.591913223266602,-11.044605187467626,-6.59816837310791,-10.365521183450713,-5.850126266479492,-10.634779066652865,-6.2530364990234375,-12.51936831001107,-8.18413257598877,-12.608043773754224,-9.13898468017578
他に分類されないサービス職業従事者,456590,71160,385430,-54.49137812898359,-8.285747528076172,-69.29936256279817,-7.85089635848999,-71.58926239086472,-7.933197498321533,-79.031319418469,-7.220413208007812,-96.61897002649671,-10.791465759277344,-98.21201694333875,-11.516735076904297
保安職業従事者,1104210,1019900,84310,-10.424216765483827,-8.574652671813965,-10.36298996371192,-7.428786754608154,-10.055565171569357,-7.516861438751221,-10.040894182952675,-7.678134918212891,-9.765607215065993,-8.330768585205078,-9.609199697906906,-8.323990821838379
保安職業従事者,1104210,1019900,84310,-10.424216765483827,-8.574652671813965,-10.36298996371192,-7.428786754608154,-10.055565171569357,-7.516861438751221,-10.040894182952675,-7.678134918212891,-9.765607215065993,-8.330768585205078,-9.609199697906906,-8.323990821838379
自衛官,230380,210390,19990,-12.156371760914343,-2.6987245082855225,-12.098377430761182,-3.078100204467773,-12.259411644389612,-8.803544044494629,-12.255566932059622,-8.535295486450195,-13.30003096311147,-11.47455596923828,-13.304201093879906,-11.42512321472168
警察官，海上保安官,251160,220960,30200,-6.330738005747322,-0.4828206300735473,-6.509004829703151,-0.489381194114685,-8.454472290650578,-6.524091720581055,-8.539816263559702,-6.507003307342529,-7.757860948111265,-6.4883575439453125,-7.932276071728887,-7.135683059692383
消防員,148580,144230,4350,-9.159389168251561,-7.919996738433838,-9.486000415441152,-8.113349914550781,-8.879168051799745,-7.161247253417969,-9.546110839457125,-6.910626411437988,-8.5330971797914,-7.541314601898193,-8.6955288100887,-7.630667686462402
警備員,374690,357250,17440,-9.331948877290914,-7.518484115600586,-9.590423229578379,-8.34432315826416,-9.336826062384452,-8.131194114685059,-9.510129638620326,-8.311541557312012,-8.353860396465272,-6.766185760498047,-8.591547779134801,-7.490499973297119
他に分類されない保安職業従事者,84720,73910,10810,-55.69817677708983,-11.33450412750244,-69.72915735115876,-10.805089950561523,-73.75293934072246,-10.30837345123291,-79.74540814837894,-10.69515609741211,-99.32204236329056,-11.187549591064451,-100.0,-100.0
農林漁業従事者,1898800,1205200,693600,-8.59800790466425,-6.334553718566895,-8.754941221830007,-6.735539436340332,-7.969504885091126,-1.3789278268814087,-8.150745144566974,-1.842905640602112,-10.218920474744024,-7.471794128417969,-10.321369886398315,-7.816684722900391
農業従事者,1735160,1067910,667250,-100.0,-100.0,-100.0,-100.0,-100.0,-100.0,-100.0,-100.0,-100.0,-100.0,-100.0,-100.0
農耕従事者,1452780,850400,602380,-7.4593015481497496,-6.090015411376953,-8.031238352930224,-4.501218795776367,-8.492708584734501,-4.933405876159668,-9.243630444681322,-6.216800212860107,-6.586478335256795,-5.186383247375488,-7.06775869872119,-5.906122207641602
養畜従事者,154470,99790,54670,-6.607500684170323,-5.714962482452393,-6.899618300231728,-5.735440254211426,-6.201115986773076,-4.982200622558594,-6.528589345313407,-4.774636745452881,-7.025799558362888,-6.19191837310791,-7.280839881381473,-6.291429996490479
植木職，造園師,122810,113350,9460,-7.0140455863403,-0.3379096984863281,-7.449939353039136,-0.3037507832050323,-8.462068887839791,-0.2910162508487701,-8.751503404934663,-0.2951602339744568,-9.702639674412385,-7.565635681152344,-9.546283499614612,-7.071025848388672
林業従事者,43710,40980,2730,-4.940297630907015,-3.531805992126465,-5.085277404334094,-3.8635623455047607,-5.623853321293838,-3.656359910964966,-6.323452752989692,-3.6073946952819824,-4.537995595058412,-3.5725209712982178,-4.354602459314707,-3.628765344619751
育林従事者,17480,16160,1320,-5.618421368926536,-4.180797576904297,-6.0281668128194035,-4.344557762145996,-5.761680273609307,-3.854048252105713,-6.213642941938864,-3.776943206787109,-6.446458370630978,-3.5265495777130127,-6.7902504688984635,-4.658229827880859
伐木・造材・集材従事者,20480,19990,490,-6.2709416651543775,-4.977668762207031,-6.13139874709619,-3.811813116073608,-5.668287226261984,-3.469473600387573,-5.7149361774728105,-2.586020231246948,-6.03192637348903,-3.870162487030029,-6.145720881384772,-4.902137756347656
漁業従事者,119930,96310,23620,-5.077256006138925,-3.7660813331604,-5.117611298689971,-3.873083114624024,-5.398630033012565,-4.181375026702881,-6.066185754698676,-4.096890449523926,-4.550423613031402,-3.84025502204895,-4.314682522335568,-3.722744464874268
漁労従事者,66470,57690,8780,-8.267743332695416,-6.44782018661499,-8.40540293100718,-5.235209465026856,-7.833361108794467,-4.850950717926025,-7.770029312855488,-4.585314750671387,-7.939197474763594,-6.701143264770508,-8.187314097945755,-7.25148344039917
船長・航海士・機関長・機関士（漁労船）,6510,6490,10,-8.08143216417036,-2.804873466491699,-8.185139929926073,-6.430716514587402,-7.701748483963595,-5.966660499572754,-7.948694676966281,-6.255986213684082,-7.130313199895029,-6.174447059631348,-7.120325536341281,-6.287475109100342
海藻・貝採取従事者,10280,7380,2900,-7.014471108676823,-5.248251438140869,-7.1286787584021285,-3.825942277908325,-6.789495300700646,-5.1497955322265625,-6.853608195846145,-4.305647850036621,-6.082440991438072,-4.989419937133789,-6.1828812425201,-4.62903356552124
水産養殖従事者,33980,23960,10020,-7.941945407226796,-2.043878555297852,-8.05747506586281,-2.3008644580841064,-8.155719851719514,-6.88602352142334,-8.538290204228582,-6.667953014373779,-8.788694603752544,-7.0814361572265625,-8.784961523236456,-7.367146015167236
生産工程従事者,7534000,5263320,2270670,-9.343799052347663,-6.938342571258545,-9.650944158837602,-7.058299541473389,-8.609736358846417,-6.775845527648926,-9.598733837540085,-6.549069404602051,-8.56457663310393,-6.781070232391357,-8.800930145624521,-7.2937331199646
製品製造・加工処理従事者（金属製品）,1073520,970440,103080,-8.11926076248402,-6.907222747802734,-8.082223711787043,-5.750741004943848,-7.454662126439218,-5.935970783233643,-7.4601942461890145,-5.7984161376953125,-6.956529813868399,-5.793922424316406,-6.870500777218793,-5.795368671417236
製銑・製鋼・非鉄金属製錬従事者,39090,37830,1250,-6.680912327220422,-4.311911582946777,-7.591098849837844,-4.6318182945251465,-7.156774899431768,-3.887030124664306,-7.602960618766579,-4.087185859680176,-6.065569368027549,-4.194236278533936,-6.352441417204367,-4.831150531768799
鋳物製造・鍛造従事者,36120,34420,1700,-17.089549476465653,-0.0649369135499,-18.60226147136072,-0.0602347739040851,-18.903726548638964,-16.27603530883789,-19.180959186038457,-16.858745574951172,-19.36328770004156,-17.651721954345703,-19.594828631426836,-17.464656829833984
金属工作機械作業従事者,152140,139960,12180,-12.033728737867515,-8.297859191894531,-12.353032414977616,-8.397052764892578,-12.745385985338052,-10.309626579284668,-12.863076802846548,-10.93240451812744,-10.379992579685823,-8.072784423828125,-10.457270151860005,-7.948593139648437
金属プレス従事者,61420,52140,9280,-6.156176665357051,-4.424396514892578,-6.092627364235955,-4.53814697265625,-5.457326141022544,-3.845703840255737,-5.4239573800886,-4.071941375732422,-4.728876583448804,-2.9460222721099854,-4.541701974095525,-3.207109212875366
鉄工，製缶従事者,53660,51960,1700,-4.6729914050065835,-3.4798858165740967,-4.664875318875184,-3.738214015960693,-5.391631912639123,-4.219931125640869,-5.432631270305531,-4.166404724121094,-5.378903365317192,-3.972060441970825,-5.578693921501572,-4.455350399017334
板金従事者,73170,69470,3710,-8.545967917405923,-7.102367401123047,-8.753024452441448,-6.681243896484375,-7.989503623875043,-5.828734397888184,-8.366047224482974,-5.815223217010498,-8.45718275317709,-7.795510292053223,-8.590654746906177,-7.737370491027832
金属彫刻・表面処理従事者,37220,32700,4510,-5.851365548053771,-4.092307567596436,-6.251986107310733,-4.225406169891357,-5.033030484468882,-3.347773313522339,-5.368709612537074,-3.925865173339844,-4.637939303885889,-3.3839662075042725,-4.9108228957330855,-3.933790445327759
金属溶接・溶断従事者,163710,157300,6410,-6.716816268804419,-4.7560224533081055,-6.683966923404384,-4.546302318572998,-6.0306874195128,-4.642313957214356,-5.9909260949573,-5.079037189483643,-5.196935366128237,-3.786701440811157,-5.246548829851924,-3.934850454330444
製品製造・加工処理従事者（金属製品を除く）,3018290,1635240,1383050,-8.11926076248402,-6.907222747802734,-8.082223711787043,-5.750741004943848,-7.454662126439218,-5.935970783233643,-7.4601942461890145,-5.7984161376953125,-6.956529813868399,-5.793922424316406,-6.870500777218793,-5.795368671417236
化学製品製造従事者,219640,168950,50690,-8.969666659377003,-7.446715831756592,-9.01117411497477,-7.085045337677002,-8.074264682886255,-5.409718990325928,-8.014310601595286,-5.487110614776611,-8.04612602350366,-6.541155815124512,-8.112190143482104,-6.82002067565918
窯業・土石製品製造従事者,139770,117400,22370,-10.938523853098163,-8.537971496582031,-11.074947105871665,-8.145280838012695,-10.809276018433899,-1.384521722793579,-10.396511020289886,-0.4694096446037292,-10.928099370184745,-8.05180835723877,-10.997321161063942,-8.616493225097656
食料品製造従事者,1227480,476590,750890,-6.294399256014642,-1.5012649297714231,-5.733860516870344,-1.6510440111160278,-9.629753940888033,-1.975785493850708,-9.048794635244318,-1.861401915550232,-9.246410610111615,-7.798058986663818,-9.428144158543768,-8.304035186767578
飲料・たばこ製造従事者,45150,34290,10850,-6.070964944271641,-4.567524433135986,-6.457280345865198,-4.788329124450684,-7.181031114272489,-5.084488868713379,-7.39459726617143,-4.166663646697998,-5.480091331569293,-4.409000396728516,-5.887439763223803,-5.256230354309082
紡織・衣服・繊維製品製造従事者,274370,88650,185720,-8.282647302758148,-0.0770803913474083,-8.220636525719955,-0.0730324909090995,-7.6631771923817755,-0.0625956580042839,-8.162248617818427,-0.0620319284498691,-7.8111954390547655,-6.379963397979736,-7.940065032727009,-6.713041305541992
木・紙製品製造従事者,273160,214470,58690,-8.935189582009352,-7.304374217987059,-9.017773115957105,-7.437522888183594,-8.141555549534223,-4.478786945343018,-8.112969414607898,-4.880423545837402,-8.058736593668698,-6.427055358886719,-8.060911081932687,-6.59382963180542
印刷・製本従事者,180700,126450,54250,-7.211565742055878,-5.115846633911133,-7.561433157405338,-4.941108226776123,-8.048173005344303,-6.227736473083496,-8.547827652982763,-6.40948486328125,-6.692513964558375,-5.9673991203308105,-6.653399805764894,-5.843021392822266
ゴム・プラスチック製品製造従事者,298880,219140,79740,-6.497006882238024,-0.969796061515808,-6.791467377462903,-1.2466650009155271,-8.30121563409121,-7.306023120880127,-8.251708484179265,-1.1625155210494995,-9.02285356103009,-1.2345707416534424,-8.95771724468953,-7.907503128051758
機械組立従事者,1261100,969420,291680,-7.039617130774578,-5.100582122802734,-6.613849391808381,-5.512363433837891,-7.9769312771222065,-5.291952133178711,-7.851692824750333,-3.655049324035645,-6.885861582428444,-5.832365036010742,-6.99535439465497,-5.805683135986328
はん用・生産用・業務用機械器具組立従事者,334370,280020,54350,-8.87070180441587,-7.753185272216797,-8.76527054889782,-7.513003349304199,-9.204028191457269,-7.729048728942871,-8.898381104340425,-7.346630096435547,-8.735390699546755,-7.5008673667907715,-8.573521047025114,-7.428699970245361
電気機械器具組立従事者,485760,321610,164150,-8.738808500857754,-3.517463207244873,-8.90823284194276,-3.86580228805542,-7.220709018124879,-4.479395389556885,-7.47416548471193,-3.9971566200256343,-9.547198892549703,-6.802535057067871,-9.74582756532205,-6.777604579925537
自動車組立従事者,344560,291780,52790,-6.01184176670686,-4.086856842041016,-5.518486905742336,-4.501895904541016,-6.578311792766775,-3.731114387512207,-6.197036865595225,-4.144612789154053,-5.587763771756005,-4.694539546966553,-5.58493899976885,-4.904855728149414
輸送機械組立従事者（自動車を除く）,52740,48120,4630,-4.560619942104544,-2.8041577339172363,-4.81111326733151,-2.534908533096313,-5.4411295461290665,-3.437344074249268,-5.482504282448743,-3.3786697387695312,-3.484918845518855,-2.211242437362671,-3.5066757524335705,-2.2801389694213867
計量計測機器・光学機械器具組立従事者,43660,27900,15760,-2.671959892939065,-0.5678931474685669,-2.9712414314617983,-0.6647194623947144,-5.426451407771074,-0.7986642718315125,-6.328917027325244,-1.2680420875549316,-6.765596370660622,-1.4480434656143188,-6.521996057516819,-1.489402413368225
機械整備・修理従事者,942120,912580,29530,-10.86463169651177,-8.7103271484375,-11.21507978439331,-9.21462059020996,-9.688435124986954,-6.150994300842285,-10.146980037560335,-6.4270782470703125,-9.571962789724802,-7.770670413970947,-9.785643049188563,-8.476957321166992
はん用・生産用・業務用機械器具整備・修理従事者,401150,388710,12440,-7.551818669297313,-5.743056297302246,-7.728370173557384,-5.749109268188477,-8.467634088210477,-6.404661655426025,-8.426155815253386,-6.734467029571533,-7.614482421001405,-6.287561416625977,-7.3773892763498665,-5.6664581298828125
電気機械器具整備・修理従事者,93070,86700,6370,-10.752232467855206,-5.883414268493652,-13.00036213849042,-6.067996978759766,-30.683823428991186,-5.819802284240723,-30.62153576193629,-6.05566930770874,-8.477195313868632,-4.599495887756348,-7.769971934524742,-5.094510078430176
自動車整備・修理従事者,376070,368820,7250,-8.918625961733229,-1.099725365638733,-9.193851189838874,-1.1564981937408447,-8.167899335613688,-7.508545398712158,-8.295656779327908,-0.8185198307037354,-8.852914566302118,-7.730246067047119,-9.002955839440629,-7.634090900421143
輸送機械整備・修理従事者（自動車を除く）,58640,56790,1850,-6.69074548473795,-4.252734661102295,-6.990139600392935,-4.879554748535156,-7.2692216443651505,-5.063050270080566,-7.32012859228495,-5.198757648468018,-6.010590238425568,-3.869886636734009,-6.206367869634886,-3.7812423706054688
計量計測機器・光学機械器具整備・修理従事者,13190,11570,1620,-6.041213417326221,-0.7693665623664856,-5.737534204044858,-0.6647194623947144,-5.630783032824975,-1.4424552917480469,-6.516381154189238,-1.515555500984192,-6.786504358735703,-1.4480434656143188,-6.547066160955945,-1.489402413368225
製品検査従事者,369160,156130,213030,-6.491098767928495,-5.144077777862549,-6.545041087511423,-4.620639801025391,-6.381850279014529,-4.794079303741455,-6.978932222804508,-5.0263261795043945,-5.831273508435897,-4.849963188171387,-5.866088029500601,-4.926044464111328
金属製品検査従事者,85860,48910,36950,-8.661497480086698,-7.002005577087402,-8.776807659381145,-6.803786754608154,-8.485236084188214,-4.748510837554932,-8.546089797406584,-6.905004501342773,-7.01566193485988,-5.750045776367188,-6.988655596166043,-5.985614776611328
化学製品検査従事者,42810,18760,24050,-8.805238927593669,-6.9695234298706055,-8.984124405964002,-6.874351978302002,-8.76989434511607,-6.763847827911377,-8.678831261557502,-6.752165794372559,-7.503598639073263,-6.319643974304199,-7.546478171606322,-6.548030853271484
窯業・土石製品検査従事者,22560,15110,7460,-10.6978301856354,-8.00270938873291,-10.9225762405911,-7.968696594238281,-10.985752904688129,-1.384521722793579,-10.511650987976306,-0.4694096446037292,-10.389089362311909,-7.6000752449035645,-10.372604318567225,-8.820690155029297
食料品検査従事者,48280,16080,32200,-5.4691269634334185,-1.5012649297714231,-5.287590744527611,-1.6510440111160278,-8.798876857029573,-1.975785493850708,-7.929524001237509,-1.861401915550232,-7.564217967841461,-6.405986785888672,-7.615706575883402,-6.259330749511719
飲料・たばこ検査従事者,5510,2390,3130,-6.050307965460624,-4.567524433135986,-6.410822339960046,-4.788329124450684,-7.082145679998034,-5.084488868713379,-7.268098734520577,-4.166663646697998,-5.480091331569293,-4.409000396728516,-5.887439763223803,-5.256230354309082
紡織・衣服・繊維製品検査従事者,24020,4470,19550,-8.601101454887681,-2.601127862930298,-8.521889187194205,-2.622578859329224,-7.895995737032126,-4.370669841766357,-8.375430277875951,-4.530938625335693,-7.8111954390547655,-6.379963397979736,-7.940065032727009,-6.713041305541992
木・紙製品検査従事者,13570,5340,8230,-8.858430189030772,-6.689182281494141,-9.029234216019914,-6.973159790039063,-8.883728806299107,-7.246893882751465,-8.896293343724432,-7.352431774139404,-7.3575865148587996,-6.050948619842529,-7.2898145463015585,-6.003829956054688
印刷・製本検査従事者,13380,4500,8880,-7.555238534476011,-6.159066200256348,-7.54166151704015,-6.49951171875,-8.513977214580274,-6.580066680908203,-8.73880188851743,-6.484901905059815,-7.765127546004667,-7.128147125244141,-7.776862547204301,-6.956489562988281
ゴム・プラスチック製品検査従事者,77620,23950,53670,-6.421156887789719,-0.9688044786453248,-6.889721242157188,-1.229068160057068,-8.01764936392544,-0.8012446761131287,-8.45455801084235,-0.7718310356140137,-9.144790984292067,-8.083707809448242,-8.95771724468953,-7.907503128051758
機械検査従事者,285770,168760,117010,-7.125739403353393,-5.412737846374512,-7.254773610347026,-5.924018859863281,-7.017819852319382,-6.02370548248291,-7.358764361690831,-5.9312591552734375,-6.4830127708784495,-5.5599284172058105,-6.530947836669716,-5.767191886901856
はん用・生産用・業務用機械器具検査従事者,58480,38250,20230,-7.551818669297313,-5.743056297302246,-7.728370173557384,-5.749109268188477,-8.467634088210477,-6.404661655426025,-8.426155815253386,-6.734467029571533,-7.614482421001405,-6.287561416625977,-7.3773892763498665,-5.6664581298828125
電気機械器具検査従事者,118190,59250,58940,-10.752232467855206,-5.883414268493652,-13.00036213849042,-6.067996978759766,-30.683823428991186,-5.819802284240723,-30.62153576193629,-6.05566930770874,-8.477195313868632,-4.599495887756348,-7.769971934524742,-5.094510078430176
自動車検査従事者,87440,56650,30790,-7.09402827998154,-5.535053253173828,-7.16099049271764,-5.424206256866455,-6.902828955468331,-5.443284511566162,-7.096136905051567,-5.504197120666504,-7.025265558985353,-5.853317260742188,-7.1539418922888265,-6.186263561248779
輸送機械検査従事者（自動車を除く）,10500,9130,1370,-4.977757719636873,-2.765204429626465,-5.173249457333539,-2.886591911315918,-5.790434342304259,-3.31235933303833,-5.893927050603403,-3.23746109008789,-4.168895368357651,-2.906291007995605,-4.281822720089474,-2.6302943229675293
計量計測機器・光学機械器具検査従事者,11160,5480,5680,-6.041213417326221,-0.7693665623664856,-5.737534204044858,-0.6647194623947144,-5.630783032824975,-1.4424552917480469,-6.516381154189238,-1.515555500984192,-6.786504358735703,-1.4480434656143188,-6.547066160955945,-1.489402413368225
生産関連・生産類似作業従事者,584040,450740,133290,-7.579515129555273,-5.919873237609863,-7.7450252964689925,-5.701199531555176,-6.894907561877302,-5.507050514221191,-7.095777743571514,-5.4571146965026855,-6.712478925253599,-5.828176021575928,-6.637705380852158,-5.695798873901367
画工，塗装・看板制作従事者,232980,207990,24990,-6.39124012357406,-5.603641510009766,-6.399504709888149,-5.673066139221191,-6.3261594699539305,-4.87490177154541,-6.61493541421117,-5.372305870056152,-6.853501996921219,-5.946694850921631,-7.101580381393433,-6.382319450378418
生産関連作業従事者（画工，塗装・看板制作を除く）,289300,201080,88220,-7.717247853752311,-5.394617557525635,-7.936051281722817,-5.363643169403076,-7.511179880331491,-6.427358150482178,-7.597849807223758,-6.199417591094971,-7.763293586614478,-6.103740692138672,-7.82921454390964,-6.407939910888672
生産類似作業従事者,61760,41670,20080,-10.579790624953409,-8.260032653808594,-10.900827034099683,-7.938243865966797,-11.35753927886031,-9.806413650512695,-11.105650998450614,-9.307762145996094,-11.198342163144178,-9.52375030517578,-11.392739618146742,-9.748405456542969
輸送・機械運転従事者,1983330,1907110,76220,-8.033212719982817,-6.927861213684082,-8.095323156666112,-6.721524715423584,-7.868865730198285,-6.816658020019531,-8.222880985285785,-6.860991954803467,-7.371971570808469,-6.78546142578125,-7.346316476125975,-6.640880584716797
鉄道運転従事者,37130,35570,1560,-8.488190650939941,-6.530831813812256,-8.565754452267209,-5.72826623916626,-8.078890705836638,-6.302014350891113,-8.294537579691088,-6.280075550079346,-7.451733865810715,-6.874549388885498,-7.5257627964019775,-6.962769508361816
鉄道運転従事者,37130,35570,1560,-8.488190650939941,-6.530831813812256,-8.565754452267209,-5.72826623916626,-8.078890705836638,-6.302014350891113,-8.294537579691088,-6.280075550079346,-7.451733865810715,-6.874549388885498,-7.5257627964019775,-6.962769508361816
自動車運転従事者,1445820,1387800,58020,-7.449736242075913,-5.782832145690918,-7.448329155509536,-5.622755527496338,-7.77564901978005,-5.96584415435791,-7.815419828569567,-5.4313154220581055,-7.245302651674693,-5.746717929840088,-7.330942008946393,-6.1020588874816895
自動車運転従事者,1445820,1387800,58020,-7.449736242075913,-5.782832145690918,-7.448329155509536,-5.622755527496338,-7.77564901978005,-5.96584415435791,-7.815419828569567,-5.4313154220581055,-7.245302651674693,-5.746717929840088,-7.330942008946393,-6.1020588874816895
船舶・航空機運転従事者,27900,27440,470,-8.645252977618734,-7.378820419311523,-8.593804133904946,-7.385408401489258,-8.107174731392897,-6.601064682006836,-8.139782634941307,-6.833954811096191,-7.648829820501895,-6.761288166046143,-7.584945652935956,-6.669232368469238
船長・航海士・運航士（漁労船を除く），水先人,14390,14140,250,-8.956095619056061,-7.500217437744141,-8.979009692733353,-7.90686559677124,-8.57554335994575,-7.283946990966797,-8.698743710646758,-7.516768455505371,-8.003582958046717,-5.103137016296387,-7.808055958232364,-5.100264549255371
船舶機関長・機関士（漁労船を除く）,6470,6430,30,-5.41240470463993,-4.7207865715026855,-5.621395365611927,-4.466086387634277,-5.872169025071704,-4.969141006469727,-6.009228667697391,-5.085406303405762,-5.909177197754838,-4.895143508911133,-6.250119966429633,-4.527897834777832
航空機操縦士,7040,6860,180,-9.67590006162192,-1.2954703569412231,-9.969162312713829,-6.77371072769165,-10.196715773516939,-3.622472286224365,-10.664462965887946,-5.339970588684082,-10.651533290630079,-6.808098793029785,-11.195352235355893,-6.969459533691406
車掌,23060,17360,5710,-12.274917092942099,-8.762928009033203,-13.110448302449408,-9.885303497314451,-11.950543469145098,-8.123790740966797,-13.177784004726925,-9.783584594726562,-12.266139736612335,-10.43553066253662,-12.740179706264186,-11.251381874084473
甲板員，船舶技士・機関員,14360,14100,260,-2.6198862527162974,-1.908707618713379,-2.741013986033362,-1.8338844776153564,-2.5925367015008707,-1.6700047254562378,-2.556605442955687,-1.7333569526672363,-2.8157491611160395,-2.099764823913574,-2.7884954085221163,-2.195225954055786
他に分類されない輸送従事者,100700,95620,5090,-12.015897015578874,-9.6575927734375,-12.227836318918177,-10.389087677001951,-11.310927085294068,-8.873249053955078,-11.273849049130002,-9.170875549316406,-11.2129051557934,-9.63180923461914,-11.19835435377585,-9.693706512451172
定置・建設機械運転従事者,334350,329240,5120,-6.7153031371022,-3.252360820770264,-6.7875322039062915,-4.902332305908203,-6.888641022543871,-5.212613105773926,-6.717758465457607,-5.109830379486084,-5.829459172168761,-4.05011796951294,-5.972660763843639,-4.079150676727295
発電員，変電員,34390,34010,380,-9.243048191070557,-7.443782806396484,-9.454727495038831,-7.419987678527832,-8.936362743377686,-6.911063194274902,-9.049928806923532,-7.151031970977783,-8.205289010783188,-6.1281023025512695,-8.381697661167866,-5.61739444732666
ボイラー・オペレーター,7550,7540,10,-6.789662519484076,-2.831494808197021,-6.478445347901937,-2.6023099422454834,-6.766616883168694,-2.1020565032958984,-7.658033593280895,-2.2268600463867188,-7.75813534787593,-6.861816883087158,-7.864304474882178,-6.990037441253662
クレーン・ウインチ運転従事者,48070,47590,480,-11.768058381917822,-3.272569417953491,-12.043139477033872,-6.042346477508545,-10.811497946731917,-4.912014961242676,-11.0702972927609,-7.366464138031006,-11.454633457970074,-9.24557113647461,-11.438166721447095,-9.805357933044434
建設・さく井機械運転従事者,86830,86150,690,-86.15149230083436,-7.824869155883789,-82.77935049904359,-0.2663353681564331,-92.41574322358342,-8.003547668457031,-87.82123645576272,-7.941654205322266,-97.90375389943596,-7.935086250305176,-98.77987549756024,-8.407829284667969
建設・採掘従事者,2447480,2384560,62920,-8.403848353233046,-6.554571628570557,-9.246952246975255,-7.271539688110352,-8.191741841439983,-5.646210193634033,-9.741068221427298,-5.783782005310059,-7.02604403750587,-6.048091411590576,-7.597817604606216,-6.620906829833984
建設・土木作業従事者,1940120,1888080,52030,-9.361719997784563,-6.943248271942139,-9.808300446819615,-5.828601837158203,-9.120871358245383,-6.616108417510986,-9.352424031979329,-6.554464817047119,-9.791386316750796,-6.296477794647217,-10.039047176773483,-6.792842864990234
型枠大工,40840,40240,600,-9.380427058416469,-6.96566104888916,-9.452228214289692,-6.366985321044922,-9.325903026202253,-7.007670879364014,-9.294342521074656,-6.997768402099609,-10.332071071362677,-7.436225891113281,-10.30115347295194,-8.504849433898926
とび職,111940,110310,1630,-9.535448966135505,-7.879518508911133,-9.943896686708605,-8.174321174621582,-9.979533199135584,-7.165442943572998,-10.175181527395505,-7.658968925476074,-8.908415918131821,-7.53425407409668,-9.172415401484516,-7.740902423858643
鉄筋作業従事者,28990,28540,450,-11.09127907352593,-9.313277244567873,-11.041959665917062,-10.032227516174316,-12.493411362626171,-8.5551118850708,-12.65746142413165,-9.554551124572754,-10.793189019647263,-8.982406616210938,-11.04855295774099,-9.572543144226074
大工,297900,293360,4540,-5.696150164567787,-4.307582855224609,-6.042749585332097,-4.304924964904785,-5.550766493527944,-3.404580593109131,-7.18849549422393,-3.407083034515381,-5.405179828177881,-4.498484611511231,-5.431283222662436,-4.674075603485107
ブロック積・タイル張従事者,24510,23950,560,-8.347454067404943,-7.289791584014893,-8.702762004491445,-7.260776519775391,-8.084494081162314,-6.802892208099365,-8.336363876188123,-5.729631423950195,-7.969688648485955,-6.592307090759277,-8.21948516368866,-7.147560119628906
屋根ふき従事者,17010,16540,480,-11.344267546675587,-8.099154472351074,-11.395930625296927,-8.670669555664062,-11.785646030921063,-8.653014183044434,-11.88880139428216,-8.62745475769043,-11.619145538970715,-10.289039611816406,-11.351671618384284,-9.726428985595703
左官,59890,58610,1280,-8.687740820964784,-6.408245086669922,-9.025958293193096,-6.029540061950684,-9.609734691736353,-5.276337146759033,-10.379038482098967,-5.461123943328857,-9.041506479714663,-6.498143672943115,-9.328021771198994,-8.029960632324219
畳職,9130,8440,690,-20.76932213779624,-0.4332391023635864,-22.254454327998936,-0.4498727917671203,-20.677588324510413,-14.226407051086426,-21.33920906685494,-14.814845085144045,-23.150460206825315,-19.733360290527344,-24.0389388960761,-20.563777923583984
配管従事者,220720,217240,3480,-6.712959438789892,-5.104609966278076,-6.828269381780882,-5.279082775115967,-7.0921465313161605,-1.7512459754943848,-7.1304042725949675,-5.29827880859375,-6.101065846799894,-5.248983860015869,-6.308908655836776,-5.710275650024414
土木従事者,456900,447610,9290,-7.819939303944129,-5.305975914001465,-7.689787751919514,-5.125180244445801,-7.608858956635453,-5.406678199768066,-8.18214822137678,-5.320347785949707,-7.41077715749959,-6.173289775848389,-7.3752505457079085,-6.524914264678955
鉄道線路工事従事者,24750,24750,-,-11.430850633228099,-7.917831420898437,-11.441666338894818,-7.755080699920654,-12.56655121577605,-7.991310119628906,-12.488864080325977,-8.09328842163086,-9.804900933768003,-7.404872894287109,-9.783888762061661,-5.959667205810547
電気工事従事者,505940,495130,10810,-7.039299537207334,-1.5906765460968018,-7.100921814506118,-5.730929374694824,-6.577409832987167,-0.7281765341758728,-6.764716490297704,-0.7705769538879395,-6.473762748805621,-5.755270004272461,-6.5555096542513045,-6.056595325469971
電線架線・敷設従事者,47430,46890,540,-8.955219843915401,-6.9630889892578125,-8.914296981450674,-6.973086357116699,-8.636665853835245,-6.921532154083252,-8.600474792557794,-6.651244163513184,-7.6799472634118935,-6.358771324157715,-7.542458721109338,-5.821540832519531
電気通信設備工事従事者,79000,76370,2630,-10.851653328378692,-2.781777858734131,-11.178425025295567,-7.8895792961120605,-11.592829391246534,-7.78170108795166,-11.972268323640566,-8.021187782287598,-11.702741834043547,-9.542903900146484,-11.832081949388659,-9.842632293701172
採掘従事者,1420,1350,70,-8.403848353233046,-6.554571628570557,-9.246952246975255,-7.271539688110352,-8.191741841439983,-5.646210193634033,-9.741068221427298,-5.783782005310059,-7.02604403750587,-6.048091411590576,-7.597817604606216,-6.620906829833984
砂利・砂・粘土採取従事者,200,200,-,-8.063811808142043,-6.537982940673828,-8.125657181482058,-6.155447483062744,-7.502544439475955,-5.843624114990234,-7.555419032638137,-6.204859733581543,-8.705869638282834,-6.642780303955078,-8.82311622516529,-6.806709289550781
運搬・清掃・包装等従事者,4198670,2225500,1973170,-7.3216845167957185,-0.1449232995510101,-7.532408510712353,-0.1586291342973709,-7.397166077417272,-3.2573137283325195,-7.336747509402198,-2.8381235599517822,-7.242175429831934,-6.090496063232422,-7.472620435663171,-6.397494316101074
運搬従事者,1624920,1123160,501750,-7.466532066578173,-5.279979705810547,-8.005165841128376,-4.959544658660889,-7.5444947563054905,-3.2573137283325195,-7.5586435327658785,-2.8381235599517822,-7.2907048290922445,-6.090496063232422,-7.598182581566475,-6.397494316101074
郵便・電報外務員,110450,99510,10940,-46.057855089202185,-4.930352210998535,-47.64646965748555,-7.630458831787109,-89.5552083153761,-7.574508190155029,-87.76429271053624,-8.561553001403809,-37.6199024942995,-7.909961700439453,-41.8777158195908,-8.562418937683105
船内・沿岸荷役従事者,14220,13970,250,-7.808896061118323,-5.341090202331543,-7.754943125956768,-6.589356422424316,-6.926268111658461,-5.425827026367188,-6.704588780532012,-5.1602783203125,-7.38432160952619,-5.878901481628418,-7.332965435208501,-6.225304126739502
陸上荷役・運搬従事者,245100,181770,63330,-7.2237897792845285,-5.224560737609863,-7.413709492296786,-4.959544658660889,-6.445756096876305,-3.2573137283325195,-6.323211368676779,-2.8381235599517822,-6.756729111416649,-5.074534893035889,-6.890634514190055,-5.169475078582764
倉庫作業従事者,273930,186320,87600,-12.319601080799831,-9.55720329284668,-12.39137045112816,-9.883481979370115,-13.40650377797944,-0.0156028941273689,-13.66153590837053,-0.0060893488116562,-11.476064645607053,-8.659049987792969,-11.65476011585545,-9.198126792907717
配達員,696180,518540,177630,-8.540182965857381,-0.7325994968414307,-6.984988561353168,-0.551899790763855,-10.181991427909328,-7.686793327331543,-9.927362304684278,-0.907995879650116,-7.71870818392921,-6.108316898345947,-7.708485062057908,-6.0827956199646
荷造従事者,285050,123040,162010,-10.050082789122603,-6.410435676574707,-10.439191312403292,-5.038600921630859,-9.077984165599329,-4.045328617095947,-9.657518009881716,-4.643848419189453,-9.699731601103572,-8.024967193603516,-10.021934734808433,-8.152420043945312
清掃従事者,1149320,495250,654060,-9.640582462986007,-0.1449232995510101,-9.583203363458853,-0.1586291342973709,-9.04689841234047,-6.973102569580078,-9.15135940345558,-4.9791107177734375,-8.047604084014893,-6.875662803649902,-7.850450473862725,-6.57835865020752
ビル・建物清掃員,910680,294910,615770,-9.49689034833253,-5.349159240722656,-9.894798861967551,-4.343235969543457,-9.320814172730191,-5.811928749084473,-9.075751137089085,-5.7480010986328125,-8.586914996154436,-1.8043172359466555,-8.59754544174349,-2.9878852367401123
廃棄物処理従事者,119970,113400,6570,-11.214328856868597,-3.652412414550781,-11.508447956394505,-7.463863372802734,-11.701430262500093,-7.958525657653809,-12.774299038423074,-7.607219696044922,-13.880603804843116,-11.319290161132812,-13.864133506207853,-11.72591495513916
ハウスクリーニング職,27760,17110,10650,-11.041074694567964,-6.195412635803223,-11.41489172626186,-7.100526332855225,-11.679822332076444,-8.259284973144531,-11.602207699337521,-7.821532249450684,-10.767338294109315,-8.094657897949219,-10.800025682191592,-8.051968574523926
包装従事者,274230,85740,188490,-9.58039430807565,-7.785530090332031,-9.914235704653972,-7.63517427444458,-9.927162956645471,-6.766009330749512,-10.380603065361848,-4.467325687408447,-9.294003501193213,-8.373977661132812,-9.551782691800916,-8.572909355163574
包装従事者,274230,85740,188490,-9.58039430807565,-7.785530090332031,-9.914235704653972,-7.63517427444458,-9.927162956645471,-6.766009330749512,-10.380603065361848,-4.467325687408447,-9.294003501193213,-8.373977661132812,-9.551782691800916,-8.572909355163574
