職業,総数,男,女,mean-men-bert_job_is,max-men-bert_job_is,mean-wom-bert_job_is,max-wom-bert_job_is,mean-men-bert_job_type,max-men-bert_job_type,mean-wom-bert_job_type,max-wom-bert_job_type,mean-men-bert_job?,max-men-bert_job?,mean-wom-bert_job?,max-wom-bert_job?
総数,57673630,31525680,26147950,-4.098898646485715,-1.4307924509048462,-3.7764585138978184,-1.5970230102539062,-4.684609522346322,-2.026090621948242,-4.12561870426745,-1.882086038589477,-0.409644965338343,-0.1106679588556289,-0.35211383556393355,-0.1049656644463539
管理的職業従事者,1196900,1010680,186220,-100.0,-100.0,-98.18786313082721,-9.07898998260498,-100.0,-100.0,-98.78369927406311,-9.832623481750488,-99.28585254145032,-6.446682929992676,-100.0,-100.0
管理的公務員,51870,44650,7220,-7.348020273310538,-6.276498794555664,-7.2210786922557935,-4.26313066482544,-7.5635109384551305,-6.462600231170654,-7.318879981298704,-4.1686601638793945,-6.864258813494034,-5.839193344116211,-6.925674705891995,-5.940011978149414
管理的公務員,51870,44650,7220,-7.348020273310538,-6.276498794555664,-7.2210786922557935,-4.26313066482544,-7.5635109384551305,-6.462600231170654,-7.318879981298704,-4.1686601638793945,-6.864258813494034,-5.839193344116211,-6.925674705891995,-5.940011978149414
法人・団体役員,968990,811530,157460,-5.0300125620747345,-3.088347911834717,-5.306970401390179,-3.648515224456787,-4.730109651580111,-3.1225738525390625,-4.760346562475772,-3.461766242980957,-3.574751557284639,-1.8766160011291504,-3.5158516466617584,-1.9307316541671755
会社役員,913490,767880,145620,-9.473969608772801,-7.492735862731934,-9.653495337512043,-6.656567096710205,-8.449324196531572,-5.394626140594482,-8.505456718238625,-6.497623443603516,-6.8299011601746535,-4.735725402832031,-6.822523336152773,-5.429630279541016
法人・団体管理的職業従事者,120420,112010,8400,-5.017848056691293,-3.088347911834717,-5.288622467904477,-3.648515224456787,-4.751721633299616,-3.1225738525390625,-4.760609338412413,-3.461766242980957,-3.6084499905127605,-1.8766160011291504,-3.5883368326200022,-1.9307316541671755
他に分類されない管理的職業従事者,55620,42480,13140,-9.18756827871308,-7.286636829376221,-9.428014485417185,-1.3725968599319458,-9.03041823037708,-1.8796229362487795,-9.38992557010135,-7.781908988952637,-8.461254098033177,-7.83086633682251,-8.399452637981724,-7.64695930480957
専門的・技術的職業従事者,10270980,5231410,5039570,-8.269056884387068,-5.48710298538208,-9.120161204724699,-7.063603401184082,-7.649810266858749,-5.054715633392334,-7.999861949198955,-5.658834457397461,-6.709772153665091,-4.656718254089356,-7.2988121155146,-5.414021015167236
研究者,103910,79640,24280,-8.571217576966031,-6.267518043518066,-8.615622584884232,-6.947690486907959,-8.767304027353534,-6.585770130157471,-8.321477177980784,-6.378801345825195,-6.6979631540429505,-4.70886754989624,-6.6868190797599585,-4.574512958526611
自然科学系研究者,98020,75420,22590,-8.584793767856278,-6.024018287658691,-9.48543241539517,-7.245535850524902,-8.004379450819874,-6.478045463562012,-8.506412216134974,-6.937765598297119,-8.196827855728964,-7.347235679626465,-8.468182866637772,-7.537371158599853
人文・社会科学系等研究者,5900,4220,1680,-3.1545345473835487,-2.0411276817321777,-3.2911705914381386,-1.931085705757141,-3.5179145044952858,-2.1216320991516118,-3.3788294566644206,-1.976440668106079,-3.3753251392422743,-2.7177207469940186,-3.444608556257712,-2.258338451385498
技術者,2693290,2356170,337120,-7.59417632153926,-5.523997783660889,-7.6716513375978215,-5.813928604125977,-7.582206878953308,-5.866147994995117,-7.337679759876148,-5.5097503662109375,-7.040684376054138,-5.391108512878418,-6.970946814562823,-4.369300842285156
農林水産・食品技術者,51140,39410,11720,-5.547939628135157,-2.3037338256835938,-5.46554145136395,-2.962581157684326,-5.880927495374024,-2.534943103790283,-5.562801689714999,-3.997832775115967,-5.036475964174926,-3.140032768249512,-5.416202529056652,-3.6422252655029297
電気・電子・電気通信技術者（通信ネットワーク技術者を除く）,305190,288400,16800,-3.7957031509575954,-0.2072916179895401,-3.4328834414482117,-2.368713140487671,-3.7654851784232917,-1.9837404489517207,-2.941699678027952,-1.007590889930725,-2.7175258498155435,-1.192823886871338,-2.556100523149645,-1.1965041160583496
機械技術者,242820,228640,14180,-98.68193620579844,-13.49495792388916,-98.24261984954009,-12.196785926818848,-98.6647142963555,-12.32652473449707,-94.09414912558891,-9.796546936035156,-99.31639629101936,-10.447914123535156,-99.41834244212589,-13.914681434631348
輸送用機器技術者,137470,130040,7430,-7.805809516033143,-4.412128925323486,-8.09186126895853,-3.4612205028533936,-8.05551728765473,-4.230881214141846,-8.506517674471882,-4.433719635009766,-9.167169388923936,-6.833178997039795,-8.905488597380149,-5.594251155853272
金属技術者,25660,24240,1430,-100.0,-100.0,-100.0,-100.0,-100.0,-100.0,-100.0,-100.0,-100.0,-100.0,-100.0,-100.0
化学技術者,91350,73630,17730,-98.55180594211316,-3.825228452682495,-100.0,-100.0,-98.57590932336473,-5.352360725402832,-100.0,-100.0,-99.2540442433976,-2.27979588508606,-100.0,-100.0
建築技術者,242580,211400,31180,-96.59948316239219,-8.509474754333496,-90.60236861899092,-10.175890922546388,-97.28423752675529,-8.358083724975586,-95.25862910296466,-9.580327987670898,-100.0,-100.0,-100.0,-100.0
土木・測量技術者,263870,249320,14550,-4.861720121543826,-2.322683334350586,-4.272317783252613,-2.1714773178100586,-4.158504798212125,-1.3648592233657837,-2.9985920706310787,-0.865680456161499,-2.9957961963333246,-1.09713876247406,-2.7197938053994566,-1.12129545211792
システムコンサルタント・設計者,656770,555360,101410,-7.89169035249084,-6.575423240661621,-8.115915014937118,-6.7137861251831055,-8.4317227938703,-7.023453712463379,-8.606005881283734,-6.592281341552734,-7.143207087771583,-4.8352556228637695,-7.21316046328158,-4.789034843444824
ソフトウェア作成者,389760,317450,72310,-7.620974220392358,-4.747354507446289,-8.575966422622269,-5.669867515563965,-6.862030109376398,-3.9354710578918457,-7.545824940140183,-5.210146903991699,-6.616319387013675,-5.056003570556641,-6.735875861064808,-5.229987144470215
保健医療従事者,3073950,897180,2176770,-6.103810914827667,-0.4755552113056183,-6.806151106550887,-4.69802188873291,-6.372990765644394,-1.2280246019363403,-6.909369349479675,-4.644731521606445,-3.495247576072926,-1.31885826587677,-3.8491940095617965,-2.931346893310547
医師,303660,229560,74100,-5.384481260794719,-2.2470874786376958,-5.383437955701673,-2.371790170669556,-5.038705887685295,-1.9647438526153564,-4.402175357212892,-2.327427625656128,-3.29601611663367,-0.879612147808075,-3.3097396090223983,-1.9083566665649412
歯科医師,98340,72050,26300,-8.227923946526214,-3.568635940551758,-8.107022317680153,-6.650159358978272,-7.671547070714354,-3.6356453895568848,-7.409717617808162,-5.834627151489258,-6.468542790594902,-5.100876808166504,-6.4635440852191,-4.9185333251953125
獣医師,24680,16690,8000,-6.592607829406972,-3.8333005905151367,-6.506510046688286,-3.6150543689727774,-6.38836095897296,-3.0084400177001958,-5.4140884537954586,-2.7905564308166504,-5.303156657983329,-3.440488338470459,-5.372645059147397,-3.187387228012085
薬剤師,243650,86110,157540,-9.695834229010662,-7.317085266113281,-9.652616852038616,-7.222695827484131,-8.858617345795377,-6.003221035003662,-7.930286404248831,-5.157618045806885,-8.090490315706676,-4.761418342590332,-7.433791679304999,-5.348963260650635
保健師,49110,1570,47550,-10.4927043732796,-3.6319212913513184,-11.86910122794074,-8.639946937561035,-9.85387088711025,-0.1783781349658966,-10.556111722379118,-6.83888578414917,-7.666444790272313,-0.5347186326980591,-8.153026906219688,-5.733162879943848
助産師,27550,-,27550,-9.814085359791763,-7.329007148742676,-10.082063314077017,-8.028911590576172,-9.519128326241297,-5.449931621551514,-9.504143466820588,-7.509847164154053,-8.535056718433177,-7.134879112243652,-8.194394611023569,-7.380611419677734
看護師（准看護師を含む）,1385950,106810,1279140,-9.696277578368441,-6.885018825531006,-9.634256288811967,-7.815518379211426,-9.25803550691095,-6.668137073516846,-9.167991815386591,-6.717056751251221,-9.128543555281544,-8.076862335205078,-8.984041481404692,-7.968575954437256
診療放射線技師,57490,42130,15360,-1.5802282672802002,-0.7976586222648621,-1.549755036025434,-0.3062149286270141,-1.873535979795092,-1.0429764986038208,-1.752081844250898,-0.4242425262928009,-2.2615485191345215,-1.055235743522644,-2.011954240702294,-0.8833901882171631
臨床検査技師,82720,22180,60530,-7.052488512665261,-5.308365345001221,-7.247199110082678,-3.777961254119873,-7.6823114693619825,-5.357010841369629,-7.73309431527112,-3.869972705841065,-6.395173971889583,-4.297275543212891,-6.705791154423276,-5.013400554656982
理学療法士，作業療法士,202540,107160,95390,-83.5736074920829,-2.458653926849365,-82.60626377286138,-5.11308479309082,-100.0,-100.0,-99.36671625923466,-6.274006366729736,-99.2442925285747,-1.0023212432861328,-100.0,-100.0
視能訓練士，言語聴覚士,26930,5570,21360,-100.0,-100.0,-99.36895131742632,-6.604794979095459,-100.0,-100.0,-100.0,-100.0,-100.0,-100.0,-100.0,-100.0
歯科衛生士,128740,230,128510,-100.0,-100.0,-100.0,-100.0,-100.0,-100.0,-100.0,-100.0,-100.0,-100.0,-100.0,-100.0
歯科技工士,39320,31990,7330,-100.0,-100.0,-100.0,-100.0,-100.0,-100.0,-100.0,-100.0,-100.0,-100.0,-100.0,-100.0
栄養士,121310,5540,115770,-9.623492339185177,-6.513248443603516,-9.622923312960443,-7.575881958007812,-9.662778253773697,-6.578653812408447,-8.97368028035035,-7.24724006652832,-7.550696900782694,-4.989175319671631,-7.405538877925357,-5.890928745269775
あん摩マッサージ指圧師，はり師，きゅう師，柔道整復師,118210,85200,33010,-5.538042861996717,-4.714070796966553,-5.869360901213981,-4.326987266540527,-5.400416730924417,-4.566012382507324,-5.61588813485326,-4.229813098907471,-6.239922174060617,-5.0634050369262695,-6.022001891522794,-4.833006381988525
社会福祉専門職業従事者,1166790,197650,969140,-5.384265752239082,-3.9582464694976807,-5.768693788631542,-3.8611927032470703,-4.944577504660337,-3.3514328002929688,-5.360661321395153,-3.4198849201202397,-6.030724925849274,-4.536881446838379,-6.506737019564654,-5.378522396087647
保育士,634080,19930,614150,-8.28129929986619,-5.101834774017334,-8.219505248843012,-6.151992321014404,-8.011307261372341,-4.700247764587402,-7.371379452782708,-4.774709701538086,-5.9110994739386875,-3.4260830879211426,-5.7975289209468945,-3.870381355285645
法務従事者,83750,67680,16070,-4.56495724925558,-3.005650520324707,-3.8390742669234403,-2.723334550857544,-4.744624672955229,-3.159292221069336,-4.091996049558794,-2.240792989730835,-2.329458434163159,-0.5308037996292114,-2.384327340770412,-1.5195872783660889
裁判官，検察官，弁護士,33710,27510,6190,-5.8815799505656,-3.564371109008789,-5.711464131200636,-3.307368040084839,-5.6852789562167105,-3.3415231704711914,-5.0149486596519885,-3.193922281265259,-3.9625847667228173,-3.005316257476806,-3.586907034790194,-1.8753420114517207
弁理士，司法書士,25560,20860,4710,-6.161576182787655,-1.7030550241470337,-5.884467414907507,-4.354416847229004,-5.884760052193212,-2.5415501594543457,-5.308711925068417,-3.651942253112793,-4.889358558727585,-3.1662750244140625,-4.04575673470626,-2.743523120880127
経営・金融・保険専門職業従事者,190400,154840,35560,-7.015446317104893,-5.046551704406738,-7.263674752132313,-5.426329612731934,-7.015765008125596,-3.624319076538086,-6.640006155581088,-2.7998063564300537,-3.3143302921120448,-0.7364023923873901,-3.7420871362492845,-1.4859058856964111
公認会計士,21850,17860,3990,-100.0,-100.0,-100.0,-100.0,-100.0,-100.0,-100.0,-100.0,-100.0,-100.0,-100.0,-100.0
税理士,63850,53630,10220,-9.162309948724644,-6.48871660232544,-8.586062698750883,-7.082983016967773,-9.048939115218534,-6.257567882537842,-8.505008227116353,-6.258217811584473,-6.562209857329157,-4.522977828979492,-6.595543001149152,-5.048383712768555
社会保険労務士,21780,14570,7210,-4.97182792197657,-3.624159336090088,-5.2325459058220325,-3.4955005645751958,-4.456460099183876,-2.88749098777771,-4.530882187791772,-3.1864891052246094,-5.146495607973055,-4.1383233070373535,-5.1884420240247575,-4.391383171081543
教員,1429280,683430,745850,-4.52520943233985,-1.467051982879639,-4.277698012622627,-2.7919297218322754,-4.657506500491659,-2.1318325996398926,-4.003368053887342,-2.016752958297729,-2.5639008511113754,-1.131977677345276,-2.449219430620606,-1.4664883613586426
幼稚園教員,143310,7680,135620,-100.0,-100.0,-100.0,-100.0,-100.0,-100.0,-100.0,-100.0,-99.30558678576054,-9.031868934631348,-100.0,-100.0
小学校教員,421160,156830,264330,-100.0,-100.0,-99.39637482488477,-10.663474082946776,-100.0,-100.0,-99.3917428158425,-9.97793674468994,-99.28470104523288,-6.295836925506592,-100.0,-100.0
中学校教員,231400,128460,102940,-99.28359873604228,-6.151434421539307,-99.37826825476982,-7.983701705932617,-99.26229355353435,-3.3604555130004883,-99.38220071148228,-8.565705299377441,-98.54774419587987,-3.187927007675171,-100.0,-100.0
高等学校教員,257460,167310,90150,-7.335711071509441,-5.452383995056152,-7.183592429032197,-4.477725982666016,-7.085165038363624,-5.353237628936768,-6.890475324682288,-4.204649448394775,-10.217470059868033,-9.147643089294434,-10.352594040535593,-9.199836730957031
特別支援学校教員,78310,29600,48710,-5.450275994439162,-3.668344497680664,-6.382554506933367,-3.4190475940704346,-4.7891479903505045,-3.318648338317871,-5.209090355280283,-3.671463966369629,-7.291891265461463,-6.361818790435791,-7.3195894473307845,-6.159246444702148
大学教員,179620,124700,54920,-8.491932501319711,-4.326626777648926,-9.016732589618579,-6.558024883270264,-7.676922976515676,-3.761989116668701,-8.0301601918968,-5.677950382232666,-4.545294363080091,-2.463726043701172,-4.59714472616041,-3.46557092666626
宗教家,100390,86070,14330,-5.423963726931856,-2.921199083328247,-5.2846735635319275,-3.099646806716919,-5.4706109516493235,-3.070153951644897,-5.214116252757408,-2.985232353210449,-3.858227996425774,-1.284638285636902,-3.513929531380937,-1.5763976573944092
宗教家,100390,86070,14330,-5.423963726931856,-2.921199083328247,-5.2846735635319275,-3.099646806716919,-5.4706109516493235,-3.070153951644897,-5.214116252757408,-2.985232353210449,-3.858227996425774,-1.284638285636902,-3.513929531380937,-1.5763976573944092
著述家，記者，編集者,114060,63390,50670,-2.788014100935623,-0.4222246706485748,-3.2800741131241256,-1.333359718322754,-3.0081909940442966,-1.0308287143707275,-3.0467530593678758,-1.241618275642395,-2.7580632890453773,-1.8693556785583496,-2.7076971756445394,-1.586954951286316
著述家,30130,16060,14070,-8.123001251511901,-6.0506792068481445,-7.931321759481688,-5.6707258224487305,-8.445735971436246,-6.883416175842285,-8.09661846225326,-6.873112201690674,-8.866152013531169,-7.1674394607543945,-8.547285978858536,-6.896851539611816
記者，編集者,83930,47330,36590,-2.788014100935623,-0.4222246706485748,-3.2800741131241256,-1.333359718322754,-3.0081909940442966,-1.0308287143707275,-3.0467530593678758,-1.241618275642395,-2.7580632890453773,-1.8693556785583496,-2.7076971756445394,-1.586954951286316
美術家，デザイナー，写真家，映像撮影者,317590,165310,152280,-8.106607065856002,-5.5067973136901855,-8.500646011249438,-6.329345226287842,-7.394089775231048,-5.178191661834717,-7.2337405907141195,-5.368633270263672,-5.925092172986679,-4.62921142578125,-5.899988116444768,-4.389044761657715
彫刻家，画家，工芸美術家,47320,22120,25200,-3.8603012088600916,-1.7213592529296875,-3.8054090101976654,-1.6302663087844849,-3.5143570335766743,-0.6529155373573303,-2.8048089670168386,-0.7316093444824219,-3.0626716900417823,-0.5548474788665771,-3.164331730958578,-0.8136433362960815
デザイナー,201100,96720,104390,-8.713730528154446,-6.949919700622559,-8.906143182032817,-7.257468700408935,-8.386774831145773,-6.053058624267578,-8.40858044817641,-7.021952152252197,-5.958432561568632,-4.62921142578125,-5.945116664912249,-4.389044761657715
写真家，映像撮影者,69170,46470,22690,-10.388925654287556,-7.736602783203125,-10.592464211824778,-7.458626270294189,-9.373953597236225,-6.834283351898193,-9.340303195489419,-6.90705680847168,-9.435846124896566,-6.419673442840576,-8.937610300811562,-6.380227565765381
音楽家，舞台芸術家,88250,54660,33580,-7.112363778907834,-4.411192893981934,-7.543194271422721,-4.929614543914795,-6.60071334038072,-4.596189022064209,-6.531276342031118,-4.005912780761719,-5.3757199622292555,-3.395312547683716,-4.6795333543339295,-3.314648151397705
音楽家,26080,16100,9980,-7.112363778907834,-4.411192893981934,-7.543194271422721,-4.929614543914795,-6.60071334038072,-4.596189022064209,-6.531276342031118,-4.005912780761719,-5.3757199622292555,-3.395312547683716,-4.6795333543339295,-3.314648151397705
舞踊家，俳優，演出家，演芸家,62160,38560,23600,-4.029294909411714,-1.399085283279419,-3.5135047790166496,-1.3509581089019775,-3.880605939690393,-0.9000135660171509,-3.6347515792460054,-1.3295499086380005,-4.055212951798476,-1.072417974472046,-3.607163701508496,-1.240062594413757
図書館司書，学芸員,31080,6220,24850,-8.974547491728805,-6.651706695556641,-8.846861887622524,-6.4088053703308105,-8.453362337505544,-4.772001266479492,-8.17645118687604,-4.169987201690674,-7.828783588555023,-5.723409652709961,-7.439137832538502,-5.485982894897461
個人教師（音楽）,70110,8860,61250,-6.598517774625589,-5.812884330749512,-6.992377068545367,-6.297021389007568,-6.5112428892659775,-1.9384504556655884,-6.812419076223631,-6.051390171051025,-7.7091845046472915,-6.230738639831543,-8.039742060609766,-6.53615665435791
個人教師（舞踊，俳優，演出，演芸）,19810,4570,15240,-3.6448482047510513,-1.399085283279419,-3.2667081984313757,-1.3509581089019775,-3.8050496359817854,-0.9000135660171509,-3.5111925134787687,-1.3295499086380005,-1.8797144817031977,-1.072417974472046,-1.983332974685205,-1.240062594413757
個人教師（スポーツ）,120470,55720,64740,-10.001538029153838,-7.938636779785156,-11.040554027299624,-8.466365814208984,-9.180440258433801,-6.597842216491699,-9.964985109664298,-7.801499843597412,-8.73687939971458,-7.423241138458252,-9.285195627728024,-7.938328742980957
個人教師（学習指導）,226070,118210,107860,-2.2386456090985365,-0.4333823919296264,-2.290546220702094,-1.2080137729644775,-2.194265853016431,-0.2126260548830032,-2.0832181500421987,-1.0054008960723877,-1.2289631794427187,-0.6983479857444763,-1.1545559260490779,-0.7301984429359436
個人教師（他に分類されないもの）,102960,24210,78740,-6.724514640924585,-4.733954906463623,-7.169723385089153,-4.52147912979126,-6.43829608145561,-4.124054431915283,-6.775296572092417,-4.355983734130859,-4.227248350172553,-3.5149662494659424,-4.222750204640466,-3.199560165405273
職業スポーツ従事者,11980,10940,1040,-6.363840084949523,-3.6341028213500977,-6.127580951999974,-3.912607192993164,-5.767573116389849,-4.240494728088379,-5.504650054751216,-4.0320963859558105,-5.87483058812964,-4.333430290222168,-5.417268079680365,-4.39128303527832
通信機器操作従事者,17770,14340,3430,-10.09218993805747,-7.178561687469482,-9.268133910926613,-7.009888172149658,-10.272581206023238,-7.611845970153809,-9.619841192219708,-6.875968456268311,-10.589264971609333,-7.829159736633301,-10.461407145938358,-8.19585132598877
他に分類されない専門的職業従事者,309100,182330,126770,-9.18756827871308,-7.286636829376221,-9.48473260209367,-8.068492889404297,-9.089577918744268,-1.8796229362487795,-9.38992557010135,-7.781908988952637,-8.461254098033177,-7.83086633682251,-8.399452637981724,-7.64695930480957
事務従事者,11756080,4600740,7155340,-4.345242520325057,-2.849371910095215,-3.793950043820046,-2.541293144226074,-4.523401802732744,-2.789169788360596,-4.017224732282999,-2.518522024154663,-3.089906163798034,-1.902603268623352,-3.141857553978224,-1.9421148300170896
一般事務従事者,8096860,3101820,4995050,-9.805851943620288,-7.403499126434326,-10.702797670622129,-8.719066619873047,-9.87111591382791,-7.2914228439331055,-10.697517575444403,-8.851921081542969,-8.594680676933462,-6.919950485229492,-8.968175217912004,-7.16337776184082
庶務・人事事務員,1057330,421240,636090,-3.857675337609444,-2.432955265045166,-3.3153260156914994,-2.3700053691864014,-4.378275232460663,-2.6188321113586426,-3.877370578211707,-2.5527262687683105,-3.103209379065128,-1.562325954437256,-3.1261034511231087,-2.0708885192871094
受付・案内事務員,369800,47960,321840,-5.066964129455217,-2.069849967956543,-4.361001409388877,-1.618900179862976,-5.0317179838209665,-1.6374231576919556,-4.20968226564897,-0.9890801906585692,-1.856947288258385,-1.3419153690338137,-2.233061100180085,-1.54462468624115
電話応接事務員,292540,64130,228410,-3.0658960906603863,-2.070265531539917,-2.9016497586224532,-2.090689182281494,-3.096481240432681,-1.8915272951126096,-2.7452534259976566,-1.992785215377808,-2.2185353659491502,-1.1223535537719729,-2.0963520206309654,-1.064591407775879
総合事務員,2639330,604330,2035000,-100.0,-100.0,-100.0,-100.0,-100.0,-100.0,-100.0,-100.0,-100.0,-100.0,-100.0,-100.0
会計事務従事者,1523600,375940,1147660,-9.660342023572849,-7.481152534484863,-10.18078731846165,-8.260165214538574,-9.435813874688767,-7.261289119720459,-9.849366664886475,-7.995766639709473,-6.308342398577974,-4.786438941955566,-6.5018293567605925,-5.332549095153809
会計事務従事者,1523600,375940,1147660,-9.660342023572849,-7.481152534484863,-10.18078731846165,-8.260165214538574,-9.435813874688767,-7.261289119720459,-9.849366664886475,-7.995766639709473,-6.308342398577974,-4.786438941955566,-6.5018293567605925,-5.332549095153809
生産関連事務従事者,584650,396420,188230,-6.918746794453104,-1.3150333166122437,-7.10056476657455,-5.984677791595459,-7.18310480263397,-5.692829608917236,-7.316962789844823,-5.981359481811523,-6.886413221140854,-6.220163345336914,-6.656860261350064,-5.917530536651611
生産関連事務従事者,584650,396420,188230,-6.918746794453104,-1.3150333166122437,-7.10056476657455,-5.984677791595459,-7.18310480263397,-5.692829608917236,-7.316962789844823,-5.981359481811523,-6.886413221140854,-6.220163345336914,-6.656860261350064,-5.917530536651611
営業・販売事務従事者,872440,417090,455350,-2.705501166691307,-0.3993081748485565,-2.9645459337814435,-1.231898069381714,-2.731745232152575,-1.2798141241073608,-2.8205260416945896,-1.2098474502563477,-2.9083036348109936,-1.3788443803787231,-3.035759871070449,-1.667341947555542
営業・販売事務従事者,872440,417090,455350,-2.705501166691307,-0.3993081748485565,-2.9645459337814435,-1.231898069381714,-2.731745232152575,-1.2798141241073608,-2.8205260416945896,-1.2098474502563477,-2.9083036348109936,-1.3788443803787231,-3.035759871070449,-1.667341947555542
外勤事務従事者,77390,27130,50260,-6.258300870429468,-3.44312047958374,-6.434649976524147,-4.666839599609375,-6.68722260089321,-3.933644771575928,-6.979066996961026,-4.230294227600098,-5.043454177507007,-3.187678575515747,-5.1425005261962475,-3.764570951461792
集金人,18690,7060,11630,-6.110417797365262,-2.357914447784424,-6.058368409002149,-3.993039608001709,-5.623503664977678,-2.950289726257324,-5.439986715445647,-1.017594337463379,-4.175913537731607,-2.592618942260742,-4.010581032649891,-2.5866239070892334
調査員,24460,10360,14090,-10.879000925835763,-7.565667152404785,-11.292448597985345,-8.364047050476074,-10.862079176283975,-7.958237648010254,-10.647634879962817,-8.714702606201172,-8.858680877976745,-6.740817546844482,-8.963085377538526,-6.429090023040772
運輸・郵便事務従事者,364410,221720,142700,-7.123527923613104,-4.143709182739258,-7.20362071733217,-5.239646434783936,-6.752913813554604,-4.49637508392334,-6.826435717376503,-3.990753650665283,-5.585985109096265,-3.7667236328125,-5.892438653353098,-4.040799140930176
運輸事務員,217830,155350,62480,-100.0,-100.0,-100.0,-100.0,-100.0,-100.0,-100.0,-100.0,-100.0,-100.0,-100.0,-100.0
郵便事務員,146590,66370,80220,-97.89588080107711,-6.95628547668457,-100.0,-100.0,-98.60720483037352,-8.367887496948242,-98.76475364130897,-7.645668506622314,-99.29474461169643,-7.611544132232666,-98.15762247910371,-8.741077423095703
事務用機器操作員,236720,60630,176100,-6.385689584353498,-3.9925382137298575,-7.1882586382530835,-4.862653255462647,-7.3414850890181444,-4.424575805664063,-8.035432035858566,-5.479659557342529,-4.955048637535736,-4.144874095916748,-5.0263983365651725,-4.1264328956604
パーソナルコンピュータ操作員,58290,20620,37670,-7.097754578553993,-2.4077937602996826,-7.292431586497539,-2.220977306365967,-7.1505854111591365,-2.086056709289551,-7.284761245186265,-6.169286727905273,-7.108010282953277,-1.268904209136963,-7.238456520679835,-1.21796452999115
データ・エントリー装置操作員,155710,26050,129660,-6.228131880286996,-3.928793430328369,-6.0944280237764925,-4.193031311035156,-6.68772651039007,-3.3297717571258545,-6.122486765320237,-3.843078136444092,-2.519556997386554,-1.06361722946167,-2.804599128864907,-1.165453314781189
販売従事者,6797870,3677260,3120600,-5.530608916100655,-3.0673747062683105,-5.505425337198618,-3.972301959991455,-5.731971666103101,-2.5482542514801025,-5.394884455848384,-3.4474191665649414,-4.060860955988177,-2.936523914337158,-4.418885943051931,-3.317614793777466
商品販売従事者,3704260,1304570,2399690,-6.303163293663782,-3.21195125579834,-6.617033610472808,-5.051894664764404,-6.207148544660962,-3.4086856842041016,-6.513955892743291,-4.618671894073486,-3.5625589767485173,-2.56551456451416,-3.4912458432687297,-2.553308486938477
小売店主・店長,303970,214400,89570,-5.458498527985493,-0.736603856086731,-5.834788564089182,-2.7112255096435547,-5.476319879065943,-3.035832405090332,-5.522764946963336,-3.329598426818848,-3.473728175381668,-1.5057072639465332,-3.159395914625477,-1.6642667055130005
卸売店主・店長,42430,36810,5620,-5.457217255621466,-0.736603856086731,-5.834788564089182,-2.7112255096435547,-5.473976511991661,-3.035832405090332,-5.522764946963336,-3.329598426818848,-3.473728175381668,-1.5057072639465332,-3.154430725284525,-1.6642667055130005
販売店員,3291060,1006170,2284900,-10.977268513832383,-7.891526699066162,-11.680341562709293,-7.953957080841064,-10.665035178643146,-7.957929134368896,-11.090044820630872,-8.977863311767578,-7.311797742625229,-5.868942260742188,-7.008071035952182,-5.799366474151611
商品訪問・移動販売従事者,23200,10540,12670,-6.328194350686692,-3.060173749923706,-6.700772340233262,-4.677597999572754,-6.000832847056498,-3.779618501663208,-6.201943339528264,-4.28228235244751,-4.201315299245238,-2.892175674438477,-3.9150715357548482,-2.714718818664551
再生資源回収・卸売従事者,14090,12840,1250,-3.344294025697781,-1.40269136428833,-3.3466422171206087,-2.021432399749756,-3.3962527631803323,-2.098292112350464,-3.1528892372105575,-1.9150176048278809,-2.541624534221096,-1.4413014650344849,-2.5994651462580705,-1.528095006942749
商品仕入外交員,29500,23830,5680,-7.716014407063258,-6.1448469161987305,-8.464131783794713,-5.734503746032715,-7.160830381262393,-5.335902214050293,-7.731100159722406,-5.093976974487305,-6.176350105809801,-4.583915710449219,-6.0035880836280615,-4.343611717224121
販売類似職業従事者,416210,229920,186290,-9.869784639081882,-8.027806282043457,-10.298618071788066,-8.9400053024292,-11.388638008641832,-8.749022483825684,-11.633612658526447,-8.6129732131958,-8.193001051895491,-4.862890720367432,-7.88410594978848,-4.550500869750977
不動産仲介・売買人,99270,72480,26790,-10.528055744316742,-7.727039337158203,-10.108368509524578,-7.103804111480713,-10.988194305478162,-8.805455207824707,-10.405997263418662,-7.57829475402832,-8.091949579369931,-6.275134086608887,-7.840779549366719,-6.174309730529785
保険代理・仲立人（ブローカー）,25610,18090,7520,-7.213449356210141,-3.5989444255828857,-8.416910416371113,-5.2919230461120605,-7.472361943193975,-2.9059529304504395,-8.423792191453883,-5.67860746383667,-4.6833437035101975,-2.7784101963043213,-4.822755261047466,-3.1647000312805176
営業職業従事者,2677390,2142770,534630,-5.248364985444163,-3.0071380138397217,-5.075319841101363,-2.979681491851806,-4.043480066852715,-1.5506188869476318,-3.760952745740478,-1.942672848701477,-1.3680798518293686,-0.4022755622863769,-1.0693597902317304,-0.3544938862323761
医薬品営業職業従事者,83260,72070,11180,-9.983971442885071,-7.411611557006836,-10.119470622088459,-7.1963653564453125,-9.975754850693331,-5.770077705383301,-10.338707173192823,-6.03014087677002,-10.00640641277983,-8.711464881896973,-10.265042988029686,-8.343926429748535
機械器具・通信・システム営業職業従事者,581280,527630,53640,-5.86792114854769,-3.111050128936768,-6.4707494619730355,-3.9351792335510254,-5.562476514859964,-2.718555450439453,-5.863029818277101,-3.731742858886719,-2.7232549509019344,-1.948073983192444,-3.0551468995777338,-1.8175363540649412
金融・保険営業職業従事者,467050,224690,242360,-7.157100925008759,-5.046551704406738,-7.378897357631374,-5.426329612731934,-7.224769770644094,-3.624319076538086,-6.753489471770622,-2.7998063564300537,-3.377055992606942,-0.7364023923873901,-3.7958935942198777,-1.4859058856964111
不動産営業職業従事者,138640,109080,29560,-9.383798752122253,-6.191272735595703,-10.097826351990571,-6.090198993682861,-10.18420767238122,-6.981083393096924,-10.62053500961613,-6.41436243057251,-7.764089784549393,-5.391528129577637,-8.584160814414153,-6.132363319396973
サービス職業従事者,6846830,2128320,4718510,-4.78458111522762,-3.028269052505493,-4.3505042839694665,-2.9530739784240723,-3.3435328734740044,-2.008075714111328,-2.9079283016758994,-1.67960786819458,-2.906411402098095,-2.063961744308472,-2.858569551158596,-2.120491743087769
家庭生活支援サービス職業従事者,20820,1160,19660,-2.2013989823465128,-0.8712571859359741,-2.4314916029169753,-0.4784058928489685,-1.6317818044251158,-0.4593547284603119,-1.6894010079873574,-0.5451581478118896,-5.151600375430275,-2.0182337760925293,-5.070886259143417,-1.7219176292419434
家政婦（夫），家事手伝い,7250,140,7120,-8.740501149010113,-6.523998737335205,-9.503100192224657,-7.951124668121338,-7.766206752252943,-6.030911445617676,-8.410757496550277,-6.987196445465088,-8.192916076601916,-7.307605743408203,-8.299324325613073,-7.325867652893066
介護サービス職業従事者,1634740,389720,1245020,-100.0,-100.0,-100.0,-100.0,-100.0,-100.0,-100.0,-100.0,-100.0,-100.0,-100.0,-100.0
介護職員（医療・福祉施設等）,1358960,357800,1001160,-9.872726367630122,-7.679595947265625,-10.189928409215566,-8.018627166748047,-9.636596763407,-7.532646179199219,-9.860444561855212,-7.9763875007629395,-10.060218592636458,-8.19946002960205,-10.244365821013579,-8.631643295288086
訪問介護従事者,275770,31920,243860,-4.261296128498689,-2.7731192111968994,-4.587528974623294,-3.2379324436187744,-5.0913441126583185,-3.01069450378418,-5.440803590658549,-3.498347043991089,-2.7869817619105333,-1.3050891160964966,-2.7238940121354283,-1.947316288948059
保健医療サービス職業従事者,305500,18150,287350,-6.644042349953688,-2.140977382659912,-8.009915197217786,-4.3212432861328125,-6.578123340169892,-2.48231840133667,-7.579509448360753,-4.045299530029297,-6.175480829850408,-2.989929676055908,-6.580525150170198,-4.750410079956055
看護助手,138040,10400,127640,-9.618748326337974,-6.002464294433594,-9.656854297663715,-7.576475143432617,-9.098034920583245,-5.557565689086914,-8.833631270640605,-6.161545753479004,-7.135655050059311,-5.459468364715576,-6.922351946701875,-5.948336601257324
生活衛生サービス職業従事者,750420,227520,522900,-5.055685378212965,-2.56715726852417,-5.649696709336461,-2.9753918647766118,-5.113193347253873,-1.6989156007766724,-5.222074846963625,-2.9367430210113525,-5.197828349266343,-3.928489923477173,-5.118865301480165,-3.5309295654296875
理容師,140770,82700,58080,-8.827038528355024,-6.5741376876831055,-8.713659818108017,-3.9747910499572754,-8.33431676871904,-3.7381937503814697,-8.267854745323593,-4.250897407531738,-8.689875289684034,-5.992947578430176,-8.651117402154046,-6.239905834197998
美容師,351060,88440,262630,-10.301422221060017,-7.77585506439209,-10.530240838592118,-8.502503395080566,-9.749438078348874,-6.946584701538086,-9.520984527227041,-7.186872482299805,-8.561475506265655,-6.188581466674805,-8.698165916107797,-6.582993984222412
美容サービス従事者（美容師を除く）,119220,5310,113910,-10.215187112793668,-7.4764580726623535,-10.491830742036974,-8.402881622314453,-10.304066017383837,-7.031891345977783,-10.486948757558256,-7.174328327178955,-8.183220299145647,-6.536967277526856,-8.39549817265691,-6.219529628753662
浴場従事者,34540,12610,21930,-4.745194145741354,-2.279078483581543,-4.594721391394332,-2.341507196426392,-4.854289734636554,-1.6155272722244265,-4.393579170510575,-2.0409531593322754,-4.510076794005532,-2.412227153778076,-4.73048323392868,-2.4614007472991943
クリーニング職，洗張職,104820,38460,66360,-9.83263779414519,-2.612949848175049,-11.344256417171374,-3.747253894805908,-7.6755209305814205,-1.937090516090393,-8.890402495055586,-1.171155571937561,-6.3651648969140675,-1.4927420616149902,-6.855742999025293,-4.232370376586914
飲食物調理従事者,1829800,708530,1121260,-93.43392498074597,-2.739312171936035,-76.56923259593346,-2.1341981887817383,-94.85393483402164,-1.1387546062469482,-91.46620166865554,-0.8082433938980103,-92.03740114292115,-3.534538507461548,-86.47907663197131,-2.2536184787750244
調理人,1822470,702590,1119870,-8.115498156947943,-4.66187047958374,-7.6383876832755835,-5.405245304107666,-7.803997032514966,-3.142641544342041,-7.151919216723056,-3.3565831184387207,-6.29807364485646,-4.522657871246338,-5.817700965984447,-4.684317111968994
バーテンダー,7330,5940,1390,-8.014665545398042,-6.200132369995117,-8.008944691838446,-7.0202956199646,-8.449355041707745,-6.721202850341797,-8.36285071115236,-7.220396041870117,-6.598453401609231,-5.926653861999512,-6.630735899951007,-5.909860610961914
接客・給仕職業従事者,1452570,453280,999290,-3.9096481672680103,-0.429793119430542,-3.716981484277828,-1.909877061843872,-4.521408662541222,-1.3473100662231443,-3.874260476312122,-1.5327616930007937,-1.4773009965437969,-0.8248474597930908,-1.7111831416149397,-0.7778594493865967
飲食店主・店長,114270,54020,60250,-5.471951654849161,-0.736603856086731,-5.834788564089182,-2.7112255096435547,-5.476319879065943,-3.035832405090332,-5.522764946963336,-3.329598426818848,-3.473728175381668,-1.5057072639465332,-3.159395914625477,-1.6642667055130005
旅館主・支配人,24510,17060,7450,-7.829419318046279,-4.554572582244873,-7.816970161489539,-5.42549991607666,-7.891637580085347,-4.597816467285156,-7.816385037190205,-5.461193084716797,-6.024050137468877,-3.0764222145080566,-6.504284803931777,-4.3664140701293945
飲食物給仕・身の回り世話従事者,887020,199290,687730,-2.28373504117245,-0.1302388608455658,-2.011144556306504,-0.0470064058899879,-2.782882728308212,-0.0462533086538314,-2.812799445202423,-0.0455886013805866,-1.787881982235508,-1.159865140914917,-1.7905897957247656,-0.964725136756897
接客社交従事者,18460,2370,16090,-6.913209573003172,-5.873776435852051,-7.244894388559702,-6.065441608428955,-6.911274844453535,-5.336915493011475,-7.213816694311194,-5.758114337921143,-6.007496222284914,-4.529934883117676,-6.014581345223092,-4.104225158691406
娯楽場等接客員,408310,180540,227770,-9.454118324600103,-7.58762264251709,-9.463477585766766,-8.205973625183105,-9.38219240785555,-7.221972465515137,-9.220311799564877,-7.4679274559021,-11.377661654057393,-10.236113548278809,-11.124810405679652,-9.647611618041992
居住施設・ビル等管理人,239760,179250,60510,-9.110552849660394,-6.095363140106201,-9.590457735834894,-6.628562927246094,-9.3129669546171,-6.261327266693115,-9.40109773262127,-6.974937438964844,-4.746089913462865,-3.294431447982788,-4.772582339273916,-3.583424568176269
マンション・アパート・下宿・寄宿舎・寮管理人,146920,101240,45680,-4.3993160205942985,-1.1787972450256348,-4.543568375142845,-1.9633868932724,-3.7028223294338196,-0.9533960819244384,-2.6540406853766054,-1.119819402694702,-3.893278390396642,-1.4411001205444336,-4.316503932347169,-1.985203504562378
ビル管理人,42610,34440,8170,-9.32955449956064,-6.917290210723877,-9.111831871238914,-7.71496057510376,-9.578263009777507,-7.545656681060791,-9.358483134089289,-7.706991672515869,-7.105170661256514,-5.490187644958496,-6.769418568224521,-5.321866989135742
駐車場管理人,50230,43560,6670,-8.66951386983158,-7.01363468170166,-9.137265511461207,-7.438517093658447,-8.896048542197423,-7.3212432861328125,-9.440100772960767,-7.886716365814209,-9.119694862656921,-7.987117767333984,-9.180213245185646,-7.783320426940918
旅行・観光案内人,15860,7390,8470,-5.094131484286476,-1.4503884315490725,-5.463091658579336,-3.843476295471192,-5.316256843450415,-2.789140462875366,-5.339207325432752,-3.6464710235595694,-3.804360034811588,-2.5083601474761963,-4.193946003913879,-2.6106820106506348
物品一時預り人,910,360,550,-4.730328756434317,-3.645790100097656,-4.70247289296743,-3.910248279571533,-5.149009657270126,-4.187205314636231,-5.1653471315229265,-4.281253337860107,-5.871027833632841,-4.974469184875488,-6.061868954349208,-5.28424882888794
物品賃貸人,63760,36140,27630,-99.29731423254232,-7.948164463043213,-100.0,-100.0,-100.0,-100.0,-100.0,-100.0,-100.0,-100.0,-100.0,-100.0
広告宣伝員,26890,9360,17530,-100.0,-100.0,-100.0,-100.0,-100.0,-100.0,-100.0,-100.0,-100.0,-100.0,-100.0,-100.0
葬儀師，火葬作業員,49200,26300,22900,-8.763630179048494,-4.758508682250977,-8.647302946528873,-6.310658931732178,-8.525806623560781,-5.756366729736328,-7.938695040909019,-5.781778335571289,-7.147956556946267,-4.463265419006348,-7.047637443284731,-4.568236351013184
他に分類されないサービス職業従事者,456590,71160,385430,-9.18756827871308,-7.286636829376221,-9.48473260209367,-8.068492889404297,-9.150049886630692,-7.168137550354004,-9.38992557010135,-7.781908988952637,-8.461254098033177,-7.83086633682251,-8.399452637981724,-7.64695930480957
保安職業従事者,1104210,1019900,84310,-10.170827541642517,-7.218925476074219,-10.24224557747712,-9.061717987060549,-8.330290499534316,-3.932631969451904,-8.484879577482069,-6.795572280883789,-4.373788453240431,-3.3352291584014893,-4.365153182197261,-3.087310075759888
保安職業従事者,1104210,1019900,84310,-10.170827541642517,-7.218925476074219,-10.24224557747712,-9.061717987060549,-8.330290499534316,-3.932631969451904,-8.484879577482069,-6.795572280883789,-4.373788453240431,-3.3352291584014893,-4.365153182197261,-3.087310075759888
自衛官,230380,210390,19990,-7.619376848672182,-4.816397666931152,-8.02910166495555,-5.70217752456665,-6.975279242027807,-3.3752429485321045,-6.795568324424125,-4.576643943786621,-7.175787296003968,-4.922145366668701,-7.321901962563798,-5.601846694946289
警察官，海上保安官,251160,220960,30200,-5.899792330865641,-3.508363008499145,-6.013790832983481,-3.0357537269592285,-5.425477308171396,-2.6585886478424072,-4.957761677535805,-2.4771361351013184,-3.3698599957327806,-2.4357314109802246,-3.30671488352724,-1.8027647733688357
消防員,148580,144230,4350,-9.141663707849634,-6.708345890045166,-9.774594674239287,-8.21368408203125,-8.764768101786839,-6.2857346534729,-8.966566514324498,-7.071681976318359,-9.141098135300265,-6.50108814239502,-9.476460962682157,-7.528386116027832
警備員,374690,357250,17440,-11.150026386930742,-8.035831451416016,-12.17909769754152,-10.11001205444336,-10.300235449812794,-7.65049934387207,-10.94294186540552,-9.003575325012207,-7.432319990551199,-4.741775989532471,-7.841930192870063,-5.874940872192383
他に分類されない保安職業従事者,84720,73910,10810,-5.170578210408451,-3.758109569549561,-5.7615107942271875,-4.214523315429688,-5.206720124674208,-3.740312576293945,-5.717942237854004,-4.314918041229248,-4.234318525736569,-3.070389747619629,-4.054248371639767,-2.853949069976806
農林漁業従事者,1898800,1205200,693600,-6.051194181879058,-2.450265407562256,-6.520109115420161,-4.570371627807617,-6.3116917227970735,-2.588823080062866,-6.368099409180719,-4.396322250366211,-3.825193541650554,-2.40097975730896,-4.214755720383412,-3.128309965133667
農業従事者,1735160,1067910,667250,-3.787095725081349,-2.0365853309631348,-3.6539538857099174,-1.694223165512085,-3.6358442979914543,-1.8933532238006592,-3.010288189391832,-1.2321302890777588,-2.1062472244255415,-0.8083769679069519,-2.2521469214478054,-1.0091544389724731
農耕従事者,1452780,850400,602380,-6.747794617223375,-4.5391035079956055,-6.792909612526765,-3.683815240859986,-6.943051525654684,-2.349771499633789,-6.662107137409416,-2.3679325580596924,-3.599494712953349,-1.5429097414016724,-4.041979611725421,-1.4018021821975708
養畜従事者,154470,99790,54670,-2.09907030740767,-0.4026163220405578,-1.720884835397875,-0.5456234216690063,-2.078922313133269,-0.3708681464195251,-1.5024112181083575,-0.3841846585273742,-1.9881074847155855,-0.6402879357337952,-2.1057754352286056,-1.04774808883667
植木職，造園師,122810,113350,9460,-7.770574380423277,-5.860198497772217,-7.2332637116715714,-4.048946380615234,-7.5358980739389665,-5.576870918273926,-6.593926403973554,-4.745181083679199,-8.33477088695264,-4.376401901245117,-8.305203959748551,-6.223837852478027
林業従事者,43710,40980,2730,-3.3187126894943586,-0.5344666242599487,-3.5387802985874384,-1.7132469415664673,-3.1124975845103955,-0.90797221660614,-2.622300646192319,-0.8823723793029785,-2.065615772290994,-0.8554631471633911,-1.916221242498707,-0.9007279872894288
育林従事者,17480,16160,1320,-2.373542334628469,-0.1469132155179977,-2.8467421161161885,-1.089527606964111,-3.507180412762038,-0.2600533962249756,-3.3885541461609505,-1.6276236772537231,-3.2295353061711514,-0.062923364341259,-3.793656238027521,-1.9299266338348389
伐木・造材・集材従事者,20480,19990,490,-3.6230271431325956,-0.642566978931427,-3.1754312998539693,-1.2568334341049194,-3.4625596073065097,-0.1466583460569381,-2.869870861941898,-0.2244137972593307,-2.6139501017582325,-0.1026504412293434,-2.445678969090049,-0.9258065819740297
漁業従事者,119930,96310,23620,-4.052723332215812,-1.6714636087417605,-3.8903061006520248,-2.0142698287963867,-3.0040543816471827,-0.7285946607589722,-2.286087085669105,-0.7102999687194824,-1.9000815162221893,-1.055258870124817,-1.8941367852526743,-0.9544129967689514
漁労従事者,66470,57690,8780,-4.076547809229552,-1.4829927682876587,-4.591857831220369,-2.373016357421875,-4.119869920133635,-0.5990138053894043,-4.276889671345015,-1.7451828718185425,-3.343224375302555,-0.97014057636261,-3.6977639665474764,-2.5965347290039062
船長・航海士・機関長・機関士（漁労船）,6510,6490,10,-2.9674333807166295,-0.9431694746017456,-2.338054180547998,-0.7391980886459351,-2.817876770751167,-0.8845902681350708,-2.247172518356426,-0.8814899921417236,-1.1776018957145342,-0.5299637317657471,-1.062536699344983,-0.4966346323490143
海藻・貝採取従事者,10280,7380,2900,-4.7013972158764155,-0.0496111884713172,-4.576309100196168,-1.0022157430648804,-4.75477396258871,-1.7610052824020386,-3.9664418858450814,-1.3944463729858398,-1.807454919542065,-0.1359371244907379,-2.1707454729523206,-0.2024893313646316
水産養殖従事者,33980,23960,10020,-4.163738149723024,-1.7967994213104248,-4.477174358593451,-1.654446721076965,-4.294921424097687,-0.9208009839057922,-4.261363110026798,-2.219285726547241,-1.5504035117061994,-0.8326014876365662,-1.5372768942568753,-0.99650901556015
生産工程従事者,7534000,5263320,2270670,-5.87050199508667,-3.9411678314208975,-5.889394850344272,-4.387811183929443,-6.222511346103581,-3.0829029083251958,-6.0924122172432975,-4.299598217010498,-3.3836562651714295,-2.3163583278656006,-3.32779526388323,-2.4921717643737797
製品製造・加工処理従事者（金属製品）,1073520,970440,103080,-5.07833317217936,-2.525465726852417,-5.422403730250694,-2.4981493949890137,-4.742121376154077,-2.51404881477356,-5.098007145765665,-2.512760162353516,-3.040805331623281,-1.951510310173035,-3.0896000974887126,-2.5519847869873047
製銑・製鋼・非鉄金属製錬従事者,39090,37830,1250,-3.7137988723302615,-0.0946425125002861,-4.161355709707415,-2.5644731521606445,-3.342654543068573,-1.0645747184753418,-2.889386589462693,-1.444866418838501,-2.9602043719692084,-1.1280343532562256,-3.094519746464652,-1.846943974494934
鋳物製造・鍛造従事者,36120,34420,1700,-6.419442275098262,-4.631443977355957,-6.560421975883278,-5.172811508178711,-5.970239318964135,-3.930629253387451,-5.751944888282466,-3.954401731491089,-4.191643734924666,-3.385913848876953,-4.250082632979831,-3.2775821685791016
金属工作機械作業従事者,152140,139960,12180,-5.093301829490953,-3.3422372341156006,-5.135311036496549,-3.720283269882202,-6.392767924388856,-4.752257823944092,-6.384167042938438,-4.661886692047119,-7.563849543797151,-6.430590629577637,-7.3326430191864835,-6.22639274597168
金属プレス従事者,61420,52140,9280,-6.673497032573205,-4.466889381408691,-6.1283592114577425,-4.726282596588135,-6.707357293776884,-4.262177467346191,-6.384128944293873,-4.90062427520752,-7.175968443164389,-4.810904502868652,-6.779476078780922,-4.915808200836182
鉄工，製缶従事者,53660,51960,1700,-3.3365613633894737,-0.3879632949829101,-3.007769263273961,-0.9046261310577391,-3.1717414118861424,-0.5861009359359741,-2.7336279500175165,-1.3560816049575806,-2.1564154558964357,-0.4431098401546478,-2.188005137282449,-0.8576240539550781
板金従事者,73170,69470,3710,-2.115612749835007,-0.9683210849761964,-1.918906480879397,-0.8142745494842529,-1.805551214982535,-0.6992718577384949,-1.5184761092469499,-0.2448571920394897,-2.0831319093704224,-0.8963728547096252,-2.3450676251102136,-1.1736713647842407
金属彫刻・表面処理従事者,37220,32700,4510,-7.181975058926881,-5.370523929595947,-6.804585131439003,-4.922770977020264,-7.243497247914322,-4.974545001983643,-7.1818672934093994,-5.154842376708984,-4.179366617712356,-3.3199477195739746,-3.9747271183374764,-3.236660480499268
金属溶接・溶断従事者,163710,157300,6410,-2.999117346210334,-0.9211161136627196,-2.2613115689238987,-0.868680477142334,-3.599795277792079,-1.0993049144744873,-2.8174038247482196,-1.000009298324585,-2.271588935651852,-0.8518255352973938,-2.4066406697840304,-1.4502713680267334
製品製造・加工処理従事者（金属製品を除く）,3018290,1635240,1383050,-5.07833317217936,-2.525465726852417,-5.422403730250694,-2.4981493949890137,-4.742121376154077,-2.51404881477356,-5.098007145765665,-2.512760162353516,-3.040805331623281,-1.951510310173035,-3.0896000974887126,-2.5519847869873047
化学製品製造従事者,219640,168950,50690,-8.02988336286472,-4.8225297927856445,-8.082835145898768,-6.432337760925293,-8.245929266660267,-4.720521926879883,-8.328740377683896,-6.193219661712647,-7.479577865309388,-6.47634220123291,-7.2578755198298275,-6.257013320922852
窯業・土石製品製造従事者,139770,117400,22370,-3.1911645886552242,-0.9374435544013976,-3.135510608151152,-1.2903034687042236,-2.2961500896752334,-0.6788471341133118,-1.9938508638659038,-0.8174809217453003,-0.9488655824697655,-0.3261846005916595,-0.9073345302729994,-0.3959368467330932
食料品製造従事者,1227480,476590,750890,-100.0,-100.0,-100.0,-100.0,-100.0,-100.0,-100.0,-100.0,-100.0,-100.0,-100.0,-100.0
飲料・たばこ製造従事者,45150,34290,10850,-5.899471483157791,-4.195977210998535,-5.878647762375909,-4.290805339813232,-5.572843094818465,-3.3466105461120605,-5.206782279787837,-3.3127317428588867,-5.171681964670428,-4.136741638183594,-5.3859901476550744,-3.693338394165039
紡織・衣服・繊維製品製造従事者,274370,88650,185720,-3.8252217724123074,-1.687501311302185,-3.3901134874369645,-1.8328547477722168,-4.932063250141289,-2.523732662200928,-4.148439305054175,-1.4850268363952637,-1.2062197912285346,-0.2955659627914428,-1.3642983925906387,-0.2246208488941192
木・紙製品製造従事者,273160,214470,58690,-100.0,-100.0,-100.0,-100.0,-100.0,-100.0,-100.0,-100.0,-100.0,-100.0,-100.0,-100.0
印刷・製本従事者,180700,126450,54250,-3.28050538783765,-0.346642255783081,-3.6388260939636745,-1.0919866561889648,-2.8089254066234326,-0.6358032822608948,-2.923131874686963,-0.9430457949638368,-1.6576747719113154,-0.3482516407966614,-1.8812006117927063,-0.3301907181739807
ゴム・プラスチック製品製造従事者,298880,219140,79740,-4.37273389510526,-3.373682975769043,-4.648474079531592,-3.4454870223999023,-4.0498457227954425,-2.870173454284668,-4.367786834368834,-3.249845266342163,-5.732499235458956,-4.102907180786133,-5.9578201609688834,-4.814245223999023
機械組立従事者,1261100,969420,291680,-8.58120838194403,-5.662600517272949,-8.824260924313519,-6.622106552124023,-7.797076185241,-5.539129734039307,-7.62231179508003,-5.590208530426025,-7.135856784937036,-4.260926246643066,-7.318759460706969,-4.882801532745361
はん用・生産用・業務用機械器具組立従事者,334370,280020,54350,-4.416858991593805,-2.189462184906006,-4.375340761365117,-2.539299964904785,-3.717055191520516,-1.7238752841949463,-3.410462354486053,-1.830204486846924,-4.155710926492706,-0.6598703861236572,-4.165989845185666,-2.6966328620910645
電気機械器具組立従事者,485760,321610,164150,-6.564889190761187,-4.853262901306152,-6.6071647985561475,-4.343495845794678,-6.5476517495308215,-4.394819736480713,-6.611454077669092,-4.74251651763916,-7.774524834319835,-5.744933605194092,-7.516457432025188,-5.893166542053223
自動車組立従事者,344560,291780,52790,-100.0,-100.0,-100.0,-100.0,-100.0,-100.0,-100.0,-100.0,-100.0,-100.0,-100.0,-100.0
輸送機械組立従事者（自動車を除く）,52740,48120,4630,-6.145178270703964,-5.057042121887207,-5.597769247519003,-2.600481986999512,-6.840560323409452,-5.446263790130615,-6.310663555119489,-4.472015380859375,-7.336437851418066,-6.031637668609619,-7.120730393641704,-5.559882164001465
計量計測機器・光学機械器具組立従事者,43660,27900,15760,-6.323885808464225,-4.210591793060303,-6.670760792654914,-4.620009422302246,-6.2479042843097945,-3.83762001991272,-6.540025073128778,-4.547072410583496,-5.795360783584245,-2.371140956878662,-5.7928653472178695,-4.349595069885254
機械整備・修理従事者,942120,912580,29530,-5.9227330684661865,-3.1242358684539795,-5.582120412104839,-4.222878456115723,-6.098446532970167,-4.466523170471191,-5.481743525814366,-3.80062198638916,-3.062672605951324,-2.1592581272125244,-3.0387486670468307,-2.2025628089904785
はん用・生産用・業務用機械器具整備・修理従事者,401150,388710,12440,-4.39357513325815,-2.189462184906006,-4.345764653102772,-2.539299964904785,-3.717055191520516,-1.7238752841949463,-3.4041018687389992,-1.830204486846924,-3.0219476150192377,-0.6598703861236572,-3.0309737260277205,-2.2025628089904785
電気機械器具整備・修理従事者,93070,86700,6370,-5.694012392568224,-3.1242358684539795,-5.4138409414806885,-4.222878456115723,-5.706636286873854,-4.394819736480713,-5.272390539581711,-3.80062198638916,-3.0748573368742265,-2.1592581272125244,-3.039033936487662,-2.2025628089904785
自動車整備・修理従事者,376070,368820,7250,-6.05714789055686,-3.1242358684539795,-5.603058766674351,-4.222878456115723,-6.258901283031202,-4.466523170471191,-5.5516724522049365,-3.80062198638916,-3.0748573368742265,-2.1592581272125244,-3.039033936487662,-2.2025628089904785
輸送機械整備・修理従事者（自動車を除く）,58640,56790,1850,-3.862480107154555,-2.6528983116149902,-3.3534874078389763,-1.961533784866333,-3.8372279560292952,-2.327641010284424,-3.2695244284900458,-1.8273967504501345,-2.9995623781480862,-2.1592581272125244,-2.8828018033826672,-1.9678571224212649
計量計測機器・光学機械器具整備・修理従事者,13190,11570,1620,-5.565558042235047,-3.1242358684539795,-5.403656244277954,-4.222878456115723,-5.443006211564741,-3.83762001991272,-5.223530750016908,-3.80062198638916,-3.0654195720002853,-2.1592581272125244,-3.039033936487662,-2.2025628089904785
製品検査従事者,369160,156130,213030,-6.793269128289841,-4.086243629455566,-7.243433143641497,-4.947400093078613,-6.380893925674089,-4.177586555480957,-6.7505073998425456,-4.789431095123291,-5.055637672657275,-3.8187813758850098,-4.802935145996712,-4.0925469398498535
金属製品検査従事者,85860,48910,36950,-12.776812830044113,-11.04294776916504,-12.31346333026886,-7.158329486846924,-12.937582743986873,-10.77066707611084,-12.177664038297292,-7.702232837677002,-12.58271811390651,-11.098135948181152,-12.284505347947817,-10.17979907989502
化学製品検査従事者,42810,18760,24050,-9.903701072430792,-7.858335971832275,-9.605090495702383,-8.157976150512695,-9.533309907403611,-6.481108665466309,-9.112616622770155,-5.68240213394165,-8.913414139784019,-7.684028625488281,-8.458586209529155,-7.162929058074951
窯業・土石製品検査従事者,22560,15110,7460,-3.196860080911913,-0.9374435544013976,-3.144423068375201,-1.2903034687042236,-2.2961500896752334,-0.6788471341133118,-1.9938508638659038,-0.8174809217453003,-0.9488655824697655,-0.3261846005916595,-0.9073345302729994,-0.3959368467330932
食料品検査従事者,48280,16080,32200,-100.0,-100.0,-100.0,-100.0,-100.0,-100.0,-100.0,-100.0,-100.0,-100.0,-100.0,-100.0
飲料・たばこ検査従事者,5510,2390,3130,-5.899471483157791,-4.195977210998535,-5.878647762375909,-4.290805339813232,-5.572843094818465,-3.3466105461120605,-5.206782279787837,-3.3127317428588867,-5.171681964670428,-4.136741638183594,-5.3859901476550744,-3.693338394165039
紡織・衣服・繊維製品検査従事者,24020,4470,19550,-3.8253287222549206,-1.687501311302185,-3.3901134874369645,-1.8328547477722168,-4.932063250141289,-2.523732662200928,-4.150701961807303,-1.4850268363952637,-1.2062197912285346,-0.2955659627914428,-1.3642983925906387,-0.2246208488941192
木・紙製品検査従事者,13570,5340,8230,-100.0,-100.0,-100.0,-100.0,-100.0,-100.0,-100.0,-100.0,-100.0,-100.0,-100.0,-100.0
印刷・製本検査従事者,13380,4500,8880,-4.239553354168666,-1.7474945783615112,-4.223111004442782,-2.4624099731445312,-3.794211814421734,-1.912187457084656,-3.662709442344872,-1.687523365020752,-2.361718092938416,-0.3482516407966614,-2.862311754879114,-0.3301907181739807
ゴム・プラスチック製品検査従事者,77620,23950,53670,-4.352891550719283,-3.373682975769043,-4.648474079531592,-3.4454870223999023,-4.0498457227954425,-2.870173454284668,-4.367786834368834,-3.249845266342163,-5.732499235458956,-4.102907180786133,-5.9578201609688834,-4.814245223999023
機械検査従事者,285770,168760,117010,-9.176329033975383,-6.489784240722656,-9.900629697619257,-6.9272780418396,-8.984079120723345,-6.429275989532471,-9.398778071274629,-6.75303840637207,-5.2153489498691705,-4.041707515716553,-5.356330188545021,-4.129903316497803
はん用・生産用・業務用機械器具検査従事者,58480,38250,20230,-4.416858991593805,-2.189462184906006,-4.375340761365117,-2.539299964904785,-3.717055191520516,-1.7238752841949463,-3.410462354486053,-1.830204486846924,-4.155710926492706,-0.6598703861236572,-4.165989845185666,-2.6966328620910645
電気機械器具検査従事者,118190,59250,58940,-6.564889190761187,-4.853262901306152,-6.6071647985561475,-4.343495845794678,-6.5476517495308215,-4.394819736480713,-6.611454077669092,-4.74251651763916,-7.774524834319835,-5.744933605194092,-7.516457432025188,-5.893166542053223
自動車検査従事者,87440,56650,30790,-100.0,-100.0,-100.0,-100.0,-100.0,-100.0,-100.0,-100.0,-100.0,-100.0,-100.0,-100.0
輸送機械検査従事者（自動車を除く）,10500,9130,1370,-3.92675208226415,-1.3239365816116333,-2.9091787072452338,-0.976963996887207,-3.6090882543389124,-1.2950750589370728,-2.6692585341028265,-0.7943055629730225,-2.962159757395737,-1.561711668968201,-2.504403381734281,-1.4080164432525637
計量計測機器・光学機械器具検査従事者,11160,5480,5680,-6.323885808464225,-4.210591793060303,-6.670760792654914,-4.620009422302246,-6.2479042843097945,-3.83762001991272,-6.540025073128778,-4.547072410583496,-5.795360783584245,-2.371140956878662,-5.7928653472178695,-4.349595069885254
生産関連・生産類似作業従事者,584040,450740,133290,-4.246995143307984,-3.103017807006836,-4.180148520985165,-3.161490201950073,-5.3100220920475385,-3.353055953979492,-5.343129847500776,-3.935724258422852,-3.276103642150646,-2.1599152088165283,-3.3950426546303003,-2.617342948913574
画工，塗装・看板制作従事者,232980,207990,24990,-0.8093147318781787,-0.0815652981400489,-0.8071468916495104,-0.0750614181160926,-0.8050943312469785,-0.0614288635551929,-0.7729005198422316,-0.0546998232603073,-0.06906603686227142,-0.0166060850024223,-0.049061674247118256,-0.0218350477516651
生産関連作業従事者（画工，塗装・看板制作を除く）,289300,201080,88220,-6.03975785961588,-4.095340728759766,-6.291938701191464,-4.0862650871276855,-6.592769531803277,-3.938809394836426,-6.791976677404867,-4.320759296417236,-5.8282812387888665,-4.091663837432861,-5.779427019325462,-4.449985504150391
生産類似作業従事者,61760,41670,20080,-4.246995143307984,-3.103017807006836,-4.180148520985165,-3.161490201950073,-5.348021489063292,-3.353055953979492,-5.343129847500776,-3.935724258422852,-4.209412998825539,-3.041936159133911,-3.9947401704014958,-3.144524097442627
輸送・機械運転従事者,1983330,1907110,76220,-5.864575983003806,-3.9773812294006343,-4.9947717656960355,-3.3697423934936523,-5.979183946857016,-3.777071475982666,-5.2245573369232385,-2.9424068927764893,-3.3993145300231817,-1.8974088430404663,-3.495608057524707,-2.110426187515259
鉄道運転従事者,37130,35570,1560,-4.6377913915474,-2.615658760070801,-5.239835465276563,-3.0903782844543457,-4.952015221573924,-3.344062805175781,-5.401893425632167,-3.6160502433776855,-4.407991347422127,-3.564967155456543,-4.854325162397848,-4.004545211791992
鉄道運転従事者,37130,35570,1560,-4.6377913915474,-2.615658760070801,-5.239835465276563,-3.0903782844543457,-4.952015221573924,-3.344062805175781,-5.401893425632167,-3.6160502433776855,-4.407991347422127,-3.564967155456543,-4.854325162397848,-4.004545211791992
自動車運転従事者,1445820,1387800,58020,-100.0,-100.0,-100.0,-100.0,-100.0,-100.0,-100.0,-100.0,-100.0,-100.0,-100.0,-100.0
自動車運転従事者,1445820,1387800,58020,-100.0,-100.0,-100.0,-100.0,-100.0,-100.0,-100.0,-100.0,-100.0,-100.0,-100.0,-100.0
船舶・航空機運転従事者,27900,27440,470,-5.246688207597223,-3.4427952766418457,-5.341533971799387,-3.080893516540528,-4.9469916659002084,-0.2528403103351593,-4.562560218411523,-2.57402777671814,-4.215718121929023,-2.3077151775360107,-4.973241817306828,-2.916517972946167
船長・航海士・運航士（漁労船を除く），水先人,14390,14140,250,-5.626891432628605,-0.0083158193156123,-5.491257283795701,-0.0028495681472122,-4.806123798841056,-0.0059971627779304,-4.683143424939968,-0.0047793434932827,-5.097007944451232,-0.0074588148854672,-5.76308971160167,-3.364658832550049
船舶機関長・機関士（漁労船を除く）,6470,6430,30,-7.732953319112763,-5.143008232116699,-8.036678091899768,-5.701291084289551,-6.957336360261641,-5.549252033233643,-7.220342413799183,-4.903627395629883,-7.849165869123153,-6.877504825592041,-8.296646385579496,-7.32720136642456
航空機操縦士,7040,6860,180,-6.498570351200249,-4.170388221740723,-7.345735810898446,-5.072749614715576,-6.665572070210945,-0.2528403103351593,-7.436421223588892,-5.397728443145752,-5.761604625760144,-3.883856296539306,-6.3160121344231275,-4.194084167480469
車掌,23060,17360,5710,-4.405656758155532,-1.659356713294983,-4.384812084404198,-2.137730121612549,-4.203583876595243,-1.5946677923202517,-3.6284475842037716,-1.5106136798858645,-2.987409165797343,-1.6572402715682983,-2.970478724788975,-1.8107281923294067
甲板員，船舶技士・機関員,14360,14100,260,-4.8427827649444115,-2.6583523750305176,-5.677380855019028,-3.372844219207764,-5.0242217897458845,-2.6153292655944824,-5.954017513507122,-3.42069673538208,-6.7582579023055445,-5.016433238983154,-7.310483127026944,-5.072387218475342
他に分類されない輸送従事者,100700,95620,5090,-1.2405614993954432,-0.470798909664154,-1.345975183957332,-0.6354008316993713,-1.8940265660977547,-0.6930509805679321,-2.019534357093476,-0.7255342602729797,-0.5060490447146292,-0.3507943451404571,-0.45754156845646937,-0.2997936308383941
定置・建設機械運転従事者,334350,329240,5120,-3.980657371855874,-1.7290890216827393,-3.377242396812181,-1.4354506731033323,-3.527212796320442,-1.0170491933822632,-2.9244248899253638,-1.0599677562713623,-0.6237766129028706,-0.1140876188874244,-0.5256978950991824,-0.1877515166997909
発電員，変電員,34390,34010,380,-8.784647333712979,-6.7198100090026855,-9.115049239751455,-7.46026611328125,-8.526378012795485,-3.963794708251953,-8.723404030542117,-5.918331623077393,-7.988112132967883,-6.477524757385254,-7.841203051644403,-6.666922569274902
ボイラー・オペレーター,7550,7540,10,-8.702291561447026,-6.446781635284424,-8.773101255700395,-7.6765947341918945,-8.917515940338602,-6.564003944396973,-8.955780519021523,-7.9989013671875,-8.389692666876407,-6.918294906616211,-8.66922676563263,-7.791735649108887
クレーン・ウインチ運転従事者,48070,47590,480,-9.349141488548453,-7.043934345245361,-9.649625842635697,-8.15355110168457,-10.109616563520358,-8.247035026550293,-10.085698540146286,-8.388032913208008,-7.675382650535525,-5.823888301849365,-8.24867194407695,-6.436060428619385
建設・さく井機械運転従事者,86830,86150,690,-7.48755626824066,-5.704379081726074,-7.586866842733847,-4.879149913787842,-6.774589855252332,-4.705907821655273,-6.561480228965347,-4.260587692260742,-4.740189887185133,-3.254563331604004,-4.711402419451121,-3.495915174484253
建設・採掘従事者,2447480,2384560,62920,-6.206950032984027,-3.746931552886963,-5.618081397301442,-2.094928979873657,-6.248511201552763,-3.27428674697876,-5.403013056999928,-3.1588451862335205,-4.7152818468690825,-3.254563331604004,-4.717980529810931,-3.495915174484253
建設・土木作業従事者,1940120,1888080,52030,-7.392911037415948,-2.4081592559814453,-7.5295384026862475,-4.879149913787842,-6.777283028791879,-1.956691861152649,-6.49857796527244,-4.260587692260742,-4.317981090254456,-2.173085451126098,-4.378042006814802,-2.966580629348755
型枠大工,40840,40240,600,-5.265107668993127,-1.6534409523010254,-5.178762371475632,-2.9106547832489014,-5.204607810682923,-0.7055333852767944,-5.560823687025018,-2.7985594272613525,-4.836836793040502,-3.074143409729004,-4.498881038781759,-3.1915407180786133
とび職,111940,110310,1630,-19.0514023904582,-11.049598693847656,-20.20651220630955,-13.438060760498049,-18.70480221464434,-11.615065574645996,-19.93414821495881,-12.35585880279541,-12.637241938641964,-9.899120330810549,-12.796187213949255,-10.535890579223633
鉄筋作業従事者,28990,28540,450,-7.943667866801488,-5.725779056549072,-8.641881730105426,-7.067002773284912,-8.135283393714264,-5.017304420471191,-8.738738259753665,-7.314227104187012,-5.170640401257813,-3.6011290550231934,-4.996908173367784,-3.5130136013031006
大工,297900,293360,4540,-3.2794395466797224,-1.8637850284576416,-2.710649218108203,-1.5476781129837036,-3.5861625716886447,-1.6677818298339844,-2.982668233078879,-1.7717645168304443,-2.245413874851838,-0.7640841007232666,-2.17995735600188,-1.4988682270050049
ブロック積・タイル張従事者,24510,23950,560,-6.832588840076942,-3.331746816635132,-6.846205208752607,-3.688461780548096,-7.4027884352298186,-3.5995726585388184,-7.907739015849861,-3.765953779220581,-6.957567251365603,-4.028056144714356,-6.864709398230991,-3.9232239723205566
屋根ふき従事者,17010,16540,480,-5.95634199826772,-4.774580001831055,-5.752420457633766,-4.417879104614258,-6.135339092662316,-3.9931321144104,-6.0412965110830354,-4.65299654006958,-5.156670006176897,-4.433793067932129,-4.979673379176372,-4.123082160949707
左官,59890,58610,1280,-0.8732174859019636,-0.1551022976636886,-0.5963929213986203,-0.1491242945194244,-1.2635372940820593,-0.1990637779235839,-0.7763410795580696,-0.1964532732963562,-0.2645933351671423,-0.0626634061336517,-0.15816103615420493,-0.0266147200018167
畳職,9130,8440,690,-4.1303276196690915,-1.982243537902832,-3.561696568856368,-1.937630295753479,-7.493444173390628,-4.303340911865234,-7.264107668721998,-3.7938833236694336,-1.0244885140191053,-0.0566746778786182,-0.8272619609897202,-0.0739630013704299
配管従事者,220720,217240,3480,-2.939505362328682,-1.5059962272644043,-2.399466494450698,-1.2108700275421145,-3.7840090562369078,-1.6802736520767212,-2.9347627122659943,-1.1011428833007812,-0.7131658505847436,-0.2571339607238769,-0.7930843060886538,-0.2404751479625702
土木従事者,456900,447610,9290,-4.861720121543826,-2.322683334350586,-4.272317783252613,-2.1714773178100586,-4.158504798212125,-1.3648592233657837,-2.9985920706310787,-0.865680456161499,-2.9957961963333246,-1.09713876247406,-2.7197938053994566,-1.12129545211792
鉄道線路工事従事者,24750,24750,-,-4.482863520847932,-3.121978282928467,-4.8352618056374626,-2.7613914012908936,-4.419200085501634,-2.7421979904174805,-4.815437734127045,-2.9789206981658936,-3.7854244618015436,-2.47777795791626,-3.9160071965810417,-3.251869201660156
電気工事従事者,505940,495130,10810,-10.642009596788247,-6.497949600219727,-10.57089673506247,-7.298898696899414,-10.860586788818127,-7.351093769073486,-10.958029817890477,-8.018654823303223,-7.6713358100133995,-6.683925628662109,-7.475590889518325,-6.674287796020508
電線架線・敷設従事者,47430,46890,540,-1.942350655566645,-0.8268518447875977,-1.7869973947872986,-0.5568135976791382,-2.662442586349167,-0.9968797564506532,-2.469630582509814,-0.717978298664093,-1.2218565813457694,-0.6562178134918213,-1.267348047043826,-0.6451315879821777
電気通信設備工事従事者,79000,76370,2630,-4.9983407031488785,-3.7639739513397217,-5.29630102176924,-2.8165066242218018,-5.063594222978781,-3.3952062129974365,-5.47090088193481,-2.8375134468078613,-3.177803001331009,-2.1655802726745605,-3.3297750450469352,-2.398838520050049
採掘従事者,1420,1350,70,-6.378696731028666,-3.746931552886963,-5.699447746212418,-2.094928979873657,-6.48541031902983,-3.27428674697876,-5.535290062427521,-3.1588451862335205,-6.764950675818756,-4.223496437072754,-7.015130217010911,-4.069798946380615
砂利・砂・粘土採取従事者,200,200,-,-4.369528126170617,-1.0352318286895752,-4.208829486692274,-2.2841005325317383,-5.028868409513517,-2.685857057571411,-4.396056474866094,-2.4497923851013184,-3.8370140199442857,-2.730456590652466,-4.028093299350223,-2.853455066680908
運搬・清掃・包装等従事者,4198670,2225500,1973170,-6.292810850471031,-0.957598090171814,-6.268299247767474,-4.210083484649658,-6.466731448209923,-0.9817922115325928,-6.164539366155057,-4.235257148742676,-5.73123920236835,-4.6655683517456055,-5.960861860094844,-4.705178260803223
運搬従事者,1624920,1123160,501750,-7.948575088996013,-5.940379142761231,-7.894279064358892,-6.058613300323486,-7.7233636179043135,-4.954234600067139,-7.445262718845058,-5.2570319175720215,-5.768165147941531,-4.744800567626953,-5.988815114304826,-5.083415508270264
郵便・電報外務員,110450,99510,10940,-4.719445541614794,-2.698847770690918,-4.477316484257981,-3.1667356491088867,-5.344931307639785,-3.037168025970459,-4.947388164094977,-2.9426088333129883,-3.7402947986398942,-2.8223767280578613,-3.94507307136381,-2.922490119934082
船内・沿岸荷役従事者,14220,13970,250,-6.20696675322438,-4.689557075500488,-5.852181605390601,-4.33933687210083,-6.266305333785429,-4.130462646484375,-5.874323843298732,-3.239396333694458,-2.9276404926795085,-1.776643991470337,-2.7775644337808765,-1.757898211479187
陸上荷役・運搬従事者,245100,181770,63330,-7.30025801039834,-5.891046047210693,-7.657637441480482,-6.058613300323486,-7.0828375852745,-4.954234600067139,-7.1346205279633805,-5.2570319175720215,-5.654110722869407,-4.744800567626953,-5.894905425406791,-5.078329086303711
倉庫作業従事者,273930,186320,87600,-8.233904245245547,-5.981947898864746,-8.195559424323005,-6.691981315612793,-8.342461939076431,-5.624460697174072,-8.46912696232667,-6.92677640914917,-4.308726454509124,-3.5697340965271,-4.169633510950449,-3.260671138763428
配達員,696180,518540,177630,-6.717018034621959,-3.923497438430786,-6.570918849996619,-3.799506664276123,-6.687375996859019,-4.817412376403809,-6.238299875646024,-3.56949520111084,-4.680686623085546,-3.3716464042663574,-4.240194818458042,-3.282663583755493
荷造従事者,285050,123040,162010,-4.7142083362768625,-0.3115661144256592,-4.220516430767807,-0.6787640452384949,-3.934305668787192,-0.7906496524810791,-3.3946576384273737,-0.2841624915599823,-1.9441809949984077,-0.308034598827362,-2.0130679031481615,-0.9594264626502992
清掃従事者,1149320,495250,654060,-6.449392980291643,-0.957598090171814,-6.384471732216912,-4.210083484649658,-6.938457046756308,-0.9817922115325928,-6.418754400433721,-4.235257148742676,-6.83664962535596,-4.6655683517456055,-7.254526724686494,-4.705178260803223
ビル・建物清掃員,910680,294910,615770,-100.0,-100.0,-98.75008846295846,-7.324417114257812,-99.31073544771617,-9.706343650817873,-99.39785216950081,-10.882121086120604,-100.0,-100.0,-100.0,-100.0
廃棄物処理従事者,119970,113400,6570,-97.83908192074026,-4.819119930267334,-98.74899903181436,-4.763190746307373,-99.32667612119485,-11.79457187652588,-99.35012911300402,-3.819108724594116,-100.0,-100.0,-100.0,-100.0
ハウスクリーニング職,27760,17110,10650,-15.110115735585453,-12.757492065429688,-15.878138915912524,-13.304632186889648,-14.29038547195551,-11.916215896606444,-14.678877501874357,-12.241374969482422,-11.548933342212939,-10.450201034545898,-11.58358257525676,-10.636747360229492
包装従事者,274230,85740,188490,-4.409128900702673,-2.781275749206543,-4.202511270303984,-2.681309223175049,-4.138172597375535,-1.9634482860565183,-3.601428307391502,-2.0884013175964355,-3.9137788110106957,-2.0536279678344727,-4.652299486302041,-2.915818691253662
包装従事者,274230,85740,188490,-4.409128900702673,-2.781275749206543,-4.202511270303984,-2.681309223175049,-4.138172597375535,-1.9634482860565183,-3.601428307391502,-2.0884013175964355,-3.9137788110106957,-2.0536279678344727,-4.652299486302041,-2.915818691253662
