職業,総数,男,女,mean-men-cl-t_job_is,max-men-cl-t_job_is,mean-wom-cl-t_job_is,max-wom-cl-t_job_is,mean-men-cl-t_job_type,max-men-cl-t_job_type,mean-wom-cl-t_job_type,max-wom-cl-t_job_type,mean-men-cl-t_job?,max-men-cl-t_job?,mean-wom-cl-t_job?,max-wom-cl-t_job?
総数,57673630,31525680,26147950,-100.0,-100.0,-100.0,-100.0,-100.0,-100.0,-100.0,-100.0,-100.0,-100.0,-100.0,-100.0
管理的職業従事者,1196900,1010680,186220,-6.434418860282607,-3.1396596431732178,-8.01223422707738,-2.958723545074463,-6.093160874970996,-2.9288063049316406,-6.464096056448446,-3.232882022857666,-6.1699500770969244,-0.6439412832260132,-6.371366725982846,-0.4465842843055725
管理的公務員,51870,44650,7220,-8.241366382773595,-4.991461753845215,-9.839402031254124,-4.007046222686768,-8.107483485272823,-4.424373626708984,-8.486159327867869,-6.018280029296875,-8.021188797841546,-5.862767219543457,-8.234072456488738,-5.767360687255859
管理的公務員,51870,44650,7220,-8.241366382773595,-4.991461753845215,-9.839402031254124,-4.007046222686768,-8.107483485272823,-4.424373626708984,-8.486159327867869,-6.018280029296875,-8.021188797841546,-5.862767219543457,-8.234072456488738,-5.767360687255859
法人・団体役員,968990,811530,157460,-3.908733701432934,-0.8476855158805847,-4.36871713883168,-1.0586975812911987,-3.972671641193273,-0.3990082740783691,-4.007013595184764,-0.7827767729759216,-9.403561965199827,-3.8675477504730233,-8.977320041205433,-3.837325811386109
会社役員,913490,767880,145620,-5.3188315675458835,-1.3446638584136963,-6.39473699395721,-2.62735366821289,-5.150333262581862,-2.429706573486328,-5.116714243953292,-2.666327953338623,-11.339944035042333,-5.733024597167969,-10.987773779276255,-5.739606857299805
法人・団体管理的職業従事者,120420,112010,8400,-5.602818849432559,-3.3303864002227783,-6.951758299324964,-3.1287076473236084,-6.28929492353483,-4.545779228210449,-6.691596807660283,-4.704105377197266,-6.545505807599948,-4.589031219482422,-6.349326343149753,-4.851345062255859
他に分類されない管理的職業従事者,55620,42480,13140,-9.345565755858676,-7.73693037033081,-9.690832453805047,-8.267660140991211,-9.319713636209036,-8.164761543273926,-9.703475230448955,-8.193710327148438,-10.234315260676027,-8.125940322875977,-10.702920204884297,-8.01009750366211
専門的・技術的職業従事者,10270980,5231410,5039570,-5.4335449469908506,-1.3945958614349363,-6.614795945786141,-1.9595634937286377,-5.771838788767807,-1.51430082321167,-6.103341046217325,-2.2623140811920166,-5.395070533716042,-0.2984296083450317,-5.6337201772509395,-0.2454064190387725
研究者,103910,79640,24280,-8.628217464184942,-4.804901123046875,-9.354000967902106,-4.910545349121094,-8.685610177862735,-4.520619869232178,-8.988481508718955,-6.607251167297363,-11.717174428109905,-8.147122383117676,-11.65189904457814,-7.952115535736084
自然科学系研究者,98020,75420,22590,-92.92222689490282,-4.358889102935791,-96.16890368268297,-4.991884708404541,-83.89230221100436,-4.588575839996338,-95.12803799397237,-5.738492012023926,-77.56073937525277,-4.463297367095947,-90.34143218478641,-4.950278282165527
人文・社会科学系等研究者,5900,4220,1680,-9.286120312814495,-7.23311185836792,-9.422842985874897,-7.766962051391602,-8.84806145966508,-7.410673141479492,-8.993745140127233,-7.568358421325684,-8.541673925996736,-7.597480297088623,-8.165418914846471,-6.783041954040527
技術者,2693290,2356170,337120,-7.598044009609077,-3.493506908416748,-8.79472983044547,-2.646507024765014,-7.6198874757490085,-5.022575378417969,-7.927837484591716,-5.426758289337158,-10.793852038055887,-6.82306432723999,-10.817681889276248,-6.530526161193848
農林水産・食品技術者,51140,39410,11720,-8.071931249312772,-4.872285842895508,-8.580880384187441,-5.547179222106934,-7.564363239375689,-5.727179527282715,-7.784784845403723,-5.7150421142578125,-8.721630515033052,-5.064210414886475,-9.067037517960006,-5.730809211730957
電気・電子・電気通信技術者（通信ネットワーク技術者を除く）,305190,288400,16800,-8.498544103316679,-5.143333435058594,-9.248093915952218,-3.976718664169312,-7.2770051064382075,-3.6468923091888423,-7.940668871273866,-3.244899272918701,-8.376373866132198,-5.3252668380737305,-7.092707949715692,-4.589618682861328
機械技術者,242820,228640,14180,-10.003529020848164,-4.990235805511475,-13.023720783156318,-5.955986976623535,-10.22352486530333,-5.944418907165527,-11.118920822401304,-6.428913593292236,-11.579484018660684,-7.402758598327637,-11.595279619500444,-7.261621475219727
輸送用機器技術者,137470,130040,7430,-97.94238125458928,-9.017206192016602,-99.39102686418069,-9.871975898742676,-94.45357595691245,-8.729852676391602,-99.38063432074883,-8.333879470825195,-97.89299381416262,-7.382735729217529,-98.76440110077729,-8.364607810974121
金属技術者,25660,24240,1430,-10.102353725724548,-5.148478984832764,-13.45609326942547,-5.04959774017334,-10.34339215373265,-5.9883294105529785,-11.339440481082812,-6.128037452697754,-11.65591758626108,-7.9288811683654785,-11.594954864398852,-7.594808578491211
化学技術者,91350,73630,17730,-10.05540147446494,-6.003264904022217,-13.265755982012362,-6.40278434753418,-10.06528413932742,-6.123257637023926,-11.138591038214194,-6.442630290985107,-10.888156086433934,-6.27415657043457,-10.81005540731791,-5.6527910232543945
建築技術者,242580,211400,31180,-10.222421220240703,-5.698690414428711,-13.228161064354149,-6.406307220458984,-10.290070519192529,-6.208186149597168,-11.197127380886593,-6.742466926574707,-11.496266852808363,-7.81843090057373,-11.634599885425052,-8.57996654510498
土木・測量技術者,263870,249320,14550,-10.555349324495738,-5.989299774169922,-13.408400538805369,-6.305537700653076,-10.716691450308298,-6.929184913635254,-11.647920614964253,-6.818454742431641,-11.504532460947983,-7.96471357345581,-11.352748674315375,-6.585363864898682
システムコンサルタント・設計者,656770,555360,101410,-7.456398428851411,-2.218225479125977,-7.949271801355723,-5.426690578460693,-7.524457178043045,-3.824759006500244,-7.636113160365337,-4.487440586090088,-10.446541899033175,-6.2354278564453125,-10.04385652091052,-6.2916579246521
ソフトウェア作成者,389760,317450,72310,-10.512363022520342,-6.4318695068359375,-12.640869640015268,-7.5593485832214355,-10.671567600192004,-6.542514324188232,-11.115010731929058,-7.856607437133789,-11.950492327449886,-6.405184268951416,-11.387392382364016,-5.955489635467529
保健医療従事者,3073950,897180,2176770,-7.446717699065463,-4.664303302764893,-7.9056394809001205,-6.1637163162231445,-6.855914803861662,-5.154725074768066,-7.158511693413193,-5.788458347320557,-8.039845732332186,-4.807650089263916,-7.876140046764064,-4.941088676452637
医師,303660,229560,74100,-100.0,-100.0,-100.0,-100.0,-100.0,-100.0,-100.0,-100.0,-100.0,-100.0,-100.0,-100.0
歯科医師,98340,72050,26300,-6.888695833337216,-3.0674703121185303,-8.272468478293032,-3.0985982418060303,-7.747054409434777,-4.495765209197998,-7.798575707384058,-4.891025066375732,-12.90266728583183,-6.304883003234863,-12.195852772609607,-6.018028259277344
獣医師,24680,16690,8000,-6.690319867534492,-3.383704900741577,-7.491400834676382,-4.399749279022217,-7.5335670791509495,-4.342719078063965,-7.265580048432222,-5.048625946044922,-12.688252328916361,-6.968521118164063,-11.951983577496296,-6.465261459350586
薬剤師,243650,86110,157540,-100.0,-100.0,-100.0,-100.0,-100.0,-100.0,-100.0,-100.0,-100.0,-100.0,-100.0,-100.0
保健師,49110,1570,47550,-7.1455089736530795,-4.224044322967529,-8.89553033661198,-4.417647361755371,-6.9435736459630135,-2.8883605003356934,-7.540652974231823,-4.477250099182129,-10.983701116256132,-5.871244430541992,-11.263489301140243,-5.871244430541992
助産師,27550,-,27550,-17.085326325802402,-11.409335136413574,-19.915841160593807,-12.741691589355469,-17.31709030384326,-13.043539047241213,-17.796439074181222,-14.246417045593262,-17.323298505244363,-12.997868537902832,-17.29757287695601,-13.383618354797363
看護師（准看護師を含む）,1385950,106810,1279140,-8.454800307295704,-7.08986759185791,-7.755819293544502,-0.0556348003447055,-8.301758275914738,-0.1472449749708175,-7.499183495302458,-0.0977297127246856,-8.963097436737469,-0.2868271768093109,-9.798855229205376,-0.186741828918457
診療放射線技師,57490,42130,15360,-12.577886177383306,-6.647933483123779,-15.280165723852209,-8.266310691833496,-13.01253015940426,-8.221674919128418,-14.192504425306577,-7.890533447265625,-13.992646610463849,-10.535486221313477,-14.604241358267295,-10.535486221313477
臨床検査技師,82720,22180,60530,-10.066604031861283,-6.123400688171387,-12.053367846720928,-6.449091911315918,-9.438901435327894,-5.356648921966553,-9.984896849941563,-5.563263893127441,-11.174114973490475,-6.47690486907959,-11.797699631871405,-6.383242607116699
理学療法士，作業療法士,202540,107160,95390,-12.60960220016596,-6.659446716308594,-15.145496571386182,-6.540445804595947,-12.603495175601871,-6.8055830001831055,-13.43297021453445,-7.931390762329102,-11.817929966759136,-7.271092414855957,-12.125500904547202,-8.275647163391113
視能訓練士，言語聴覚士,26930,5570,21360,-12.294383281969843,-9.144416809082031,-13.746155661505622,-8.865762710571289,-11.744787234386415,-7.160666465759277,-12.51004750986357,-7.2126030921936035,-12.670598474167685,-8.905574798583984,-12.404773441520897,-9.570040702819824
歯科衛生士,128740,230,128510,-16.594795438169523,-11.846750259399414,-19.21819675290907,-11.679536819458008,-15.854766670984166,-10.489027976989746,-16.764677099279456,-12.782899856567385,-17.875817895845604,-12.411826133728027,-18.101958126635164,-12.411826133728027
歯科技工士,39320,31990,7330,-12.204681993440817,-8.362260818481445,-14.162160248369783,-7.825495719909668,-11.448837112834436,-6.2557902336120605,-12.375254566605026,-6.334991455078125,-12.815287284268678,-10.146495819091797,-12.890151449151942,-9.984328269958496
栄養士,121310,5540,115770,-10.893248550764477,-6.648755073547363,-12.04501938497698,-7.392799854278564,-11.00050775877392,-6.80547571182251,-11.093380718617826,-6.960204601287842,-13.543800761681476,-8.485262870788574,-13.261545432580483,-9.57334041595459
あん摩マッサージ指圧師，はり師，きゅう師，柔道整復師,118210,85200,33010,-5.317935570505739,-2.418173789978028,-6.110798176075961,-1.7988008260726929,-5.235647202448081,-1.6701503992080688,-5.785756700747722,-3.638236522674561,-9.305841394963155,-5.480196952819824,-9.547022352347502,-5.338919639587402
社会福祉専門職業従事者,1166790,197650,969140,-8.026955477153981,-3.663778305053711,-10.580426767065719,-3.661273717880249,-7.738127633815504,-3.4385104179382324,-8.533332462246353,-2.9977681636810303,-8.26525792638764,-6.703643321990967,-8.23381303774344,-6.55319881439209
保育士,634080,19930,614150,-7.5328948697971025,-3.54370641708374,-9.367640627397073,-4.158723831176758,-7.211399602526017,-4.5488810539245605,-7.8932365887873885,-5.38138484954834,-11.359880549307087,-7.094803810119629,-11.568149988715714,-7.635364055633545
法務従事者,83750,67680,16070,-100.0,-100.0,-100.0,-100.0,-100.0,-100.0,-100.0,-100.0,-100.0,-100.0,-100.0,-100.0
裁判官，検察官，弁護士,33710,27510,6190,-100.0,-100.0,-100.0,-100.0,-100.0,-100.0,-100.0,-100.0,-100.0,-100.0,-100.0,-100.0
弁理士，司法書士,25560,20860,4710,-10.284522617136249,-5.6776628494262695,-11.51895345868291,-6.483603477478027,-9.811799577174297,-6.886373996734619,-9.694773287386507,-6.649657726287842,-10.530688464186573,-6.293713569641113,-11.624748587608337,-7.091814041137695
経営・金融・保険専門職業従事者,190400,154840,35560,-7.588961264559331,-3.7583084106445312,-9.289207469772649,-3.163299083709717,-7.02499734718381,-4.170483589172363,-7.488603411494075,-4.170483589172363,-8.041017554188503,-6.369607448577881,-8.541486414703163,-6.308619499206543
公認会計士,21850,17860,3990,-7.278166730895297,-3.388274669647217,-7.712382305312801,-3.8207314014434814,-8.148819137165564,-4.890410900115967,-8.317197171417442,-4.75880765914917,-12.406210582674914,-7.097516536712647,-12.594351156337842,-6.0854315757751465
税理士,63850,53630,10220,-15.430566751319944,-11.031824111938477,-17.187995053626395,-12.590605735778809,-15.289255921167271,-12.144404411315918,-15.104378938674927,-11.551630973815918,-15.936212823591159,-12.268927574157717,-15.970983647011423,-11.74816608428955
社会保険労務士,21780,14570,7210,-12.31541549886456,-7.153746604919434,-14.220312656583014,-6.45770263671875,-11.185164837436822,-5.781836986541748,-12.728319010219058,-5.485047340393066,-11.224378724134604,-7.998095512390137,-10.670154706851855,-8.621451377868652
教員,1429280,683430,745850,-100.0,-100.0,-100.0,-100.0,-100.0,-100.0,-100.0,-100.0,-100.0,-100.0,-100.0,-100.0
幼稚園教員,143310,7680,135620,-7.261384567231622,-3.97431755065918,-7.867416207854812,-5.249668121337891,-7.579789929717552,-5.262835502624512,-7.494815948847178,-4.94780158996582,-12.096669921438203,-6.443443298339844,-11.83731554972159,-6.029529094696045
小学校教員,421160,156830,264330,-7.151784800391161,-3.997079610824585,-7.639506832973377,-5.115338802337647,-7.587821665610976,-5.391818523406982,-7.551780368830706,-5.559884071350098,-12.015944331656886,-6.556945323944092,-11.612707537573737,-5.623439788818359
中学校教員,231400,128460,102940,-7.327889799161722,-4.065745830535889,-7.832305354041022,-4.294775009155273,-7.739578418149293,-5.882829189300537,-7.559318826005265,-5.257021903991699,-11.636699865792544,-6.854137897491455,-11.34826072164484,-5.972437858581543
高等学校教員,257460,167310,90150,-8.256670314847058,-4.973720550537109,-10.2964529507869,-4.895414352416992,-8.47431445303764,-4.883093357086182,-8.554442421810046,-5.4147138595581055,-9.292990833748387,-4.884604454040527,-10.033495149096927,-4.884604454040527
特別支援学校教員,78310,29600,48710,-10.515870585696387,-7.199120044708252,-12.207198320208368,-6.520102024078369,-10.235818309638336,-6.09312629699707,-11.037099509625822,-5.837182521820068,-9.44712117610087,-7.492056846618652,-8.850438868677294,-6.492308616638184
大学教員,179620,124700,54920,-7.654576763851952,-3.98840856552124,-8.125123707023826,-5.457120418548584,-8.54815489281225,-6.567843437194824,-8.266722141085443,-6.428951263427734,-11.794593730955633,-6.040219306945801,-11.324184034321759,-6.05272102355957
宗教家,100390,86070,14330,-5.918452470357181,-3.48225212097168,-6.4147874551850395,-3.987598657608032,-6.481635290247794,-4.090864181518555,-6.391584744324556,-4.4100871086120605,-10.916419473313193,-6.417888641357422,-10.642985311714378,-6.142817974090576
宗教家,100390,86070,14330,-5.918452470357181,-3.48225212097168,-6.4147874551850395,-3.987598657608032,-6.481635290247794,-4.090864181518555,-6.391584744324556,-4.4100871086120605,-10.916419473313193,-6.417888641357422,-10.642985311714378,-6.142817974090576
著述家，記者，編集者,114060,63390,50670,-6.539603076818335,-3.886463165283203,-7.164923603470261,-4.2606353759765625,-7.176348122021624,-4.967466354370117,-7.295116846625869,-5.401137828826904,-10.555222504011548,-6.6231207847595215,-10.144247158153638,-6.6231207847595215
著述家,30130,16060,14070,-6.579905193270617,-3.886463165283203,-7.181038266903645,-4.2606353759765625,-7.278602789376528,-4.989112854003906,-7.3771341974670825,-5.401137828826904,-10.998580004422719,-6.6231207847595215,-10.690299659161955,-6.6231207847595215
記者，編集者,83930,47330,36590,-8.358574517810618,-4.772243022918701,-8.829537987709045,-4.945518493652344,-8.443875145366174,-4.967466354370117,-8.51201597419945,-5.879420280456543,-11.17117596764601,-7.396229743957519,-10.63531952935296,-7.732420921325684
美術家，デザイナー，写真家，映像撮影者,317590,165310,152280,-7.005303117155119,-4.583278179168701,-8.385154965761545,-4.624571800231934,-7.367254966997918,-5.610296726226807,-7.526147133595234,-5.922788619995117,-10.515619707471542,-6.983250141143799,-10.110685893007227,-6.874772548675537
彫刻家，画家，工芸美術家,47320,22120,25200,-6.988034266551942,-4.121494293212891,-8.025420926712656,-4.490875244140625,-7.578940831977903,-5.380480766296387,-7.666982972944105,-4.735037803649902,-11.442368642064451,-7.370499610900879,-11.07659666602676,-7.370499610900879
デザイナー,201100,96720,104390,-100.0,-100.0,-100.0,-100.0,-100.0,-100.0,-100.0,-100.0,-100.0,-100.0,-100.0,-100.0
写真家，映像撮影者,69170,46470,22690,-7.005303117155119,-4.583278179168701,-8.385154965761545,-4.624571800231934,-7.367254966997918,-5.610296726226807,-7.526147133595234,-5.922788619995117,-10.515619707471542,-6.983250141143799,-10.110685893007227,-6.874772548675537
音楽家，舞台芸術家,88250,54660,33580,-10.237898018523937,-6.133708953857422,-12.85629278904683,-7.155094146728516,-10.49642736857174,-6.864501953125,-10.908990914757187,-6.776122093200684,-11.497850443570668,-6.480061531066895,-11.134362742707536,-6.678835868835449
音楽家,26080,16100,9980,-100.0,-100.0,-100.0,-100.0,-100.0,-100.0,-100.0,-100.0,-100.0,-100.0,-100.0,-100.0
舞踊家，俳優，演出家，演芸家,62160,38560,23600,-5.894795648924267,-3.4816091060638428,-6.6645164070902645,-3.674662590026856,-6.127825795239165,-4.523093700408936,-6.3969359107919646,-4.556121826171875,-9.853152245965623,-6.346524715423584,-9.607766157871968,-6.346524715423584
図書館司書，学芸員,31080,6220,24850,-6.498140076644548,-3.205343246459961,-7.499565755998766,-3.741382122039795,-6.960117172648888,-4.296538352966309,-7.141007294525972,-4.965069770812988,-8.978827447381638,-5.338201999664307,-10.12289910703092,-5.338201999664307
個人教師（音楽）,70110,8860,61250,-97.03411041143286,-2.4009830951690674,-94.08194640601003,-1.985152125358581,-99.26011989316868,-3.0757060050964355,-98.68244246373305,-2.2823386192321777,-96.31575744661666,-1.2037700414657593,-94.88789834686227,-1.7245891094207764
個人教師（舞踊，俳優，演出，演芸）,19810,4570,15240,-8.158629934296354,-5.508707523345947,-8.35605063631728,-4.948696136474609,-8.203352141926306,-6.472758769989014,-8.214522890142492,-6.380693912506104,-7.529760113199249,-4.067780017852783,-6.78355530146006,-3.859431266784668
個人教師（スポーツ）,120470,55720,64740,-97.14998700236546,-5.539394378662109,-94.90982914776416,-3.3408620357513428,-99.28381435379727,-6.179680347442627,-98.725147714486,-5.188828945159912,-96.47160197396315,-6.813365459442139,-95.05237427917686,-6.956684589385986
個人教師（学習指導）,226070,118210,107860,-8.515421645331928,-6.923724174499512,-8.562050651859593,-3.1179561614990234,-8.915677154337176,-7.471915245056152,-9.023447471695977,-7.527632236480713,-7.823655587116271,-6.62310791015625,-7.999548093692677,-6.755819797515869
個人教師（他に分類されないもの）,102960,24210,78740,-9.989678975280004,-1.8310507535934448,-10.235605856856784,-3.248290777206421,-9.60886434016337,-6.833771705627441,-9.826869613415486,-6.620479583740234,-4.102412119166542,-1.5092277526855469,-3.4303812328222634,-1.7387425899505615
職業スポーツ従事者,11980,10940,1040,-5.161703199830674,-1.4406236410140991,-5.190895998800123,-2.262974500656128,-7.122927323552489,-2.052452325820923,-7.188003372501683,-4.368171215057373,-10.542414599702559,-4.730890274047852,-11.46680335418598,-4.7225422859191895
通信機器操作従事者,17770,14340,3430,-6.140102262715347,-3.4007487297058105,-7.609641531029263,-3.5567002296447754,-5.293929409434777,-2.983339548110962,-5.473076860646944,-2.885852336883545,-8.007043520002874,-2.95235013961792,-9.066212741104332,-3.2749173641204834
他に分類されない専門的職業従事者,309100,182330,126770,-9.345565755858676,-7.73693037033081,-9.690832453805047,-8.267660140991211,-9.319713636209036,-8.164761543273926,-9.703475230448955,-8.193710327148438,-10.234315260676027,-8.125940322875977,-10.702920204884297,-8.01009750366211
事務従事者,11756080,4600740,7155340,-100.0,-100.0,-100.0,-100.0,-100.0,-100.0,-100.0,-100.0,-100.0,-100.0,-100.0,-100.0
一般事務従事者,8096860,3101820,4995050,-8.686391637525485,-5.08811092376709,-8.669725556631345,-6.73237943649292,-7.788157645072646,-5.208989143371582,-7.703591826799753,-5.484589576721191,-11.183925064465472,-6.793493747711182,-10.840178331813297,-6.622403621673584
庶務・人事事務員,1057330,421240,636090,-9.210213253516278,-5.4652099609375,-9.878325581550598,-7.38765287399292,-9.413927879042298,-6.073451519012451,-9.588980980821558,-6.556403636932373,-11.253194335762782,-8.348468780517578,-11.9845193914465,-8.399697303771973
受付・案内事務員,369800,47960,321840,-11.070612823690167,-5.586443901062012,-13.933483436300948,-6.833418846130371,-11.81306479723399,-7.295905590057373,-12.635680546631685,-8.047903060913086,-11.996928083987637,-10.060882568359377,-12.553215832323641,-9.748732566833496
電話応接事務員,292540,64130,228410,-100.0,-100.0,-100.0,-100.0,-100.0,-100.0,-100.0,-100.0,-100.0,-100.0,-100.0,-100.0
総合事務員,2639330,604330,2035000,-10.373102886986187,-4.518722534179688,-12.890310464678583,-5.840446949005127,-11.030198079029113,-6.220619201660156,-11.654835220929739,-6.549021720886231,-11.22542759844365,-8.487654685974121,-11.933851886439967,-8.241280555725098
会計事務従事者,1523600,375940,1147660,-8.516030420783823,-5.652273654937744,-8.353342120711869,-6.666997909545898,-7.871638753031957,-5.654166221618652,-7.876588431564537,-5.66495943069458,-12.66424891784901,-8.646285057067871,-11.987528059933636,-8.562024116516113
会計事務従事者,1523600,375940,1147660,-8.516030420783823,-5.652273654937744,-8.353342120711869,-6.666997909545898,-7.871638753031957,-5.654166221618652,-7.876588431564537,-5.66495943069458,-12.66424891784901,-8.646285057067871,-11.987528059933636,-8.562024116516113
生産関連事務従事者,584650,396420,188230,-7.225723079142679,-3.1616971492767334,-8.100456975601816,-3.559699535369873,-7.438295804817258,-4.411880016326904,-7.914532387578809,-5.4478678703308105,-8.548212073231472,-6.229913711547852,-8.991920580735078,-6.966127395629883
生産関連事務従事者,584650,396420,188230,-7.225723079142679,-3.1616971492767334,-8.100456975601816,-3.559699535369873,-7.438295804817258,-4.411880016326904,-7.914532387578809,-5.4478678703308105,-8.548212073231472,-6.229913711547852,-8.991920580735078,-6.966127395629883
営業・販売事務従事者,872440,417090,455350,-9.712689519838522,-5.595815658569336,-9.652106169107798,-7.266397476196289,-8.798044434030547,-5.892218589782715,-8.513841335837906,-5.716828346252441,-11.900373851979962,-7.638757228851318,-11.239553312997561,-7.638757228851318
営業・販売事務従事者,872440,417090,455350,-9.712689519838522,-5.595815658569336,-9.652106169107798,-7.266397476196289,-8.798044434030547,-5.892218589782715,-8.513841335837906,-5.716828346252441,-11.900373851979962,-7.638757228851318,-11.239553312997561,-7.638757228851318
外勤事務従事者,77390,27130,50260,-8.49195208804298,-5.944949626922607,-10.045386011536056,-6.540373802185059,-8.71791392974271,-5.993689060211182,-9.446312005455429,-6.770723819732666,-7.6170788248076695,-6.445959568023682,-7.800567243550275,-5.80947732925415
集金人,18690,7060,11630,-12.942986812300354,-7.109764099121094,-16.66611896978842,-7.097637176513672,-13.032424489960416,-7.548999309539795,-14.097058534622192,-8.180707931518555,-13.453403312741345,-10.295307159423828,-13.109920501708984,-8.637447357177734
調査員,24460,10360,14090,-7.721253748158462,-2.499061107635498,-8.03065557415421,-3.564979076385498,-7.370079921402094,-4.592228889465332,-7.274890223064938,-4.964504241943359,-11.174654188956923,-6.258551597595215,-10.538994563592446,-6.33966064453125
運輸・郵便事務従事者,364410,221720,142700,-8.74528735284587,-5.951521873474121,-8.67184079982139,-6.610066890716553,-7.8692513240202695,-5.06183671951294,-7.707475543022156,-5.073225975036621,-11.684775316078245,-8.324202537536621,-11.236839165558687,-8.05810260772705
運輸事務員,217830,155350,62480,-10.703958285673885,-5.300575256347656,-13.127861206595963,-6.429967880249023,-11.199248794380946,-5.608455181121826,-11.922244339375883,-6.919287204742432,-11.964076792010824,-9.247096061706545,-12.831038139961862,-9.092938423156738
郵便事務員,146590,66370,80220,-11.143426665822968,-4.872828960418701,-13.746664926812455,-7.630979061126709,-11.713429210750201,-6.469031810760498,-12.315756246850297,-7.3412184715271,-12.626015568507537,-10.072428703308104,-13.33499093313475,-10.001773834228516
事務用機器操作員,236720,60630,176100,-99.29902998363698,-8.172927856445312,-99.37809432519448,-7.95796012878418,-92.87186578575891,-6.055325031280518,-98.74079426237054,-6.538371562957764,-96.41143806836077,-5.075430870056152,-96.83522840448327,-5.97332763671875
パーソナルコンピュータ操作員,58290,20620,37670,-9.144913797160141,-5.876341342926025,-10.872933838818524,-5.6913676261901855,-9.23423796573668,-6.062499046325684,-9.975875622517353,-6.490263938903809,-9.735385217739426,-5.345149993896484,-10.317746861560925,-5.454868316650391
データ・エントリー装置操作員,155710,26050,129660,-9.887215854557416,-5.650676727294922,-11.128300631368482,-5.54978084564209,-9.92740692619149,-6.125643730163574,-10.173918147344846,-6.492796897888184,-11.838639317578032,-8.846473693847656,-10.643261864378646,-8.633212089538574
販売従事者,6797870,3677260,3120600,-100.0,-100.0,-100.0,-100.0,-100.0,-100.0,-100.0,-100.0,-100.0,-100.0,-100.0,-100.0
商品販売従事者,3704260,1304570,2399690,-8.47293980067013,-5.891837120056152,-8.390638248340503,-6.033146858215332,-7.910148697045013,-6.01589298248291,-7.788644436243418,-6.169383049011231,-9.374953335478105,-5.516508102416992,-10.138957861307505,-4.877326011657715
小売店主・店長,303970,214400,89570,-7.47595761022495,-3.665176153182984,-8.028630838200852,-3.780361175537109,-7.949714300286679,-5.648459434509277,-7.618689946226172,-4.5880303382873535,-14.655151374467456,-8.325545310974121,-14.46366965126347,-7.774199962615967
卸売店主・店長,42430,36810,5620,-7.757966665821221,-3.6325721740722656,-8.226737167384174,-3.6325721740722656,-7.703407797194619,-4.887580394744873,-7.593971455419386,-4.980741500854492,-14.417008363563596,-8.533180236816406,-13.857906782949293,-7.386585235595703
販売店員,3291060,1006170,2284900,-7.054145387110819,-1.674548625946045,-8.105904385850236,-1.674548625946045,-7.002246185113456,-3.892284154891968,-6.449945804235098,-4.425958633422852,-12.700073052908628,-4.515710830688477,-11.894585683539107,-4.036167144775391
商品訪問・移動販売従事者,23200,10540,12670,-7.059184835157321,-5.064932823181152,-6.960674975369428,-4.5838541984558105,-7.0865421768363195,-4.725954532623291,-7.048538198342195,-5.611025810241699,-7.838981490098793,-4.608706951141357,-8.801934628873259,-4.520926475524902
再生資源回収・卸売従事者,14090,12840,1250,-10.39253052500368,-6.829501152038574,-12.279419837771234,-7.146598815917969,-10.489952964637116,-6.80246639251709,-10.872438446895496,-7.411204814910889,-12.041396177452029,-8.27668285369873,-12.092821482065562,-8.905303001403809
商品仕入外交員,29500,23830,5680,-100.0,-100.0,-100.0,-100.0,-99.30751951960207,-9.285057067871094,-96.9487727397197,-9.067352294921877,-100.0,-100.0,-100.0,-100.0
販売類似職業従事者,416210,229920,186290,-9.06820692542855,-4.52292537689209,-11.47138526310792,-4.274535655975342,-10.03700482754307,-5.334503173828125,-10.651558176891223,-5.707099437713623,-12.005319074820017,-7.72285795211792,-12.902690020767418,-7.72285795211792
不動産仲介・売買人,99270,72480,26790,-6.580898257612272,-3.4995877742767334,-6.662873831955162,-4.100982666015625,-6.748542752884727,-3.9247243404388423,-6.665010305675301,-3.707142114639282,-9.056504311452386,-5.8175578117370605,-9.057518417770797,-5.985903263092041
保険代理・仲立人（ブローカー）,25610,18090,7520,-6.61529755956344,-2.6584534645080566,-6.83656471162229,-3.7360177040100098,-7.4905728456628236,-2.986299991607666,-7.9827666379309985,-3.664209365844727,-7.9162626648677215,-3.9349982738494873,-8.101069337612874,-5.093917369842529
営業職業従事者,2677390,2142770,534630,-7.818292515878459,-3.378430128097534,-7.846164716256632,-2.869147300720215,-7.673338871875792,-5.904048919677734,-7.749358699128434,-5.552158355712891,-13.295065752422536,-6.949271202087402,-13.706638832350034,-6.748774528503418
医薬品営業職業従事者,83260,72070,11180,-7.610808416177298,-2.874966144561768,-10.102426975160032,-3.4544217586517334,-8.156325940867417,-3.6429522037506095,-8.89496637679435,-4.121997833251953,-6.075176983389236,-3.1088051795959477,-7.232913605264716,-3.2467827796936035
機械器具・通信・システム営業職業従事者,581280,527630,53640,-4.816217406105449,-1.947803497314453,-5.33989093593649,-1.3218073844909668,-4.451340799113266,-2.650294780731201,-4.364229366586015,-2.0222387313842773,-5.583064465122368,-2.0272061824798584,-6.344914782691646,-2.94685697555542
金融・保険営業職業従事者,467050,224690,242360,-7.290828788553485,-2.2988510131835938,-10.15249627828598,-3.3909912109375,-8.66047120640296,-3.3641390800476074,-9.570149914638415,-4.546455383300781,-5.606914503883769,-2.209477663040161,-6.583383341093321,-3.155314683914185
不動産営業職業従事者,138640,109080,29560,-7.671243238085099,-1.430561065673828,-10.888119960153425,-2.593432664871216,-8.030152238962305,-2.57913589477539,-8.917080718117791,-2.656238317489624,-5.4967623357554425,-2.6382896900177,-6.588248391409178,-3.2496254444122314
サービス職業従事者,6846830,2128320,4718510,-9.011785285163471,-6.827709674835205,-8.7820111609794,-6.666169166564941,-9.504826997072643,-7.168642044067383,-9.428749777175284,-7.174101829528809,-13.82345878804913,-8.410476684570312,-13.937020791543496,-7.345619201660156
家庭生活支援サービス職業従事者,20820,1160,19660,-97.9063926070701,-8.451651573181152,-96.27005691141696,-5.797308921813965,-95.11979328039038,-7.643807411193848,-95.02298898310275,-5.364619255065918,-94.37316674312562,-7.493751049041748,-93.15388055427654,-7.5360002517700195
家政婦（夫），家事手伝い,7250,140,7120,-6.606274865055812,-2.771590232849121,-7.489632906140508,-4.0069193840026855,-6.771572851952706,-4.021205902099609,-6.540537996821709,-0.1009566709399223,-10.663739087927432,-4.00216817855835,-9.869203021397462,-3.702317714691162
介護サービス職業従事者,1634740,389720,1245020,-6.2861323957224835,-2.6987195014953613,-9.090344353302106,-3.1348259449005127,-5.748210211746565,-2.642036199569702,-6.380365339485374,-3.132296085357666,-7.7344266330922835,-4.737184524536133,-8.17923531016788,-5.0133233070373535
介護職員（医療・福祉施設等）,1358960,357800,1001160,-6.70435091648393,-1.6677465438842771,-7.1009917420309945,-2.115872859954834,-6.0395649007258525,-2.0297532081604004,-5.98355489324879,-2.009800672531128,-4.157699564031062,-1.9078139066696167,-3.7152324882713526,-1.4473001956939695
訪問介護従事者,275770,31920,243860,-8.758388919684723,-6.286772727966309,-8.596064493462846,-5.050682067871094,-9.689939786459654,-6.902202606201172,-9.249742942887384,-5.671142101287842,-11.781036617191694,-5.2437052726745605,-11.650480785885373,-4.9707560539245605
保健医療サービス職業従事者,305500,18150,287350,-7.243533736876859,-3.0366435050964355,-10.127402896816665,-3.0856666564941406,-8.244899098199742,-3.651954174041748,-9.082396462156966,-4.275520324707031,-9.366879841753544,-7.089733123779297,-9.308063964586001,-7.089733123779297
看護助手,138040,10400,127640,-4.926989735537813,-1.7090144157409668,-6.105625766354638,-1.652991533279419,-5.066620684762038,-1.34815514087677,-4.860807830417478,-1.2267751693725586,-10.241490265795292,-3.37719202041626,-10.249517340917844,-3.843929052352905
生活衛生サービス職業従事者,750420,227520,522900,-8.280579468676152,-2.1248855590820312,-11.18321818113327,-2.9369001388549805,-8.097340054184427,-2.8935651779174805,-9.337710140524683,-3.784755945205689,-10.266367100577318,-6.5440521240234375,-10.526380990002606,-6.5440521240234375
理容師,140770,82700,58080,-15.672778944932778,-11.730181694030762,-17.442851556314004,-11.44040298461914,-14.860845514836202,-11.051363945007324,-15.405605683455596,-11.473647117614746,-15.824107417623505,-12.565048217773438,-16.230206592662913,-12.781519889831545
美容師,351060,88440,262630,-7.581617166067808,-4.446005821228027,-8.513817874160972,-5.183448314666748,-7.258056900883449,-3.572685480117798,-7.102629355482153,-5.198521614074707,-11.859368731957355,-6.367805004119873,-12.03696760615787,-7.171078681945801
美容サービス従事者（美容師を除く）,119220,5310,113910,-2.568321706001995,-0.3056659996509552,-2.7789053562525154,-0.3329038023948669,-2.4356181762600673,-0.5112037658691406,-2.4606086813114785,-0.7926121950149536,-5.844095905318515,-2.085625648498535,-5.669594624558011,-1.9334580898284912
浴場従事者,34540,12610,21930,-100.0,-100.0,-100.0,-100.0,-100.0,-100.0,-100.0,-100.0,-100.0,-100.0,-100.0,-100.0
クリーニング職，洗張職,104820,38460,66360,-9.669169109286242,-5.358081340789795,-10.987587838559538,-7.192741394042969,-10.666850475864557,-7.944670677185059,-10.799828345711166,-7.8708415031433105,-9.426314790740268,-6.0158371925354,-10.264707852054286,-6.090100288391113
飲食物調理従事者,1829800,708530,1121260,-6.142274212291222,-1.991382598876953,-6.36682752177522,-2.0566599369049072,-6.710091856599764,-1.7311017513275146,-6.989203272639094,-1.9457929134368896,-11.039188574288637,-6.174250602722168,-11.231117535281825,-6.174250602722168
調理人,1822470,702590,1119870,-8.034816476224943,-4.429109573364258,-8.609674949903745,-5.472982406616211,-7.91730652146667,-5.077606201171875,-8.067379394093075,-4.96814489364624,-10.228007549547968,-6.987979412078857,-9.528663896225595,-6.436287879943848
バーテンダー,7330,5940,1390,-12.568717031988479,-8.916979789733887,-15.608758404448226,-8.786619186401367,-13.14168822310353,-9.482843399047852,-13.714646146104142,-8.743408203125,-12.365042482623616,-7.81730842590332,-12.84219952531763,-7.886134147644043
接客・給仕職業従事者,1452570,453280,999290,-11.001334095729217,-7.712715148925781,-11.531555613955936,-6.977745056152344,-11.33470260823956,-7.911426544189453,-12.124173261023856,-8.681100845336914,-10.94182274723781,-6.713111877441406,-11.314809000169909,-6.302978038787842
飲食店主・店長,114270,54020,60250,-5.836671661784631,-2.900546073913574,-6.362851387745625,-3.057620048522949,-6.5816222147177195,-4.499211311340332,-6.3831463794450505,-4.270422458648682,-13.21798485836,-4.689328193664551,-13.001016275302783,-4.6962199211120605
旅館主・支配人,24510,17060,7450,-8.197086996704568,-5.368642807006836,-8.236491451392302,-5.396098613739014,-8.704925100311979,-6.532647132873535,-8.833456329397253,-6.365470409393311,-13.655867780437907,-8.933955192565918,-13.372757215757627,-9.463385581970217
飲食物給仕・身の回り世話従事者,887020,199290,687730,-7.603744494096014,-3.578410387039185,-9.056158813270363,-4.546012878417969,-7.98598880986221,-1.9087824821472168,-8.848986625671387,-3.3929100036621094,-5.520429838704699,-2.200753688812256,-6.292071761311711,-2.498744249343872
接客社交従事者,18460,2370,16090,-12.800321870177756,-8.945738792419434,-14.355589744207021,-9.266315460205078,-12.9896828018072,-10.205924987792969,-13.525605820320749,-10.462450981140137,-8.700651372662028,-5.882159233093262,-9.428668776073971,-6.662341117858887
娯楽場等接客員,408310,180540,227770,-5.7170059626339045,-2.971724271774292,-5.498205267094277,-3.910098075866699,-5.335893680121153,-2.98538875579834,-5.389707777951215,-4.037508964538574,-5.018621228123439,-2.853621244430542,-5.845937203716588,-3.4312081336975098
居住施設・ビル等管理人,239760,179250,60510,-5.691712474095002,-3.0240437984466557,-5.602804963653152,-4.279129981994629,-5.925636662781693,-3.114540100097656,-5.809403790009989,-4.078792572021484,-5.981353816185289,-2.9297022819519043,-5.298652943727133,-3.127552032470703
マンション・アパート・下宿・寄宿舎・寮管理人,146920,101240,45680,-7.864851991638883,-5.80078125,-8.485477863131342,-5.84079647064209,-8.227026094917123,-5.1814494132995605,-8.148226953841544,-5.081601619720459,-9.728171756249347,-7.094147205352783,-9.726621183189186,-6.853633403778076
ビル管理人,42610,34440,8170,-9.931382725257,-5.296546459197998,-12.582340707650056,-5.446329593658447,-10.60723447071687,-5.543592929840088,-11.180944462080259,-5.458940982818604,-9.737324598181338,-6.303952693939209,-9.887217972729657,-5.851676940917969
駐車場管理人,50230,43560,6670,-14.533711215011946,-10.680313110351562,-15.672401189804077,-10.928627014160156,-13.852541610484815,-8.17068862915039,-14.538050277813062,-8.683598518371582,-15.008303846111735,-12.505075454711914,-14.572110098761481,-13.030173301696776
旅行・観光案内人,15860,7390,8470,-9.788570775330522,-5.463290691375732,-12.543870213869456,-6.174221038818359,-10.151015347196855,-5.0379815101623535,-9.805445471325436,-5.445059776306152,-10.045106920577188,-4.499011516571045,-9.939702923233444,-4.501940727233887
物品一時預り人,910,360,550,-11.61412058531783,-8.364015579223633,-12.318344973229074,-8.766578674316406,-10.716135359902419,-7.553332328796387,-11.144055846575144,-7.793262004852295,-11.043947654228857,-0.0288492850959301,-11.09846341932142,-9.928374290466309
物品賃貸人,63760,36140,27630,-10.525138731221206,-4.920653820037842,-12.558021761275626,-4.431380271911621,-10.759167296285847,-6.543185234069824,-11.235395579724699,-6.620716094970703,-10.149773168199845,-6.272872924804688,-10.58746329513756,-7.208308219909668
広告宣伝員,26890,9360,17530,-11.11609140425238,-5.008647918701172,-14.032686984216845,-5.559184074401856,-11.413872507692293,-6.101370334625244,-11.922869060490582,-6.842998027801514,-11.178574780471452,-7.665798187255859,-11.282767282949912,-7.249025821685791
葬儀師，火葬作業員,49200,26300,22900,-6.5509950241059745,-2.70407772064209,-7.614547125391058,-1.869139671325684,-6.034743383640551,-1.6114299297332764,-6.304358781995,-4.3262858390808105,-9.709328920786618,-5.618334770202637,-9.943804918108759,-5.454416751861572
他に分類されないサービス職業従事者,456590,71160,385430,-6.323154409423129,-4.690625190734863,-5.726487469028783,-4.28046464920044,-6.649894878154493,-4.964224338531494,-5.903390452668473,-4.555642604827881,-6.099992278878015,-3.689795732498169,-6.899516044436274,-3.498311996459961
保安職業従事者,1104210,1019900,84310,-8.207866577701715,-5.166432857513428,-8.27963105407921,-5.007601737976074,-7.762686026915339,-5.57586669921875,-7.838029329841201,-6.256541728973389,-14.107295822551233,-8.799869537353516,-14.58848120715167,-8.484291076660156
保安職業従事者,1104210,1019900,84310,-8.207866577701715,-5.166432857513428,-8.27963105407921,-5.007601737976074,-7.762686026915339,-5.57586669921875,-7.838029329841201,-6.256541728973389,-14.107295822551233,-8.799869537353516,-14.58848120715167,-8.484291076660156
自衛官,230380,210390,19990,-8.047978546783215,-3.475017070770264,-9.195242714237523,-4.493907928466797,-7.74196885742304,-4.375914573669434,-7.682165239308332,-5.624356269836426,-11.562672509491899,-6.3725266456604,-11.77343627891025,-6.312163352966309
警察官，海上保安官,251160,220960,30200,-14.855163621538468,-7.705516338348389,-17.834634536021465,-9.435043334960938,-15.254079178089404,-10.91127872467041,-16.36779651126346,-11.11961555480957,-15.11646346463502,-9.784804344177246,-15.31619906425476,-9.801504135131836
消防員,148580,144230,4350,-7.7473349498428465,-4.200516223907471,-8.050127970205772,-4.121269226074219,-7.377394097451945,-3.7809438705444336,-7.186220291498545,-4.839960098266602,-12.001347407129884,-6.855793476104736,-11.485226099555558,-6.855793476104736
警備員,374690,357250,17440,-8.297745184133982,-3.651379585266113,-8.633500086294639,-5.169578075408936,-7.919723710940994,-4.203421592712402,-7.709726114530821,-5.472114562988281,-12.24977209367825,-7.201494216918945,-11.278265753307858,-7.256284713745117
他に分類されない保安職業従事者,84720,73910,10810,-6.323154409423129,-4.690625190734863,-5.726487469028783,-4.28046464920044,-6.649894878154493,-4.964224338531494,-5.903390452668473,-4.555642604827881,-6.099992278878015,-3.689795732498169,-6.899516044436274,-3.498311996459961
農林漁業従事者,1898800,1205200,693600,-6.828334899349067,-3.831204414367676,-6.798969616761079,-4.093605041503906,-6.635006791762724,-3.884842395782471,-6.985745465433276,-4.224287033081055,-9.618974081432546,-5.982558250427246,-9.826914197689778,-5.988460063934326
農業従事者,1735160,1067910,667250,-100.0,-100.0,-100.0,-100.0,-100.0,-100.0,-100.0,-100.0,-100.0,-100.0,-100.0,-100.0
農耕従事者,1452780,850400,602380,-100.0,-100.0,-100.0,-100.0,-100.0,-100.0,-100.0,-100.0,-100.0,-100.0,-100.0,-100.0
養畜従事者,154470,99790,54670,-9.999430317915122,-5.631259918212891,-9.428061240428203,-5.479862213134766,-11.461634570405684,-7.06768798828125,-11.415817164086008,-7.308765888214111,-11.508639302872519,-6.953418731689453,-11.267356382833945,-5.642752647399902
植木職，造園師,122810,113350,9460,-5.777481608718406,-2.759532928466797,-6.695474207401276,-2.8515191078186035,-5.7753326965652345,-2.730250358581543,-5.797809720039368,-4.247722625732422,-11.028935519793562,-5.584941864013672,-11.195872387370548,-5.554598808288574
林業従事者,43710,40980,2730,-100.0,-100.0,-100.0,-100.0,-100.0,-100.0,-100.0,-100.0,-100.0,-100.0,-100.0,-100.0
育林従事者,17480,16160,1320,-6.078725863959043,-2.5626144409179688,-6.30217055694477,-3.8066673278808594,-6.879542343489087,-4.697811126708984,-7.329982815562068,-4.080646514892578,-9.364761367098975,-5.719537258148193,-10.724792892868454,-5.719537258148193
伐木・造材・集材従事者,20480,19990,490,-7.076995396432076,-3.3855626583099365,-7.043115709279035,-3.3064801692962646,-7.366709407049281,-4.669464111328125,-7.718633287661785,-4.872183799743652,-10.254869905136923,-5.472972393035889,-10.410701249096844,-5.297378063201904
漁業従事者,119930,96310,23620,-100.0,-100.0,-100.0,-100.0,-100.0,-100.0,-100.0,-100.0,-100.0,-100.0,-100.0,-100.0
漁労従事者,66470,57690,8780,-10.161582182381899,-6.094825267791748,-9.984989591546961,-6.241574764251709,-10.902050859145536,-6.486719131469727,-10.228377893164351,-7.073798656463623,-13.847802116670682,-3.472319364547729,-15.138875287932319,-6.703567028045654
船長・航海士・機関長・機関士（漁労船）,6510,6490,10,-6.646604780022424,-3.783214569091797,-7.26212785372863,-4.173103332519531,-6.492470129755617,-4.471074104309082,-7.020512487437274,-5.1462273597717285,-7.702094634980646,-5.76640510559082,-8.210602995511648,-6.155663967132568
海藻・貝採取従事者,10280,7380,2900,-8.889033488644898,-5.297138214111328,-9.12257765757071,-6.019308090209961,-8.680592595165923,-5.700386047363281,-9.090252306010273,-3.8538665771484375,-10.912569282619097,-5.867759704589844,-11.347659826278687,-5.847297668457031
水産養殖従事者,33980,23960,10020,-7.644235479922695,-5.052790641784668,-7.494537595156077,-4.086059093475342,-6.708548975354843,-3.80161190032959,-6.502584966453346,-4.0721635818481445,-8.456077306325199,-4.368250846862793,-9.333426630174792,-4.785495758056641
生産工程従事者,7534000,5263320,2270670,-6.626842473299448,-3.5434203147888184,-6.663347608334309,-4.262648582458496,-6.805586105084601,-4.097770690917969,-6.387283927685505,-3.7309045791625977,-9.978769306008143,-3.5972471237182617,-10.347748830511764,-3.5972471237182617
製品製造・加工処理従事者（金属製品）,1073520,970440,103080,-6.692890458434593,-3.804011821746826,-6.650933964832409,-4.056346416473389,-5.498801054845329,-3.330518245697021,-5.321495220467851,-3.931674957275391,-9.432362434518247,-2.532442569732666,-10.22561399356739,-2.3706769943237305
製銑・製鋼・非鉄金属製錬従事者,39090,37830,1250,-3.547605579135982,-0.92208331823349,-3.4995463357583896,-0.92208331823349,-4.0637335540684125,-0.6752834320068359,-4.055903553157239,-0.6752834320068359,-6.297832317934692,-0.8571337461471558,-6.140237850313251,-0.1501946151256561
鋳物製造・鍛造従事者,36120,34420,1700,-10.281472955951253,-8.564749717712402,-10.499336990150246,-8.35354232788086,-9.76505607867059,-8.177339553833008,-9.730935325493684,-7.454005241394043,-11.427587873153104,-7.482942581176758,-11.862043213199925,-9.005743980407715
金属工作機械作業従事者,152140,139960,12180,-10.470703139559912,-5.266582489013672,-13.146603964470529,-6.190131187438965,-11.222266426523223,-5.131053447723389,-12.767716549538278,-6.537364959716797,-13.070775388761332,-9.869582176208496,-13.78855519036989,-9.869582176208496
金属プレス従事者,61420,52140,9280,-7.264723162614662,-4.2939982414245605,-7.23790844066723,-5.535689353942871,-7.163270498960073,-4.655817985534668,-7.108424312359578,-5.269510746002197,-10.263032032333257,-6.099859714508057,-10.180087843456784,-5.589179515838623
鉄工，製缶従事者,53660,51960,1700,-7.1419335385315295,-1.4748989343643188,-6.8581202883978145,-0.9567710161209106,-6.686557409417539,-2.0539510250091557,-5.867348082967706,-1.1450276374816897,-10.21305173407984,-3.2775354385375977,-10.04612648970372,-3.94239354133606
板金従事者,73170,69470,3710,-8.86587306015364,-4.527115821838379,-9.01379278221646,-6.026042938232422,-7.9592673469135775,-6.202988147735596,-8.179744372496733,-5.508100509643555,-11.051987127493357,-7.659587860107422,-11.079919138470212,-7.739154815673828
金属彫刻・表面処理従事者,37220,32700,4510,-5.8215110775168615,-2.7993273735046387,-5.624482377155407,-4.040382385253906,-5.38531861778434,-3.2821621894836426,-5.255874561296927,-3.3038783073425293,-9.110818436127582,-1.915768027305603,-9.64148818399455,-1.79767906665802
金属溶接・溶断従事者,163710,157300,6410,-8.483249857225491,-5.044127941131592,-8.576782410209244,-5.981441497802734,-7.457798040550173,-5.002006530761719,-7.387745212864232,-4.611019134521484,-9.249266002014393,-3.675185680389404,-10.747063321036261,-3.890376567840576
製品製造・加工処理従事者（金属製品を除く）,3018290,1635240,1383050,-6.692890458434593,-3.804011821746826,-6.650933964832409,-4.056346416473389,-5.498801054845329,-3.330518245697021,-5.321495220467851,-3.931674957275391,-9.432362434518247,-2.532442569732666,-10.22561399356739,-2.3706769943237305
化学製品製造従事者,219640,168950,50690,-7.136879848159906,-4.569114685058594,-7.511045017757931,-4.517341136932373,-6.815605258213655,-4.875689506530762,-6.883762230744233,-5.2617692947387695,-9.500505676706329,-6.710291385650635,-9.613514114070583,-6.949209690093994
窯業・土石製品製造従事者,139770,117400,22370,-9.284386179829372,-4.724532604217529,-9.804314046292692,-6.553256988525391,-9.747144651776962,-6.913287162780762,-9.80380774188686,-6.424896240234375,-12.844050895166761,-9.228906631469728,-12.246200638848382,-9.971378326416016
食料品製造従事者,1227480,476590,750890,-5.974093304335616,-3.5771284103393555,-6.4003641283189925,-3.733126640319824,-6.174878973997276,-3.727015972137451,-6.103954315185547,-4.043239593505859,-7.545806091250354,-4.808870315551758,-7.364775006835525,-5.313914775848389
飲料・たばこ製造従事者,45150,34290,10850,-9.5721858221156,-7.627898693084717,-9.428698021012384,-7.384771823883057,-8.468538116862756,-6.716494560241699,-8.09664441121591,-6.525539875030518,-10.7618899672996,-7.623958587646484,-11.179129226787671,-7.514117240905762
紡織・衣服・繊維製品製造従事者,274370,88650,185720,-7.521789740060122,-5.364256858825684,-8.073354530978847,-5.125514507293701,-7.149350341039759,-5.469648838043213,-7.32417230026142,-5.643161296844482,-9.31518969645027,-4.930942535400391,-9.67099137241776,-5.238712310791016
木・紙製品製造従事者,273160,214470,58690,-7.718671762306272,-5.6606855392456055,-8.059000082918116,-5.644133567810059,-7.5228502331799225,-5.788279533386231,-7.501565205084311,-6.054633617401123,-9.842981964577245,-6.417289733886719,-9.969041482822314,-7.244563579559326
印刷・製本従事者,180700,126450,54250,-11.653406223268,-7.678861618041992,-11.792401648856497,-8.5856351852417,-12.332945656230432,-8.756969451904297,-12.421263610994494,-8.923617362976074,-14.72465365897608,-11.08204460144043,-14.356900260255143,-10.643553733825684
ゴム・プラスチック製品製造従事者,298880,219140,79740,-7.576994262578833,-5.198432445526123,-8.068414971635148,-5.131433963775635,-7.034397543841646,-5.092575550079346,-7.171036005020142,-5.669159412384033,-9.740276387629619,-6.885468006134033,-9.958060792974523,-6.780577659606934
機械組立従事者,1261100,969420,291680,-8.2028055700637,-4.946585178375244,-8.67867919238838,-5.773646354675293,-7.543061398367845,-5.527902603149414,-7.52999412691271,-5.776502132415772,-10.445237243448505,-6.552615165710449,-9.919040538169241,-6.428815841674805
はん用・生産用・業務用機械器具組立従事者,334370,280020,54350,-4.992383513286824,-0.810032069683075,-5.200599971655253,-1.9778060913085935,-4.255523293982935,-0.879589319229126,-4.814344890214302,-1.694644808769226,-7.856498401583606,-4.683176040649414,-7.609547357301454,-5.244853973388672
電気機械器具組立従事者,485760,321610,164150,-4.810792533495954,-3.649282217025757,-5.143966249517493,-4.017115592956543,-4.691343740652536,-3.0365138053894043,-5.045336468799694,-3.304514169692993,-5.352524952124093,-3.1179275512695312,-6.071761962529775,-3.1179275512695312
自動車組立従事者,344560,291780,52790,-8.44308124425757,-5.284007549285889,-8.8408984010284,-5.919009208679199,-7.715558139422468,-5.4476165771484375,-7.748190657512562,-5.8231706619262695,-10.358274831116654,-7.086471557617188,-9.987175603170652,-6.9281086921691895
輸送機械組立従事者（自動車を除く）,52740,48120,4630,-4.904113350933745,-2.4511027336120605,-5.839133378621694,-2.466448783874512,-5.040234438335623,-2.6656413078308105,-5.470985193510313,-3.4697718620300293,-7.237777568001784,-3.987072467803955,-7.639489370423394,-4.634451389312744
計量計測機器・光学機械器具組立従事者,43660,27900,15760,-4.375935947622052,-2.920210599899292,-4.919659553347407,-3.340773820877075,-4.358576268640183,-2.733726024627685,-4.693951763011314,-2.9809412956237797,-5.34706481722475,-3.5647614002227783,-6.134313749300467,-3.566450595855713
機械整備・修理従事者,942120,912580,29530,-9.90795679310806,-6.607100009918213,-10.200645630424088,-7.679514408111572,-7.508237354628003,-4.978236198425293,-7.626545438895354,-5.219420433044434,-11.81256426017703,-8.205547332763672,-11.697842372430337,-8.205547332763672
はん用・生産用・業務用機械器具整備・修理従事者,401150,388710,12440,-4.992383513286824,-0.810032069683075,-5.200599971655253,-1.9778060913085935,-4.255523293982935,-0.879589319229126,-4.814344890214302,-1.694644808769226,-7.858287880438884,-4.683176040649414,-7.630737330462481,-5.244853973388672
電気機械器具整備・修理従事者,93070,86700,6370,-8.874087421038679,-6.86943244934082,-9.1457152624388,-7.273146629333496,-7.887950860817014,-4.336448669433594,-8.241086205920658,-5.222280979156494,-9.00154200401015,-6.440124034881592,-9.542453701431686,-6.440124034881592
自動車整備・修理従事者,376070,368820,7250,-10.218370637820877,-6.372251987457275,-10.549021498577014,-6.606715202331543,-8.366012576882166,-5.709108352661133,-8.535595851975518,-6.33108377456665,-11.281822080830581,-8.033236503601074,-11.002627849578857,-7.90943717956543
輸送機械整備・修理従事者（自動車を除く）,58640,56790,1850,-6.993082392306728,-4.0981550216674805,-8.612551009332812,-4.538688659667969,-7.113779351911472,-4.975113868713379,-7.399647268089089,-4.689121246337891,-10.509197817503951,-4.539828300476074,-10.952624453080666,-5.910399436950684
計量計測機器・光学機械器具整備・修理従事者,13190,11570,1620,-7.912804246858786,-5.835459232330322,-8.495183612849262,-6.454084873199463,-7.324505591210518,-3.837958812713623,-7.833588532499365,-4.090800285339356,-8.499649994245923,-6.904353618621826,-9.13045794577212,-6.897506237030029
製品検査従事者,369160,156130,213030,-7.482114861029705,-4.604052543640137,-7.082783860129279,-4.991278648376465,-6.597036765731928,-4.695009231567383,-6.162992258329649,-4.193007469177246,-9.499503405039547,-5.380770206451416,-9.244132257796622,-5.080272674560547
金属製品検査従事者,85860,48910,36950,-9.079332235205264,-6.270831108093262,-9.558736350085285,-6.041739940643311,-8.310553874678284,-6.133895397186279,-8.35972514023652,-6.489144325256348,-11.240538327748538,-5.949344635009766,-10.996868230201102,-7.3098344802856445
化学製品検査従事者,42810,18760,24050,-8.200772991617217,-4.954337120056152,-9.021745285472354,-5.735770225524902,-7.759996872821837,-5.376550197601318,-8.070042239653098,-5.594587802886963,-10.142808470107218,-6.058978080749512,-10.096080103436032,-6.198477268218994
窯業・土石製品検査従事者,22560,15110,7460,-9.284386179829372,-4.724532604217529,-9.804314046292692,-6.553256988525391,-9.747144651776962,-6.913287162780762,-9.80380774188686,-6.424896240234375,-12.823252794396787,-9.228906631469728,-12.244585243431297,-9.971378326416016
食料品検査従事者,48280,16080,32200,-8.461657502269016,-4.9751811027526855,-9.433838245030996,-5.591190338134766,-8.523299781420759,-5.609663963317871,-8.762313897545273,-5.497153282165527,-10.557676682945425,-7.413590431213379,-10.623161277255496,-8.05573558807373
飲料・たばこ検査従事者,5510,2390,3130,-8.172142578445317,-4.613242149353027,-7.625264293438679,-4.809310436248779,-6.965525244938508,-4.247890472412109,-6.358004856753993,-3.921949863433838,-9.42596970987684,-6.138742446899414,-9.68699629564543,-4.393877983093262
紡織・衣服・繊維製品検査従事者,24020,4470,19550,-8.487654587694706,-5.241946220397949,-9.00541531717455,-6.587225914001465,-7.8827947514657755,-5.806888580322266,-8.037462588903066,-5.643161296844482,-9.330541587057914,-3.742940664291382,-9.528837935344592,-5.238712310791016
木・紙製品検査従事者,13570,5340,8230,-8.97728189075266,-6.108867168426514,-9.57250168194642,-6.21040678024292,-8.53065669809589,-5.931830406188965,-8.715340073044235,-6.357001781463623,-10.446177555404546,-5.910282135009766,-10.391537089605588,-5.103387832641602
印刷・製本検査従事者,13380,4500,8880,-14.65515583708086,-11.422961235046388,-16.595623879819303,-11.902129173278809,-14.950114301142802,-11.861090660095217,-15.641116619110107,-12.65701961517334,-15.031946196810889,-9.7200927734375,-15.331224963471696,-11.746932983398438
ゴム・プラスチック製品検査従事者,77620,23950,53670,-8.837122815255901,-6.168945789337158,-9.41596398804639,-6.143283367156982,-8.17668063403996,-5.997553825378418,-8.49833160799903,-6.157317638397217,-9.876873209276273,-4.243682861328125,-9.776687219336226,-5.21196174621582
機械検査従事者,285770,168760,117010,-7.757530772959003,-5.009925365447998,-7.562732506442714,-4.5822038650512695,-6.602084496549067,-3.986159563064575,-6.226366476432697,-3.5170106887817383,-9.916356192290328,-5.293313503265381,-9.80012243825036,-5.293313503265381
はん用・生産用・業務用機械器具検査従事者,58480,38250,20230,-4.992383513286824,-0.810032069683075,-5.200599971655253,-1.9778060913085935,-4.255523293982935,-0.879589319229126,-4.814344890214302,-1.694644808769226,-7.854743924759727,-4.683176040649414,-7.596723382537429,-5.205344200134277
電気機械器具検査従事者,118190,59250,58940,-10.107901049024276,-8.348345756530762,-9.565632085542422,-8.20908260345459,-9.010097456342391,-7.214727878570557,-8.77517560688225,-7.410929679870605,-9.035433845665619,-6.833754539489746,-9.093148956427703,-7.590006351470947
自動車検査従事者,87440,56650,30790,-8.958276730457335,-6.495893478393555,-8.612280919745162,-6.430739402770996,-7.725493886088597,-5.902552604675293,-7.516213813343564,-5.606764793395996,-10.304032376704326,-6.588972568511963,-9.683316147005236,-7.12217903137207
輸送機械検査従事者（自動車を除く）,10500,9130,1370,-8.620944747488007,-6.287643432617188,-9.064536532840213,-6.945853233337402,-8.56705854867251,-6.849803924560547,-8.681468055054948,-6.969626903533936,-9.79645233299896,-5.5843610763549805,-10.39270357183508,-7.429328441619873
計量計測機器・光学機械器具検査従事者,11160,5480,5680,-8.640010629901449,-6.073390007019043,-8.605996486302969,-6.659926414489746,-7.9705952251230485,-6.273329734802246,-8.006355130994642,-5.9715495109558105,-8.428012946179805,-6.641383647918701,-8.540356455622492,-6.897506237030029
生産関連・生産類似作業従事者,584040,450740,133290,-6.530852579888497,-3.2709877490997314,-6.62828922916103,-4.489921569824219,-6.497430990670473,-4.557995796203613,-6.382708736368127,-4.523661613464356,-8.567286065516582,-5.292949199676514,-8.89119339311445,-5.280810356140137
画工，塗装・看板制作従事者,232980,207990,24990,-2.2917195979420466,-0.2635318040847778,-3.5737170389777906,-0.3578472733497619,-2.917020814564392,-0.8325051665306091,-3.0696545251317926,-0.5300633311271667,-3.267968120920749,-0.5580766201019287,-4.484903535327396,-0.5580766201019287
生産関連作業従事者（画工，塗装・看板制作を除く）,289300,201080,88220,-7.508547451659923,-4.4986114501953125,-8.180110216140747,-4.562129020690918,-7.899847234478433,-5.631003379821777,-7.916986900406915,-5.388411521911621,-8.093384808256426,-4.73750638961792,-8.81014141198751,-4.806174755096436
生産類似作業従事者,61760,41670,20080,-9.672598358329015,-3.2709877490997314,-11.681646237502227,-4.489921569824219,-10.058088615650439,-6.380474090576172,-10.53933396532729,-5.109458923339844,-14.004078188015304,-8.93460464477539,-14.758631519369176,-8.93460464477539
輸送・機械運転従事者,1983330,1907110,76220,-10.073941966049544,-7.011518478393555,-10.027101648820413,-7.251572608947754,-9.484323443347261,-6.447942733764648,-9.496094726227426,-7.796935081481934,-8.450852965580598,-4.199226379394531,-9.766599091323647,-4.145194053649902
鉄道運転従事者,37130,35570,1560,-11.747706085670995,-8.279186248779297,-11.55260410179963,-9.554991722106934,-10.429490518933944,-8.382298469543457,-10.30032161119822,-8.808797836303711,-7.892441323695292,-4.441290855407715,-8.191037377795658,-4.441290855407715
鉄道運転従事者,37130,35570,1560,-11.747706085670995,-8.279186248779297,-11.55260410179963,-9.554991722106934,-10.429490518933944,-8.382298469543457,-10.30032161119822,-8.808797836303711,-7.892441323695292,-4.441290855407715,-8.191037377795658,-4.441290855407715
自動車運転従事者,1445820,1387800,58020,-11.176344787801495,-7.442380905151367,-11.458788272496816,-7.7383623123168945,-10.923850478106782,-7.039662837982178,-11.251269598264951,-8.348089218139648,-9.259736290414825,-6.626960277557373,-9.491012557132825,-6.626960277557373
自動車運転従事者,1445820,1387800,58020,-11.176344787801495,-7.442380905151367,-11.458788272496816,-7.7383623123168945,-10.923850478106782,-7.039662837982178,-11.251269598264951,-8.348089218139648,-9.259736290414825,-6.626960277557373,-9.491012557132825,-6.626960277557373
船舶・航空機運転従事者,27900,27440,470,-11.129641481938252,-9.185029029846191,-11.338426499753385,-9.024934768676758,-10.382958965447113,-8.203069686889648,-10.49801881893261,-9.065627098083496,-10.156617681488736,-6.15579891204834,-11.384373107471982,-7.53621244430542
船長・航海士・運航士（漁労船を除く），水先人,14390,14140,250,-7.792494870779168,-0.7843785285949707,-7.81068986291821,-0.5049331784248352,-7.338966360528961,-0.5614964962005615,-7.732192680642411,-0.5276411771774292,-3.22924113876492,-0.0882095471024513,-6.602602580612576,-0.1178424805402755
船舶機関長・機関士（漁労船を除く）,6470,6430,30,-6.995070308219385,-6.119158744812012,-7.164497166066556,-5.611332893371582,-6.950277226571818,-5.980221748352051,-7.119101559793627,-5.514248847961426,-8.871847032590678,-5.776968002319336,-9.039851684828061,-5.862082958221436
航空機操縦士,7040,6860,180,-9.755926543519697,-4.521240234375,-13.202361831793914,-6.48261833190918,-9.179853250052183,-5.4577484130859375,-10.549429442431476,-5.140536308288574,-10.028650291093433,-4.3190107345581055,-10.500489595774058,-4.934065818786621
車掌,23060,17360,5710,-100.0,-100.0,-100.0,-100.0,-100.0,-100.0,-100.0,-100.0,-100.0,-100.0,-100.0,-100.0
甲板員，船舶技士・機関員,14360,14100,260,-5.445613183848958,-0.0613931007683277,-4.233742623690617,-0.0045454748906195,-4.635251595148149,-0.0098279174417257,-2.965167583040327,-0.003413091180846,-8.702319905958102,-4.394898891448975,-7.643482544937649,-3.4576568603515625
他に分類されない輸送従事者,100700,95620,5090,-12.20991232922969,-10.010261535644531,-12.33082272555377,-9.343968391418455,-12.01351615672803,-10.224671363830566,-12.19993637059186,-9.94374656677246,-11.383998164693818,-10.132086753845217,-11.12097219518713,-10.159971237182615
定置・建設機械運転従事者,334350,329240,5120,-5.5085749480560535,-2.4280543327331543,-6.879977741756955,-3.8076171875,-5.377598560493411,-2.6295807361602783,-5.6718300774290755,-3.3828988075256348,-7.499624674556819,-2.7668824195861816,-7.829924322463371,-4.035377502441406
発電員，変電員,34390,34010,380,-6.462683275455737,-2.5888214111328125,-6.89826213024758,-2.630844116210937,-6.369743214308761,-2.551239013671875,-6.210726984449335,-3.423152208328247,-11.033013460290341,-5.858166694641113,-10.538492176983807,-4.748899936676025
ボイラー・オペレーター,7550,7540,10,-14.094803409722015,-11.055665969848633,-15.055360684523711,-10.963438034057615,-13.304731631096994,-10.343097686767578,-13.432704861099655,-10.357529640197754,-17.972404785738647,-12.231002807617188,-17.095353158744604,-11.648651123046877
クレーン・ウインチ運転従事者,48070,47590,480,-13.443905582864776,-7.482875823974609,-14.36254019350619,-8.207152366638184,-14.369207222043103,-7.431507110595703,-14.699979930310636,-8.354267120361328,-13.219711136271936,-9.21489715576172,-12.873017897477022,-7.548343658447266
建設・さく井機械運転従事者,86830,86150,690,-16.15961082837054,-11.75558376312256,-17.08624004028939,-13.610390663146973,-16.8896446956023,-13.740951538085938,-17.354228818738783,-14.26523780822754,-18.762371165151816,-16.216537475585938,-19.136686428173167,-17.232921600341797
建設・採掘従事者,2447480,2384560,62920,-100.0,-100.0,-100.0,-100.0,-100.0,-100.0,-100.0,-100.0,-100.0,-100.0,-100.0,-100.0
建設・土木作業従事者,1940120,1888080,52030,-9.031692694161684,-6.61713457107544,-8.372567031834576,-5.681547164916992,-7.485081508869433,-4.9678497314453125,-7.23297682001784,-4.096545219421387,-11.776238823665008,-6.12156867980957,-11.742707349158621,-7.06456470489502
型枠大工,40840,40240,600,-10.397721625466383,-5.6427998542785645,-11.208477619531992,-4.892360687255859,-9.999994438113147,-6.213741779327393,-9.869814743866792,-6.497928142547607,-12.32348690688155,-5.717575073242188,-12.537908692617673,-4.045646667480469
とび職,111940,110310,1630,-11.887554565458807,-6.301276683807373,-13.150916908238385,-6.735572338104248,-12.474695915484247,-7.713579177856445,-11.840780242069348,-6.731048583984375,-9.86543160358458,-4.711036682128906,-10.99182000675717,-4.849908351898193
鉄筋作業従事者,28990,28540,450,-9.228618021229751,-4.502368927001953,-9.540715391571457,-6.490323066711426,-7.676386172534856,-3.8623838424682617,-7.653955256616747,-4.358017444610596,-12.687573866079783,-6.708755493164063,-12.681645876652485,-7.159451484680176
大工,297900,293360,4540,-100.0,-100.0,-100.0,-100.0,-100.0,-100.0,-100.0,-100.0,-100.0,-100.0,-100.0,-100.0
ブロック積・タイル張従事者,24510,23950,560,-6.864835309618302,-4.322135925292969,-7.056280287536415,-4.859498023986816,-6.326999862685458,-3.88949990272522,-6.190273503999452,-3.639327764511109,-9.236474062650258,-4.918990135192871,-10.018602864162341,-6.4971923828125
屋根ふき従事者,17010,16540,480,-7.906125112344291,-5.613208293914795,-8.935912454450452,-5.596056938171387,-8.32517568573697,-6.076838493347168,-8.191970963735837,-5.804347038269043,-7.417832629371236,-4.758040428161621,-8.090310725005898,-4.630206108093262
左官,59890,58610,1280,-7.7598523565831075,-3.491424322128296,-7.71818006360853,-5.193819046020508,-8.038630285335861,-4.288093090057373,-8.185646463084865,-5.911677360534668,-13.674878502620086,-6.513906955718994,-14.047079737121994,-8.077816009521484
畳職,9130,8440,690,-7.2766593831186075,-3.0298120975494385,-7.760519125977078,-3.5048182010650635,-6.997341709282562,-3.2421226501464844,-7.03354071604239,-4.478607177734375,-13.94289450609047,-8.905241966247559,-13.886579629537222,-8.3892822265625
配管従事者,220720,217240,3480,-100.0,-100.0,-100.0,-100.0,-100.0,-100.0,-100.0,-100.0,-100.0,-100.0,-100.0,-100.0
土木従事者,456900,447610,9290,-100.0,-100.0,-100.0,-100.0,-100.0,-100.0,-100.0,-100.0,-100.0,-100.0,-100.0,-100.0
鉄道線路工事従事者,24750,24750,-,-10.16197918025592,-7.882286071777344,-11.376957348875097,-7.590567588806152,-10.228477303308384,-7.12260103225708,-10.787447291451532,-7.126351356506348,-13.193731722940925,-8.108925819396973,-13.874114281422383,-8.108925819396973
電気工事従事者,505940,495130,10810,-8.40187948168689,-4.2712273597717285,-8.539817491093197,-6.093611240386963,-7.149330055440656,-4.072052955627441,-6.999641998394115,-4.448367118835449,-10.88481565286185,-6.242917060852051,-10.27196446624962,-6.309806346893311
電線架線・敷設従事者,47430,46890,540,-9.75576792054504,-5.479270458221436,-11.142317568933642,-5.7005767822265625,-8.31797411605602,-5.165199279785156,-8.933323615306133,-5.246482849121094,-17.577612090656775,-7.394416809082031,-19.94939110085771,-7.184398651123047
電気通信設備工事従事者,79000,76370,2630,-10.702578289818218,-7.826785087585449,-11.43143731838948,-8.26789379119873,-10.092632766898351,-4.866192817687988,-10.245931554485011,-5.872801780700684,-12.209837760634095,-9.187103271484377,-11.042865714511356,-8.6347074508667
採掘従事者,1420,1350,70,-100.0,-100.0,-100.0,-100.0,-100.0,-100.0,-100.0,-100.0,-100.0,-100.0,-100.0,-100.0
砂利・砂・粘土採取従事者,200,200,-,-10.681091789070887,-6.1426544189453125,-9.57928094348392,-4.730406761169434,-10.556332016719207,-7.082663536071777,-10.64741649820998,-7.476908683776855,-11.370864900923868,-5.486732482910156,-12.188975749789057,-5.844417095184326
運搬・清掃・包装等従事者,4198670,2225500,1973170,-6.793899721771706,-2.7982516288757324,-6.868826959584211,-2.8345179557800293,-5.97117889382457,-2.664109706878662,-6.671273194454812,-3.8101513385772714,-8.52787149953478,-4.938396453857422,-8.83434590455648,-5.623412609100342
運搬従事者,1624920,1123160,501750,-100.0,-100.0,-100.0,-100.0,-100.0,-100.0,-100.0,-100.0,-100.0,-100.0,-100.0,-100.0
郵便・電報外務員,110450,99510,10940,-11.4483108993705,-7.637085437774658,-13.71223411044559,-7.520644664764404,-10.815209206733995,-7.474303722381592,-11.150141696672183,-7.715541839599609,-12.444328686663212,-8.766390800476074,-13.117258600286535,-8.542731285095215
船内・沿岸荷役従事者,14220,13970,250,-8.66441097332321,-5.280906677246094,-9.03648455722912,-5.731669425964356,-7.654264428233373,-4.835769176483154,-7.261904162329596,-4.437736511230469,-13.460216260138358,-7.460830688476562,-14.489292350975242,-7.521835803985596
陸上荷役・運搬従事者,245100,181770,63330,-8.05030161369848,-4.0968780517578125,-8.627431972606763,-5.000385761260986,-7.596484783041568,-3.893958330154419,-8.183091070200947,-4.821685314178467,-13.82460944707157,-7.488864421844482,-15.790846934189668,-8.293936729431152
倉庫作業従事者,273930,186320,87600,-10.171796511147768,-5.782228946685791,-9.888704009958216,-6.586240768432617,-8.56945345055966,-5.442507743835449,-8.26961853375306,-5.651180744171143,-12.918689210906283,-7.302186965942383,-13.200636631733662,-8.451952934265137
配達員,696180,518540,177630,-10.754549201208217,-6.019190788269043,-12.482072852753305,-6.94899320602417,-10.807374455546604,-4.932253837585449,-11.050317848050916,-6.02171802520752,-14.509198083222367,-7.647677898406982,-14.253290447028908,-10.648187637329102
荷造従事者,285050,123040,162010,-8.613674429536776,-2.356891632080078,-9.24687734729535,-1.8880847692489624,-8.709284016194234,-3.0678484439849854,-8.780702832582834,-2.78753662109375,-11.078182136739484,-5.4168853759765625,-11.039839667242926,-6.6133646965026855
清掃従事者,1149320,495250,654060,-100.0,-100.0,-100.0,-100.0,-100.0,-100.0,-100.0,-100.0,-100.0,-100.0,-100.0,-100.0
ビル・建物清掃員,910680,294910,615770,-13.956498408135568,-8.876761436462402,-16.988635875083304,-9.026782035827637,-14.145466535146,-9.482629776000977,-14.958260793943662,-8.364269256591797,-16.156473276269345,-10.690532684326172,-17.030157166558343,-12.848962783813477
廃棄物処理従事者,119970,113400,6570,-9.183805556697699,-6.445605754852295,-9.78708090008916,-6.662951469421387,-9.0056998529507,-6.644770622253418,-9.514670893952653,-6.758078098297119,-12.152747933191197,-8.082077980041504,-12.303609190760431,-8.587425231933594
ハウスクリーニング職,27760,17110,10650,-13.963331455492792,-8.168644905090332,-16.695378967233605,-9.413143157958984,-15.2308005631425,-10.228654861450195,-16.22464649741714,-10.062496185302734,-14.908079919014268,-11.993572235107422,-14.442599908725635,-11.834030151367188
包装従事者,274230,85740,188490,-100.0,-100.0,-100.0,-100.0,-100.0,-100.0,-100.0,-100.0,-100.0,-100.0,-100.0,-100.0
包装従事者,274230,85740,188490,-100.0,-100.0,-100.0,-100.0,-100.0,-100.0,-100.0,-100.0,-100.0,-100.0,-100.0,-100.0
