職業,総数,男,女,mean-men-Eleu_job_is,max-men-Eleu_job_is,mean-wom-Eleu_job_is,max-wom-Eleu_job_is,mean-men-Eleu_job_type,max-men-Eleu_job_type,mean-wom-Eleu_job_type,max-wom-Eleu_job_type,mean-men-Eleu_job?,max-men-Eleu_job?,mean-wom-Eleu_job?,max-wom-Eleu_job?
総数,57673630,31525680,26147950,-27.914475026021478,-24.04715156555176,-27.110086562263,-0.363882839679718,-27.55175693458273,-0.275487333536148,-27.70133350990914,-23.65656280517578,-32.46435823513351,-29.76502990722656,-32.55015241777575,-27.74944877624512
管理的職業従事者,1196900,1010680,186220,-8.821609103440784,-0.0545947402715683,-9.51422073105602,-0.0536213926970958,-9.979514209368757,-7.726869106292725,-9.446829190125337,-8.038923263549805,-0.9112751602927465,-0.0083885230123996,-0.4227341005981371,-0.0092579601332545
管理的公務員,51870,44650,7220,-5.094859128320262,-0.037979669868946,-3.6327664683245726,-0.0251821000128984,-8.29016451836201,-0.0340670906007289,-8.375238385498273,-0.0068459482863545,-0.05070130860447201,-0.0083885230123996,-0.030479081635791293,-0.0092579601332545
管理的公務員,51870,44650,7220,-5.094859128320262,-0.037979669868946,-3.6327664683245726,-0.0251821000128984,-8.29016451836201,-0.0340670906007289,-8.375238385498273,-0.0068459482863545,-0.05070130860447201,-0.0083885230123996,-0.030479081635791293,-0.0092579601332545
法人・団体役員,968990,811530,157460,-4.394699014780175,-0.8885316848754883,-3.5534097113319345,-0.9438899159431458,-6.598429528811506,-1.6443729400634766,-6.821837605656804,-2.093721866607666,-2.4874600199342685,-1.1112290620803833,-2.684752987848746,-1.2998392581939695
会社役員,913490,767880,145620,-3.839245509669071,-0.1562580168247223,-4.233317737039682,-0.1970702409744262,-7.1057618030609975,-0.230448842048645,-11.261293254087906,-0.232433870434761,-1.504415021981788,-0.0203243046998977,-1.3721675762805987,-0.0160627365112304
法人・団体管理的職業従事者,120420,112010,8400,-7.750144746467357,-1.1129837036132812,-8.181900347406799,-1.1161119937896729,-7.7245563678159055,-1.6443729400634766,-7.882910660795264,-2.5700225830078125,-1.9156939382771498,-1.1112290620803833,-1.9736258814463745,-1.2667231559753418
他に分類されない管理的職業従事者,55620,42480,13140,-23.958291457809565,-7.277255535125732,-31.741101384162903,-7.14451789855957,-26.691005770714227,-0.1734163761138916,-31.83718079107033,-0.2022344172000885,-8.851596395477994,-1.4306364059448242,-9.279811072591189,-0.969791829586029
専門的・技術的職業従事者,10270980,5231410,5039570,-8.982233317526243,-0.1238145977258682,-8.060159129568854,-0.2137910425662994,-9.044527022836318,-0.0604399293661117,-6.259089721064712,-0.1015538200736045,-0.511332206939923,-0.0790320709347724,-0.3650642397335252,-0.0335164368152618
研究者,103910,79640,24280,-6.954707627099377,-0.0106038702651858,-3.2059191677190766,-0.027650648728013,-25.722341983941675,-0.0882608443498611,-26.277533420286066,-0.051924604922533,-0.3715739322200645,-0.013304385356605,-0.1853176000200816,-0.0154782459139823
自然科学系研究者,98020,75420,22590,-2.3381533941239803,-1.00369131565094,-2.181144707911723,-1.2403663396835327,-3.5212041503600493,-1.5781848430633545,-2.882928088710115,-1.935918211936951,-4.34393801852947,-1.825276255607605,-4.551690563962266,-2.5823445320129395
人文・社会科学系等研究者,5900,4220,1680,-5.025704922794386,-0.2978962659835815,-5.659225471921869,-0.2937758862972259,-5.2680304173294825,-0.2268363088369369,-5.897781675429763,-0.1989796608686447,-0.7268415607284499,-0.0492619611322879,-0.7261548560817499,-0.1200700849294662
技術者,2693290,2356170,337120,-19.29452220265192,-0.179813265800476,-18.941329285502434,-0.3270764052867889,-25.210572016148166,-0.3674787878990173,-28.144764488613284,-0.5232442021369934,-1.5176085089226716,-0.1424385756254196,-1.3146258117379368,-0.4628571271896362
農林水産・食品技術者,51140,39410,11720,-13.848222045825958,-0.0011549476766958,-11.60382885614023,-0.0010118131758645,-21.409876196623873,-0.016816871240735,-21.82668931327911,-0.0178059637546539,-0.2361435916146818,-0.0016367146745324,-0.022958186529797003,-0.0012552009429782
電気・電子・電気通信技術者（通信ネットワーク技術者を除く）,305190,288400,16800,-4.035009385214564,-0.003258635289967,-1.1931781947008662,-0.1900239735841751,-12.258659262167475,-0.0039470875635743,-9.111808750275019,-0.5481455326080322,-1.0368695115770092,-0.1552793979644775,-0.6587298048307767,-0.1283887773752212
機械技術者,242820,228640,14180,-18.851850640540587,-0.0186178777366876,-20.010131317467707,-0.0262161437422037,-23.129529811811583,-0.0488801449537277,-23.60939838316896,-0.0288255419582128,-0.12650544536193364,-0.0222661513835191,-0.11943881039985933,-0.0427053682506084
輸送用機器技術者,137470,130040,7430,-6.217130785736874,-0.0923917144536972,-14.203254075771248,-0.1139154136180877,-23.665895696245986,-0.1462654173374176,-26.39801185437151,-0.4018342494964599,-1.075886905307078,-0.0584122315049171,-0.9715068994744404,-0.1905739903450012
金属技術者,25660,24240,1430,-13.033399624678925,-1.0869613885879517,-14.554396704242036,-1.0767866373062134,-18.485971443525706,-2.1559107303619385,-18.502230718329145,-2.099534511566162,-3.461314282344498,-1.642313838005066,-3.8474224169512055,-1.7462049722671509
化学技術者,91350,73630,17730,-2.055905151458187,-0.0907997861504554,-1.5960589237511158,-0.1296498030424118,-6.12337457894824,-0.2222705632448196,-6.82797217207986,-0.3175045549869537,-1.5287767720358971,-0.237668439745903,-2.095208332143925,-0.3796638250350952
建築技術者,242580,211400,31180,-11.870320210475048,-0.3818891942501068,-11.175795837834075,-0.4941055178642273,-17.470299436845853,-14.445303916931152,-17.316986644590223,-14.320294380187988,-0.9939553464642008,-0.3776178956031799,-0.8316071287200257,-0.3773695528507232
土木・測量技術者,263870,249320,14550,-12.756417588650725,-0.1201483160257339,-8.689248268970767,-0.18158520758152,-18.586359252797738,-0.1824879795312881,-18.159489149982864,-2.2321696281433105,-3.5833129327715807,-1.3721795082092283,-3.8371815987535425,-2.537153482437134
システムコンサルタント・設計者,656770,555360,101410,-2.4991255643713566,-1.504258394241333,-2.5768079886565336,-1.760873794555664,-2.0232005824569526,-0.5831710696220398,-2.1821170900319076,-1.389274001121521,-1.493298550598494,-1.039219856262207,-1.6944638780645422,-0.7046810388565063
ソフトウェア作成者,389760,317450,72310,-1.911080681185686,-0.8317986130714417,-1.9805701439445083,-1.4022064208984375,-2.1092737285235454,-0.9680613279342652,-2.1907861409960567,-1.331613540649414,-1.981574825658143,-1.3214340209960938,-2.066506975405925,-1.372009038925171
保健医療従事者,3073950,897180,2176770,-23.80214358468092,-2.0472278594970703,-17.156555855596388,-1.6641231775283811,-32.185873060736036,-2.035613536834717,-31.22347402572632,-1.5638147592544556,-2.546578976034208,-0.9380766153335572,-2.6431189743248193,-1.0489182472229004
医師,303660,229560,74100,-13.922256371902145,-0.0430377088487148,-8.155925641427874,-0.0279299523681402,-20.852390817444743,-0.0555866509675979,-21.85473284517994,-0.0594440624117851,-32.002554835254,-9.49238109588623,-32.276387060010755,-30.530906677246094
歯科医師,98340,72050,26300,-22.293873670446963,-1.4422938823699951,-18.075726819199485,-1.326512098312378,-24.843060129471407,-2.261807441711426,-23.1373314905811,-2.005754947662353,-2.0479305118094873,-0.4596466422080993,-2.14930389096608,-0.5186339616775513
獣医師,24680,16690,8000,-8.557380525210432,-1.5558781623840332,-7.546128461489806,-2.091970920562744,-12.36305198414635,-2.1013400554656982,-12.478201448917389,-2.257535219192505,-3.8567016652522197,-2.3669984340667725,-4.050909746337581,-2.9451379776000977
薬剤師,243650,86110,157540,-2.9608800661472876,-0.7765466570854187,-2.045407520355405,-0.8310516476631165,-4.226610522233803,-1.2707284688949585,-3.440282110426877,-1.2215499877929688,-2.135337775900164,-0.9374330043792723,-2.312908117835586,-1.0460759401321411
保健師,49110,1570,47550,-26.61838580087851,-2.080111026763916,-16.66412169224507,-1.6641231775283811,-30.637290525072405,-1.7438933849334717,-31.49020882796597,-1.8067275285720823,-5.595361754184461,-1.010794997215271,-5.30362638670045,-1.1161092519760132
助産師,27550,-,27550,-26.86145816868498,-1.1181867122650146,-26.257959621983606,-1.2764971256256104,-26.76167044384789,-1.6809451580047607,-26.609987821127916,-1.552809715270996,-2.7105909294754493,-0.8998818397521973,-1.9908463008500434,-0.6434866189956665
看護師（准看護師を含む）,1385950,106810,1279140,-6.779501925044842,-0.0409011468291282,-4.4539069047046675,-0.036823071539402,-8.618252400792281,-0.0364398099482059,-7.028595469086556,-0.0336409285664558,-0.21565396291779654,-0.0257233064621686,-0.0716431346294042,-0.0175460744649171
診療放射線技師,57490,42130,15360,-21.67736107338476,-20.375089645385746,-21.993748974155736,-19.89064216613769,-20.850771272455464,-3.6229326725006095,-21.169879539592845,-19.56269836425781,-23.451444538495014,-20.95319366455078,-23.34696598310728,-2.785240650177002
臨床検査技師,82720,22180,60530,-28.65158305277351,-26.484432220458984,-28.584332595000397,-26.031192779541016,-28.211569429353904,-24.671972274780277,-28.18233740007555,-26.32850456237793,-29.43225755764328,-17.67188835144043,-27.90647029675342,-0.5729513168334961
理学療法士，作業療法士,202540,107160,95390,-5.278288538219365,-1.501096487045288,-5.123322430494669,-1.3199429512023926,-7.177584664512227,-2.825829029083252,-8.565089913638863,-2.179421901702881,-2.360148899427807,-1.2236610651016235,-2.321280388413249,-0.9509916305541992
視能訓練士，言語聴覚士,26930,5570,21360,-19.385562514530793,-1.1426877975463867,-20.605524119493122,-1.1521003246307373,-16.925067020736577,-1.454106330871582,-18.00972419574454,-1.571486473083496,-2.2270787410608683,-0.4828402101993561,-2.209755497204291,-0.8662177324295044
歯科衛生士,128740,230,128510,-27.711947768699122,-26.3279972076416,-27.510988248361123,-26.156200408935547,-26.652911237177957,-25.15607070922852,-26.159734004252666,-24.890668869018555,-2.595984306044251,-0.4596466422080993,-2.4602208592601724,-0.5186339616775513
歯科技工士,39320,31990,7330,-27.139157044068547,-2.7011547088623047,-27.175462729222065,-2.439770460128784,-26.11061290384249,-2.8791041374206543,-26.159734004252666,-24.890668869018555,-2.0479305118094873,-0.4596466422080993,-2.303162937631478,-0.5186339616775513
栄養士,121310,5540,115770,-6.51277019731871,-0.7303876876831055,-4.0949663384943396,-0.2574579417705536,-14.674180251951435,-0.6278474926948547,-11.389568217501447,-0.4501434862613678,-2.7659159452860593,-1.043247938156128,-2.379916952369181,-0.1870643049478531
あん摩マッサージ指圧師，はり師，きゅう師，柔道整復師,118210,85200,33010,-7.486222743078042,-0.6312958002090454,-7.9796342148974135,-1.1522475481033323,-8.03732672902464,-5.312099933624268,-8.11607011588844,-6.773462295532227,-1.0340018728534683,-0.2285753935575485,-0.9319088545602721,-0.197230190038681
社会福祉専門職業従事者,1166790,197650,969140,-2.162186962502603,-0.1591418981552124,-2.2449956525217845,-0.1849209517240524,-1.5229153719567161,-0.1113320738077163,-3.1887763478868716,-0.1257428526878357,-0.7024650427846963,-0.0492619611322879,-0.6347971831423205,-0.1200700849294662
保育士,634080,19930,614150,-16.862207733037817,-1.2667152881622314,-12.95385495110138,-0.9093928933143616,-11.024637914795912,-1.1503612995147705,-14.045898591747155,-0.8722066879272461,-1.5122106170836296,-0.5424503684043884,-1.4395646318994664,-0.2137740105390548
法務従事者,83750,67680,16070,-12.437039684703333,-6.616840839385986,-9.892507991275272,-1.2200692892074585,-12.115328876116804,-5.749783992767334,-9.099623216165078,-5.749879360198975,-8.642694571546016,-6.937924385070801,-8.789449543566317,-6.113761901855469
裁判官，検察官，弁護士,33710,27510,6190,-1.9231581783050116,-0.0203980095684528,-0.8074064400877703,-0.0116731226444244,-3.5890823355840364,-0.0762127637863159,-2.0932095628735183,-0.0509449169039726,-0.292085524563116,-0.0369547381997108,-0.20597708451788166,-0.0314030796289444
弁理士，司法書士,25560,20860,4710,-16.61765135082466,-0.0446105487644672,-11.38789267120631,-0.0431709550321102,-20.567531626643117,-0.5731062293052673,-16.881468043536753,-0.6858918070793152,-0.6024525302625795,-0.0369547381997108,-0.3473889481880375,-0.0314030796289444
経営・金融・保険専門職業従事者,190400,154840,35560,-1.8273074877171116,-0.519111692905426,-1.8139909227957596,-0.3888928592205047,-2.29852385034088,-0.4343904554843902,-2.548250850793478,-1.0505346059799194,-1.5028851955901577,-0.5216198563575745,-1.7397038807740082,-1.081058382987976
公認会計士,21850,17860,3990,-13.8609229353548,-3.816723108291626,-11.146303528064006,-3.8885514736175537,-18.42200160208549,-4.312621116638184,-18.27585087273572,-4.218919277191162,-3.548553577816213,-2.390800952911377,-3.499996119254344,-2.1895740032196045
税理士,63850,53630,10220,-11.287791842722712,-0.3978549838066101,-9.360085772702822,-0.4068610370159149,-12.232775337595976,-0.2944170236587524,-13.881568909899608,-0.4273151755332947,-2.3996629803690293,-0.1462421417236328,-0.9503722541235589,-0.3706647455692291
社会保険労務士,21780,14570,7210,-0.46823060205419553,-0.1591418981552124,-0.5149677244795335,-0.1849209517240524,-1.5882318265565478,-0.1955466568470001,-0.7934246402535889,-0.1257428526878357,-0.7024650427846963,-0.0492619611322879,-0.6347971831423205,-0.1200700849294662
教員,1429280,683430,745850,-17.188872056152984,-1.3027238845825195,-19.135721851845044,-1.3484787940979004,-18.54862113217361,-1.037847638130188,-15.57869113216529,-1.0330810546875,-11.590284070895828,-10.140775680541992,-11.82892056413599,-10.226638793945312
幼稚園教員,143310,7680,135620,-9.668377960001239,-1.4545267820358276,-10.896761322343671,-0.7506773471832275,-14.078844691050872,-1.1883538961410522,-14.234127339479086,-0.8118253946304321,-0.7339085916071447,-0.3116450309753418,-0.8349964558272749,-0.1868890821933746
小学校教員,421160,156830,264330,-5.184102337778979,-1.6549022197723389,-4.944049084508741,-1.659240961074829,-7.530759529303048,-0.9753140211105348,-7.825626324157457,-1.407585620880127,-1.3196173965475941,-0.575171172618866,-1.1996972866960474,-0.5464234352111816
中学校教員,231400,128460,102940,-2.592309218326598,-0.982612371444702,-1.952492095328666,-0.4822455048561096,-4.526473449386713,-0.9523688554763794,-5.240017350058298,-0.7856419086456299,-1.3807904485982794,-0.2927491664886474,-0.8633915365145013,-0.1686795353889465
高等学校教員,257460,167310,90150,-8.120648416854044,-2.7712032794952397,-8.32767992889559,-2.7362985610961914,-8.585965309434265,-7.230360984802246,-8.569527571265763,-6.859640121459961,-4.740466421797075,-2.574280261993408,-4.6894906453184175,-2.8358020782470703
特別支援学校教員,78310,29600,48710,-23.165196702680515,-21.703128814697266,-23.517948614584434,-22.078126907348636,-23.791569873576854,-3.0236830711364746,-24.34807928188427,-22.671876907348636,-22.11533943933385,-19.218751907348636,-21.496960043101698,-0.9642422199249268
大学教員,179620,124700,54920,-3.061685454754429,-0.6571973562240601,-1.5683447303804192,-0.5997169017791748,-9.242488807849302,-0.7851227521896362,-9.490449590860186,-0.6940651535987854,-3.370227639342992,-0.2433195263147354,-1.9148141380298782,-0.1904308199882507
宗教家,100390,86070,14330,-28.39891109393753,-2.714698314666748,-28.686371629302567,-7.988209724426269,-28.59581257368772,-2.3829493522644043,-29.297068840748555,-26.578096389770508,-29.124144211980223,-27.12506484985352,-29.128689585505306,-26.59354782104492
宗教家,100390,86070,14330,-28.39891109393753,-2.714698314666748,-28.686371629302567,-7.988209724426269,-28.59581257368772,-2.3829493522644043,-29.297068840748555,-26.578096389770508,-29.124144211980223,-27.12506484985352,-29.128689585505306,-26.59354782104492
著述家，記者，編集者,114060,63390,50670,-5.798621219078093,-0.7724767327308655,-3.8960272899350605,-0.5296929478645325,-7.819891403649599,-0.9580817222595216,-8.13622369798454,-1.5845222473144531,-3.0601091366687805,-2.04229998588562,-3.1928964160584115,-1.7860615253448486
著述家,30130,16060,14070,-7.414174392933154,-1.4805824756622314,-7.312480362685951,-2.2008206844329834,-14.398049853230251,-1.6500487327575684,-15.698348562459689,-1.5845222473144531,-3.3741566952858264,-2.04229998588562,-3.7441556888657646,-1.7860615253448486
記者，編集者,83930,47330,36590,-7.85111760865641,-0.7724767327308655,-5.94573377153358,-0.5296929478645325,-9.649972968429099,-0.9580817222595216,-9.997275913083875,-7.547244071960449,-9.349960727546051,-8.211315155029297,-9.62405311094748,-8.585793495178223
美術家，デザイナー，写真家，映像撮影者,317590,165310,152280,-4.819342300750827,-0.1288573294878006,-1.940607820908111,-0.0102569134905934,-12.339490579967281,-0.1289414763450622,-13.650145635008812,-0.5643443465232849,-0.5654579167830125,-0.0455567091703414,-0.2728022632182802,-0.0053300415165722
彫刻家，画家，工芸美術家,47320,22120,25200,-3.6658700451766717,-0.04965191334486,-3.065899932555653,-0.0149942953139543,-6.075043152306826,-2.4647977352142334,-5.536181984721003,-2.152247905731201,-3.2891839114764263,-1.599440097808838,-3.262190861476434,-1.3155046701431274
デザイナー,201100,96720,104390,-4.979048110829055,-0.2701570391654968,-2.627209286734059,-0.2057621926069259,-12.616200937569596,-0.7773884534835815,-13.650145635008812,-0.5643443465232849,-0.8641064685719614,-0.3525483906269073,-0.7045383507738242,-0.1827143132686615
写真家，映像撮影者,69170,46470,22690,-24.59994200008516,-0.211047425866127,-22.8342981396394,-0.0540522262454032,-27.901604150087778,-25.484331130981445,-28.1228727649998,-25.12518119812012,-27.080463644657428,-0.5839912295341492,-27.988612112966745,-0.5961661338806152
音楽家，舞台芸術家,88250,54660,33580,-9.00266793485418,-0.0102563239634037,-4.285958778531593,-0.0050536040216684,-7.6961939851078025,-0.0152176320552825,-8.798701127210784,-0.0099627142772078,-0.7143726660692282,-0.0126150492578744,-0.6195173939576725,-0.0155536001548171
音楽家,26080,16100,9980,-11.107128141504777,-0.0102563239634037,-5.646587297235414,-0.0050536040216684,-18.912772475059306,-0.0152176320552825,-20.497466245389266,-0.0099627142772078,-6.626607617135835,-0.0126150492578744,-5.918031190597528,-0.0188057795166969
舞踊家，俳優，演出家，演芸家,62160,38560,23600,-15.383476580031045,-0.2331919223070144,-15.358205260683757,-0.0515455044806003,-23.238442427809314,-0.0049145850352942,-24.76763060044598,-0.5018378496170044,-2.425632406737058,-0.6590694189071655,-1.451709016698186,-0.0155536001548171
図書館司書，学芸員,31080,6220,24850,-14.384021135686918,-0.9992445707321168,-13.993340686769098,-0.7677286267280579,-17.75659950543906,-0.8626031875610352,-20.547799780562116,-0.938617706298828,-1.3592495231228021,-0.5293002724647522,-0.9409544769473173,-0.0925033316016197
個人教師（音楽）,70110,8860,61250,-7.425813293809654,-0.0817960053682327,-8.752517835715333,-0.1666154712438583,-8.816261931002595,-0.2370904088020324,-9.400872914774999,-0.6287991404533386,-0.39245463196785396,-0.0612253695726394,-0.4106666883202018,-0.0821362510323524
個人教師（舞踊，俳優，演出，演芸）,19810,4570,15240,-6.734032839764166,-0.1031372249126434,-7.391667297688892,-0.0515455044806003,-9.198169332879191,-0.5552314519882202,-9.93310287755889,-0.5018378496170044,-0.32160408482069275,-0.0612253695726394,-0.3539349468978676,-0.0821362510323524
個人教師（スポーツ）,120470,55720,64740,-8.924448918579644,-0.0960883349180221,-10.134483806486871,-0.1903866827487945,-9.31180718427396,-0.2370904088020324,-10.573905330654737,-0.6287991404533386,-0.5784892137837774,-0.0612253695726394,-0.7879852481891174,-0.0821362510323524
個人教師（学習指導）,226070,118210,107860,-6.8612249901959,-0.0817960053682327,-8.563939374695355,-0.1159232333302497,-8.740313357751788,-0.2370904088020324,-9.32886346046989,-0.6287991404533386,-0.44335614969484677,-0.0612253695726394,-0.4374593041736532,-0.0821362510323524
個人教師（他に分類されないもの）,102960,24210,78740,-10.994203734943884,-6.937268257141113,-11.153701891770234,-9.484139442443848,-12.44395280794333,-8.82822036743164,-11.339911660632572,-7.4215497970581055,-10.332373760015,-0.114203006029129,-11.073077429438362,-0.0951741859316825
職業スポーツ従事者,11980,10940,1040,-4.471364233699691,-0.0361529849469661,-4.721243727574679,-0.0479808710515499,-15.369209331069284,-0.0296139791607856,-20.204125401689797,-0.097756527364254,-3.7494788153082816,-0.0335548222064971,-6.78802709953507,-0.0314505584537982
通信機器操作従事者,17770,14340,3430,-3.7715462195964258,-0.6420595645904541,-2.9334891535140373,-0.7456496357917786,-6.925420593669396,-1.0575655698776243,-8.31149572536752,-1.3396694660186768,-1.6705733146376283,-0.6712732911109924,-1.8629517160557412,-0.8982070684432983
他に分類されない専門的職業従事者,309100,182330,126770,-18.747022487280024,-0.7428429126739502,-28.39462653164928,-0.4277575612068176,-10.061559930671262,-0.1699173599481582,-13.569997237340823,-0.2022344172000885,-0.8814443586436846,-0.402319073677063,-0.8472697535479391,-0.4534563422203064
事務従事者,11756080,4600740,7155340,-5.925085612210154,-0.0937402844429016,-3.1250113433579334,-0.058727815747261,-11.96225966979529,-0.1313542425632476,-11.610307553027933,-0.0985772609710693,-20.56640601340141,-7.636592388153076,-20.298702742602373,-6.800614356994629
一般事務従事者,8096860,3101820,4995050,-22.458897562427374,-1.2891294956207275,-28.037807833504033,-0.9302533864974976,-23.639314181022062,-1.4036061763763428,-27.842312310998505,-1.1030709743499756,-3.0671902722074784,-1.6761740446090698,-2.915053306399165,-1.4208743572235107
庶務・人事事務員,1057330,421240,636090,-10.09953180706228,-3.894641399383545,-8.456458410701236,-3.798850059509277,-16.078855276107788,-2.833897113800049,-19.418041085874712,-2.964804172515869,-4.093012440295619,-2.70546293258667,-4.082047244986972,-2.669827699661255
受付・案内事務員,369800,47960,321840,-4.601361043580615,-0.3592811226844787,-4.9528337605297565,-0.24955715239048,-3.3882593851508074,-0.2625158727169037,-3.222318182321819,-0.2689813375473022,-7.939403888833432,-1.2139300107955933,-6.344812919159193,-0.9087070226669312
電話応接事務員,292540,64130,228410,-23.505283747920554,-0.5083784461021423,-24.71016923318038,-0.6713597178459167,-22.164151659903634,-0.8013415932655334,-23.704263586450267,-1.0684891939163208,-1.101282946253551,-0.1552793979644775,-0.8937490227053294,-0.1283887773752212
総合事務員,2639330,604330,2035000,-23.480344994150045,-0.3903869390487671,-23.715125372280944,-0.5303292274475098,-24.338359590932612,-0.3557858765125274,-23.61346106331896,-0.430643767118454,-1.2089013530097845,-0.3334722518920898,-1.7385325639231786,-0.4533986747264862
会計事務従事者,1523600,375940,1147660,-14.530598901610338,-1.2255367040634155,-14.832321067919603,-1.0840612649917605,-17.466516436511323,-1.4686832427978516,-18.150781438157367,-1.4708256721496582,-3.549500190574704,-1.8917083740234373,-4.068459493082923,-2.357414484024048
会計事務従事者,1523600,375940,1147660,-14.530598901610338,-1.2255367040634155,-14.832321067919603,-1.0840612649917605,-17.466516436511323,-1.4686832427978516,-18.150781438157367,-1.4708256721496582,-3.549500190574704,-1.8917083740234373,-4.068459493082923,-2.357414484024048
生産関連事務従事者,584650,396420,188230,-23.049857365266057,-20.546875,-23.123944630493988,-20.45312118530273,-21.803554607711675,-19.578128814697266,-21.771009548290355,-19.859384536743164,-8.600146311840028,-2.9085497856140137,-7.505494402872549,-3.206918239593506
生産関連事務従事者,584650,396420,188230,-23.049857365266057,-20.546875,-23.123944630493988,-20.45312118530273,-21.803554607711675,-19.578128814697266,-21.771009548290355,-19.859384536743164,-8.600146311840028,-2.9085497856140137,-7.505494402872549,-3.206918239593506
営業・販売事務従事者,872440,417090,455350,-11.863573091744467,-0.2354852557182312,-18.181863165888434,-0.2320464104413986,-24.03137366450925,-0.2016254812479019,-23.631163774309933,-0.2854052782058716,-3.183928493780034,-0.2985493540763855,-3.3873172591666916,-0.3153907060623169
営業・販売事務従事者,872440,417090,455350,-11.863573091744467,-0.2354852557182312,-18.181863165888434,-0.2320464104413986,-24.03137366450925,-0.2016254812479019,-23.631163774309933,-0.2854052782058716,-3.183928493780034,-0.2985493540763855,-3.3873172591666916,-0.3153907060623169
外勤事務従事者,77390,27130,50260,-24.23321424458773,-0.2541967630386352,-23.626585796374727,-0.1113975495100021,-21.830021832621735,-0.2164971977472305,-22.29769519484929,-0.2044244855642318,-4.36806142603168,-2.097331523895264,-5.390606185874423,-2.5395166873931885
集金人,18690,7060,11630,-9.647456176408374,-7.925933837890625,-9.857406371348613,-8.09418773651123,-9.518309283802527,-7.949218273162842,-9.687030018986883,-7.953396797180176,-10.348705961504056,-9.171853065490724,-10.221770041697734,-8.875078201293945
調査員,24460,10360,14090,-6.022878447106776,-0.6544149518013,-3.4162733413883157,-0.5780813097953796,-14.775239012623562,-1.2792940139770508,-12.911115559371742,-1.2907756567001345,-3.299855720905857,-1.294201374053955,-3.120096480524218,-1.7059112787246704
運輸・郵便事務従事者,364410,221720,142700,-17.282006254547653,-0.0372552312910556,-13.836657280404422,-0.0757345706224441,-25.6559295882933,-0.0825914144515991,-26.756809183975328,-0.2324122339487075,-0.4460122653261851,-0.0410160310566425,-0.19922287811248288,-0.0251325778663158
運輸事務員,217830,155350,62480,-23.58694915871584,-0.5924652814865112,-20.75204729872781,-0.6961151361465454,-25.792600355075518,-24.5466423034668,-25.364203232365686,-1.5676665306091309,-1.7311762812483402,-0.6885768175125122,-1.8294022103419174,-0.6334220767021179
郵便事務員,146590,66370,80220,-28.31667213281261,-0.0372552312910556,-29.745780236767352,-0.1086939200758934,-30.036053208904413,-0.0825914144515991,-30.846910115834827,-28.9686222076416,-0.2265385594361156,-0.0410160310566425,-0.19922287811248288,-0.0251325778663158
事務用機器操作員,236720,60630,176100,-20.06823678644559,-0.2594583630561828,-19.323399173246848,-7.714848041534424,-18.009300082694484,-6.57029914855957,-15.32831138533515,-4.984342098236084,-10.280532756834539,-8.125100135803223,-10.772664643622733,-0.0849475860595703
パーソナルコンピュータ操作員,58290,20620,37670,-2.541937454056194,-1.303930401802063,-2.512670309156985,-1.0990766286849976,-2.786362226682765,-1.2214210033416748,-3.360095724866197,-1.5578221082687378,-2.448417523435054,-1.7909748554229736,-2.4867436918052466,-1.4629461765289309
データ・エントリー装置操作員,155710,26050,129660,-6.964613922818329,-0.0016077938489615,-6.651570666480708,-2.3886027336120605,-7.974566643180518,-0.0011962646385654,-7.540557712451807,-0.005159159656614,-5.815384289690557,-4.953056335449219,-5.8232989214562085,-5.117066860198975
販売従事者,6797870,3677260,3120600,-18.600983109182984,-1.4228771924972534,-10.608320759760367,-1.2756164073944092,-27.13684643679903,-2.0172839164733887,-23.194435465174752,-1.3579140901565552,-26.80260838807084,-20.953125,-26.739226495897448,-20.6875
商品販売従事者,3704260,1304570,2399690,-25.036523769204397,-0.0051644966006278,-25.128344867170814,-0.0057743643410503,-20.214286944850254,-0.0108095575124025,-16.150280077828448,-0.0099467802792787,-7.724176356402752,-0.0013953244779258,-5.746756226567683,-0.0007147617870941
小売店主・店長,303970,214400,89570,-13.571723113533194,-2.2892274856567383,-15.038580083363765,-1.4845186471939087,-8.062725636795276,-3.2478132247924805,-5.701999980050164,-4.238371849060059,-7.03081946518585,-2.8747382164001465,-7.501926480112849,-3.718558788299561
卸売店主・店長,42430,36810,5620,-22.08546906573172,-3.0939364433288574,-22.42521894944681,-3.3928890228271484,-24.603119537120556,-16.984375,-24.584891415931082,-15.953125953674316,-18.81239669741565,-3.5917649269104004,-20.430612206459045,-4.210823059082031
販売店員,3291060,1006170,2284900,-15.785629828467624,-1.3250998258590698,-21.060414845073545,-1.3159387111663818,-25.059223293348122,-2.371227741241455,-26.77114428056253,-1.8553179502487185,-3.1109026879754684,-1.8220069408416748,-2.6657810968321725,-1.4237970113754272
商品訪問・移動販売従事者,23200,10540,12670,-23.37675570968169,-0.0076672788709402,-24.871501699868727,-0.0037670617457479,-24.91437197641562,-2.609139919281006,-24.75927725192663,-1.7468364238739014,-0.7954415907072017,-0.0013953244779258,-0.33058962053886765,-0.0007147617870941
再生資源回収・卸売従事者,14090,12840,1250,-6.447552966707535,-2.890201568603516,-6.293343410298631,-3.2461037635803223,-7.295333654825924,-4.343397617340088,-7.113917838882756,-2.662073850631714,-6.274682804828382,-0.5926012992858887,-6.5046459963998275,-0.4755550622940063
商品仕入外交員,29500,23830,5680,-0.012306319455481067,-0.0022490939591079,-0.021717439811500528,-0.0026901506353169,-0.02303291150574919,-0.0045689712278544,-0.028991925341354016,-0.0076463399454951,-0.005329847882345333,-0.0013953244779258,-0.013954772175811968,-0.0007147617870941
販売類似職業従事者,416210,229920,186290,-21.631667051606506,-2.959221124649048,-23.704626730970435,-2.7695021629333496,-21.038720398458814,-1.964452028274536,-22.403176928694183,-1.60349702835083,-20.78554344905242,-13.718688011169434,-21.198166009542103,-17.171937942504883
不動産仲介・売買人,99270,72480,26790,-12.74633438032092,-0.2922540009021759,-12.359564741821709,-0.2313386648893356,-14.90975029868934,-1.08271062374115,-14.979341103418454,-0.4905402064323425,-1.3858189296176415,-0.1894166469573974,-1.0762475728988647,-0.2448746562004089
保険代理・仲立人（ブローカー）,25610,18090,7520,-5.4951855499325815,-1.25035297870636,-4.727717941677248,-1.6316473484039309,-12.40608532010144,-1.65917706489563,-9.341445015088931,-1.6792781352996826,-1.7410714230464615,-0.7548126578330994,-1.7397038807740082,-1.081058382987976
営業職業従事者,2677390,2142770,534630,-27.893712396612603,-0.2329611480236053,-28.39453208970057,-0.209399402141571,-28.037192246841112,-0.2230437994003296,-28.08162441003967,-0.2203700542449951,-10.964102403808186,-0.2920094132423401,-10.231892114555514,-0.3153907060623169
医薬品営業職業従事者,83260,72070,11180,-24.857749814352463,-0.034358661621809,-28.233651225631302,-0.0380835309624671,-28.078400968822812,-0.1930526494979858,-29.707580742401046,-0.537092924118042,-24.738888631340203,-23.2032527923584,-23.300392434554727,-0.1173055544495582
機械器具・通信・システム営業職業従事者,581280,527630,53640,-2.1434671999388977,-0.0215258002281188,-2.322608493041952,-0.0342809110879898,-1.6576665810785676,-0.0280444808304309,-2.007654702165038,-0.0360911265015602,-0.35774523382366613,-0.0222661513835191,-0.2464050511653359,-0.0427053682506084
金融・保険営業職業従事者,467050,224690,242360,-10.993318460824835,-0.519111692905426,-10.351577679853182,-0.3888928592205047,-16.403220682426262,-0.4343904554843902,-16.648359932609505,-1.0505346059799194,-6.791374976398381,-0.5216198563575745,-6.178412257819562,-1.081058382987976
不動産営業職業従事者,138640,109080,29560,-2.6322639056744466,-0.9855685830116272,-2.542564739246626,-0.9977623224258424,-3.372123846570954,-1.7763758897781372,-3.068929877635595,-1.5334312915802002,-1.1330979989685175,-0.1894166469573974,-1.130745913128595,-0.2448746562004089
サービス職業従事者,6846830,2128320,4718510,-10.801210805659986,-0.9812289476394652,-10.329826497548336,-0.6849729418754578,-10.05012067947679,-1.4716253280639648,-9.833667974214297,-8.601561546325684,-2.351843193287158,-1.46402907371521,-2.203781862516661,-1.411298751831055
家庭生活支援サービス職業従事者,20820,1160,19660,-3.1717033004032746,-0.6717930436134338,-2.346128260968505,-0.4088180065155029,-6.182997967905671,-0.9420792460441588,-3.5884736848844065,-0.7559497356414795,-2.6236932295879334,-1.22265362739563,-2.3805366351797774,-1.0488886833190918
家政婦（夫），家事手伝い,7250,140,7120,-7.115816018053594,-5.789965629577637,-7.701851587037782,-6.175353050231934,-8.16217571087466,-1.183581829071045,-10.177032848467698,-1.8772746324539185,-1.4462301194212819,-0.6843070983886719,-1.024329787371932,-0.3403752446174621
介護サービス職業従事者,1634740,389720,1245020,-7.6991520674174065,-1.2177374362945557,-6.329413135309477,-0.5673708915710449,-13.604629096184068,-1.96207594871521,-9.348797174724373,-1.244157314300537,-20.326378516568482,-2.560533046722412,-19.41827407237646,-2.0701904296875
介護職員（医療・福祉施設等）,1358960,357800,1001160,-0.7577723160044838,-0.2655275166034698,-0.7241642650317501,-0.2261287719011306,-0.6682839495990113,-0.2524781823158264,-0.6702605484909302,-0.1924550235271453,-0.25111477020132633,-0.0536068156361579,-0.22351887162674117,-0.0587737932801246
訪問介護従事者,275770,31920,243860,-12.566961832628905,-2.322612762451172,-7.181807643658406,-2.277569532394409,-12.36250383071317,-2.2033042907714844,-12.982443790178042,-2.4978928565979004,-3.462506195971074,-2.53928279876709,-3.28309056243381,-2.3065731525421143
保健医療サービス職業従事者,305500,18150,287350,-24.303386924831013,-1.9706878662109373,-27.949628009989453,-2.228689193725586,-29.33534280216421,-2.383227825164795,-29.933913172902287,-11.031545639038086,-6.043311987214416,-0.9380766153335572,-4.767980889694111,-1.0489182472229004
看護助手,138040,10400,127640,-12.953353665825976,-0.0520628988742828,-12.886347718889246,-0.036823071539402,-13.287317926590225,-0.0237724520266056,-12.14449787356362,-0.0723106116056442,-0.6521078264411851,-0.0257233064621686,-0.82565920467715,-0.0175460744649171
生活衛生サービス職業従事者,750420,227520,522900,-8.643909316026528,-7.659626960754394,-8.517232540491465,-6.741584300994873,-8.75249358533903,-7.237907409667969,-8.558262618812355,-6.804237365722656,-9.815898735104627,-3.63333797454834,-10.456249259613656,-5.945455551147461
理容師,140770,82700,58080,-11.478567574770397,-8.039237976074219,-11.920556339057716,-7.960783004760742,-11.930603023590022,-0.108124241232872,-12.082773176399437,-9.843731880187988,-12.176341216982776,-10.695446014404297,-12.330212419097489,-10.788716316223145
美容師,351060,88440,262630,-13.466155689067513,-0.0760217532515525,-13.296323862939921,-0.0143504263833165,-19.03135669345164,-0.1392126828432083,-21.81833886307337,-0.0556525029242038,-1.2903375737084688,-0.0455567091703414,-0.8334020996384474,-0.0053300415165722
美容サービス従事者（美容師を除く）,119220,5310,113910,-22.541992321382953,-0.1207446753978729,-22.10273270784701,-0.0221900194883346,-22.8625135239754,-0.2151005268096923,-23.401136486237316,-0.0450651086866855,-3.993488225204344,-0.0455567091703414,-3.2788061849439414,-0.0053300415165722
浴場従事者,34540,12610,21930,-29.299520856551542,-25.6884708404541,-28.8764242481541,-24.65700912475586,-29.18776091364504,-24.172473907470703,-28.877358681446797,-23.93728446960449,-31.20218389088871,-30.14084815979004,-31.237244915317845,-29.07790946960449
クリーニング職，洗張職,104820,38460,66360,-4.18158610358493,-0.9313634634017944,-3.9148321232280217,-0.811542809009552,-8.526094343826061,-0.7889901399612427,-9.370043257603774,-1.2255918979644775,-1.9937519558513437,-0.7225413918495178,-1.7784474890779804,-0.5644309520721436
飲食物調理従事者,1829800,708530,1121260,-28.20198350098297,-1.757859468460083,-27.426926564525914,-2.687645435333252,-24.61139537541921,-3.0292346477508545,-23.802151634886457,-14.390625,-2.6452139142815394,-0.7936135530471802,-1.9989681441236187,-0.89659184217453
調理人,1822470,702590,1119870,-27.18260902120867,-1.519365310668945,-27.00018482151869,-0.5780813097953796,-30.230793217666278,-22.71876335144043,-30.690677748338597,-0.8514388799667358,-29.702510921099712,-27.82822036743164,-29.219712785772376,-27.57825088500977
バーテンダー,7330,5940,1390,-4.342750734045305,-1.837085723876953,-3.8794836329447255,-1.424150824546814,-11.99196046090308,-1.9582229852676392,-11.95201836647214,-1.584153175354004,-2.671089752939821,-1.5779855251312256,-2.5822901548566044,-1.957225561141968
接客・給仕職業従事者,1452570,453280,999290,-11.119899160079374,-5.828417778015137,-9.525548256128221,-0.3870650827884674,-8.471892944729055,-3.854275941848755,-8.611446702802503,-4.051019668579102,-7.90140324148513,-2.3673815727233887,-7.739026925048313,-2.129215240478516
飲食店主・店長,114270,54020,60250,-28.51883198104742,-16.125,-28.60960157497509,-17.625,-27.848526918251096,-17.578125,-28.042380023647,-16.500001907348633,-15.770639789923457,-0.7936135530471802,-10.84243620609915,-0.89659184217453
旅館主・支配人,24510,17060,7450,-11.954498001637349,-0.6522808074951172,-12.108898660218394,-0.5936551690101624,-12.002893171237625,-8.53984260559082,-12.086304058899751,-8.474902153015137,-12.721597087747268,-0.5063765048980713,-11.37536238697735,-0.3177430629730224
飲食物給仕・身の回り世話従事者,887020,199290,687730,-2.041228133531017,-0.3965322375297546,-1.3006059664326746,-0.3623749613761902,-2.2608550109026084,-0.4446785449981689,-1.420857678796794,-0.4918227791786194,-2.267467431439698,-0.7936135530471802,-2.052517933619989,-0.5961905717849731
接客社交従事者,18460,2370,16090,-11.771006642407134,-5.758236408233643,-7.83609908658105,-5.929984092712402,-8.447835907681299,-5.250325202941895,-8.205359069076744,-5.9573588371276855,-8.485008596463969,-6.128770351409912,-7.981112447944847,-6.538715362548828
娯楽場等接客員,408310,180540,227770,-30.376071150976284,-13.351696968078612,-30.375340983674334,-3.446967124938965,-28.685256848808464,-11.984214782714844,-29.665459813298405,-17.796875,-2.6463809559363445,-1.1992086172103882,-2.2395998996657296,-1.0888780355453491
居住施設・ビル等管理人,239760,179250,60510,-12.543608530787111,-2.779244899749756,-12.513402745530412,-8.74261474609375,-12.376200399326004,-8.828319549560547,-12.26623678851772,-11.375201225280762,-8.795191967760333,-1.114121675491333,-9.070321861151102,-1.338820457458496
マンション・アパート・下宿・寄宿舎・寮管理人,146920,101240,45680,-3.621675303874125,-0.7915903925895691,-2.387843514664407,-0.0014596056425943,-4.118161086480041,-0.0050552641041576,-3.213366828191824,-0.0022546842228621,-2.0302893005254616,-1.282410979270935,-1.8076991208363324,-0.0021622627973556
ビル管理人,42610,34440,8170,-61.91337035539496,-1.8739221096038816,-70.29615794162493,-2.0309739112854004,-57.52376159820848,-2.2090978622436523,-72.72526700110049,-2.019279956817627,-25.37689768904038,-1.99983012676239,-24.332509828580392,-2.2829504013061523
駐車場管理人,50230,43560,6670,-13.057205811711668,-10.828009605407717,-12.924394562437728,-11.29677963256836,-12.569790650870054,-3.181515693664551,-12.718881413743302,-10.78880786895752,-3.2390729152519286,-0.8803011178970337,-3.0405009308376827,-2.3999648094177246
旅行・観光案内人,15860,7390,8470,-14.217763767897628,-0.2792403399944305,-12.70744529044306,-0.3798922002315521,-24.026544490843328,-13.820355415344238,-23.171344215805465,-17.718748092651367,-2.916732318528736,-1.002110719680786,-2.138023391567372,-0.4712989032268524
物品一時預り人,910,360,550,-4.367370803847567,-2.655515670776367,-4.033398494527146,-2.714954376220703,-5.0301471175128265,-3.2174160480499268,-4.83089211341497,-3.758162498474121,-4.336270346896339,-2.7270278930664062,-4.434728327635172,-3.5876684188842773
物品賃貸人,63760,36140,27630,-9.911447466784761,-4.093572616577148,-11.029151378451166,-6.831780910491943,-10.374942324543728,-3.9743380546569824,-10.762088864236265,-3.550698518753052,-10.253424666310085,-3.1247212886810303,-10.586203077354947,-3.248530149459839
広告宣伝員,26890,9360,17530,-0.9812908923352948,-0.2121533155441284,-0.9510728849752529,-0.2590770125389099,-0.5107041763440343,-0.0799875035881996,-0.5575211085379124,-0.0754089429974556,-1.1171485911343844,-0.2700076997280121,-1.2549779662812077,-0.315367043018341
葬儀師，火葬作業員,49200,26300,22900,-7.10120668307743,-0.0407513454556465,-6.410483326460864,-0.0930727422237396,-13.438697455777922,-0.0854451432824134,-15.321516880362823,-0.122161291539669,-0.24960866138225293,-0.0581553727388381,-0.79637810587883,-0.0743734315037727
他に分類されないサービス職業従事者,456590,71160,385430,-22.28139919224586,-0.7428429126739502,-29.73528368086428,-0.4277575612068176,-20.965819111762155,-0.1734163761138916,-22.56972051351457,-0.2022344172000885,-0.8814443586436846,-0.402319073677063,-0.8472697535479391,-0.4534563422203064
保安職業従事者,1104210,1019900,84310,-66.83716569784033,-2.0629186630249023,-86.30379935857412,-6.655948162078857,-50.99611712776068,-3.289924383163452,-76.4134591431231,-7.445322036743164,-10.914151422850049,-3.597766399383545,-11.490883063625645,-4.035160064697266
保安職業従事者,1104210,1019900,84310,-66.83716569784033,-2.0629186630249023,-86.30379935857412,-6.655948162078857,-50.99611712776068,-3.289924383163452,-76.4134591431231,-7.445322036743164,-10.914151422850049,-3.597766399383545,-11.490883063625645,-4.035160064697266
自衛官,230380,210390,19990,-11.223536876321749,-0.6361147165298462,-9.505242127019006,-2.3947479724884038,-18.807110550749393,-1.1104110479354858,-21.58353271838781,-3.3417413234710693,-6.085713251856447,-4.062246322631836,-5.73914964456816,-4.500406265258789
警察官，海上保安官,251160,220960,30200,-7.300335791274791,-0.0249458625912666,-1.8679474502852238,-0.0495733022689819,-11.596084682057604,-0.0200949795544147,-3.7315410082102627,-0.0503297969698905,-0.16534043885483088,-0.0422953255474567,-0.19112879078130462,-0.0455404222011566
消防員,148580,144230,4350,-16.406693901951986,-0.0163586661219596,-20.076966776864957,-0.035380620509386,-22.64330562488496,-0.0689505562186241,-19.66448839290722,-15.921873092651367,-0.7737007371455659,-0.0670372769236564,-1.5509005491495937,-0.0658729746937751
警備員,374690,357250,17440,-29.418219241704648,-0.169386550784111,-27.882656455191004,-0.0716026425361633,-28.28977778775774,-0.0675147473812103,-27.514027747149402,-0.127670019865036,-1.162855020916189,-0.1019925847649574,-0.4913175009895821,-0.1204446926712989
他に分類されない保安職業従事者,84720,73910,10810,-23.958291457809565,-7.277255535125732,-31.712121973166596,-7.14451789855957,-27.270155260808597,-0.1734163761138916,-31.806434392324977,-0.2022344172000885,-8.615182465269365,-5.93348503112793,-7.953390082797489,-5.663516998291016
農林漁業従事者,1898800,1205200,693600,-22.56006226752341,-0.0016240990953519,-23.822663358583373,-0.0013334201648831,-22.497067671155428,-0.011636359617114,-24.038998446414702,-0.0128157334402203,-0.6391930460489093,-0.0016367146745324,-0.2049286957520274,-0.0012552009429782
農業従事者,1735160,1067910,667250,-17.90018061732159,-0.0014899593079462,-17.175946195065546,-0.0010118131758645,-26.153553136425334,-0.0143883815035223,-27.387251470665877,-0.0353772826492786,-31.82966332763206,-29.124805450439453,-31.6669233747006,-0.0039052900392562
農耕従事者,1452780,850400,602380,-27.39094317126717,-0.0014899593079462,-27.69552782277193,-0.0029490573797374,-27.95772983463666,-23.93750762939453,-28.417773001902813,-24.98453140258789,-29.185852356539428,-27.85955619812012,-29.212796185467695,-24.672224044799805
養畜従事者,154470,99790,54670,-64.43483664425275,-2.4317004680633545,-59.523957769613006,-2.214795589447021,-53.65108529302,-2.4490537643432617,-62.08091591499947,-10.305005073547363,-25.017427881255404,-22.672075271606445,-24.659761707524996,-2.771646499633789
植木職，造園師,122810,113350,9460,-1.4306378803635371,-0.3916411399841308,-2.0958836296120205,-0.5557453036308289,-10.709953229390939,-0.7436006665229797,-11.144585154346517,-0.8695994019508362,-2.065412269293807,-1.123948335647583,-1.8779932498126417,-0.6372472643852234
林業従事者,43710,40980,2730,-30.078044585371746,-0.4003148972988128,-30.39125617855304,-1.088783860206604,-29.958212000723105,-27.702438354492188,-30.07584645297076,-24.515796661376957,-27.604718623270514,-26.39054298400879,-27.74539413967648,-26.40639877319336
育林従事者,17480,16160,1320,-26.65458848094212,-24.67226219177246,-26.374054406140303,-24.702369689941406,-26.124811900481014,-23.406021118164062,-25.994746427278262,-24.531206130981445,-25.877739578712987,-24.515825271606445,-26.218410943005537,-23.062652587890625
伐木・造材・集材従事者,20480,19990,490,-9.60341903089567,-6.886829376220703,-9.65077631860166,-7.359582901000977,-9.22185101035897,-6.31295108795166,-9.398866376361331,-6.984594345092773,-10.96306682906988,-8.62442398071289,-11.177996184374836,-8.421918869018555
漁業従事者,119930,96310,23620,-29.28544672186138,-0.2471705079078674,-30.50514318391278,-0.2606410086154938,-29.455995253934205,-22.59375,-29.579308728914004,-22.734375,-31.48389385310748,-29.093536376953125,-31.450890798826475,-28.89055633544922
漁労従事者,66470,57690,8780,-29.955541276408514,-0.1809169203042984,-29.93430911427414,-0.2606410086154938,-29.86268614266665,-26.10932159423828,-29.97275730081507,-26.499731063842773,-30.365326728529602,-28.82767105102539,-30.27568756567465,-27.859619140625
船長・航海士・機関長・機関士（漁労船）,6510,6490,10,-5.186163102397482,-0.3324207067489624,-5.743433110617302,-0.923802137374878,-5.563693574366678,-0.7398515939712524,-6.628061415476574,-0.1439375430345535,-1.587188447704752,-0.7229762673377991,-1.9088007735239494,-1.0801901817321775
海藻・貝採取従事者,10280,7380,2900,-16.3058973049162,-0.1409888118505478,-15.307871995040694,-0.0652946680784225,-12.882757581827295,-3.608994245529175,-13.340278963784915,-3.7245726585388175,-0.7854341261430096,-0.0422953255474567,-0.37692337150912025,-0.0455404222011566
水産養殖従事者,33980,23960,10020,-21.423833617727265,-2.577518939971924,-22.924651495508247,-2.183562755584717,-22.1246445779582,-20.40625,-21.9607730169554,-5.350927352905273,-5.141271702205862,-2.1303365230560303,-4.5635992030839665,-1.923055410385132
生産工程従事者,7534000,5263320,2270670,-26.502271000665562,-2.467005968093872,-24.277048771445816,-2.152669906616211,-24.133358960843267,-2.132124900817871,-29.94042125908104,-7.726144790649414,-8.384753580311783,-2.9920496940612797,-10.155300370744756,-3.669954299926758
製品製造・加工処理従事者（金属製品）,1073520,970440,103080,-6.059363588122011,-0.185632511973381,-8.462853514463514,-0.0739812701940536,-9.081764491801044,-0.1812924891710281,-8.229873911653822,-0.1891705989837646,-1.573988979781857,-0.193184345960617,-1.5358030880625184,-0.0862289071083068
製銑・製鋼・非鉄金属製錬従事者,39090,37830,1250,-11.044635384137393,-0.7524721622467041,-12.229645969899925,-0.9661954641342164,-12.662840486482809,-1.5066068172454834,-12.065305102515865,-3.5855493545532227,-3.6127652858049815,-0.6680022478103638,-4.297673359110549,-0.6147031784057617
鋳物製造・鍛造従事者,36120,34420,1700,-9.651173324075364,-1.838026523590088,-9.577661556166571,-2.3899590969085693,-9.511393374159136,-2.143989324569702,-9.641855882631766,-2.6424150466918945,-5.443586693465255,-1.668172836303711,-5.401225727957648,-1.885180711746216
金属工作機械作業従事者,152140,139960,12180,-20.329911515912936,-18.07811546325684,-20.15846691904841,-18.07815361022949,-19.597924137843474,-17.24998664855957,-19.516679776681435,-17.46873664855957,-20.4274831364173,-3.701003074645996,-20.610946188907366,-1.7462049722671509
金属プレス従事者,61420,52140,9280,-12.841832031730478,-1.4727846384048462,-13.19692795018892,-1.1369495391845703,-13.529134484647795,-1.984785079956055,-13.376334575382439,-1.8344905376434328,-3.560886238367503,-1.642313838005066,-4.327333219148017,-1.7462049722671509
鉄工，製缶従事者,53660,51960,1700,-17.3187933914534,-2.6190786361694336,-16.3048559588355,-0.5707781314849854,-21.50122476534079,-8.796839714050293,-23.86148076444059,-9.117189407348633,-27.001171652597325,-2.373056650161743,-26.465698693249678,-20.468700408935547
板金従事者,73170,69470,3710,-25.69680623061784,-23.14064598083496,-24.70191746789056,-19.20291328430176,-25.390081172681036,-22.812318801879883,-25.189962322647506,-20.60980987548828,-28.940480836475167,-26.796724319458008,-28.856001931267816,-23.719074249267575
金属彫刻・表面処理従事者,37220,32700,4510,-2.539469233905996,-1.0016685724258425,-2.5122029644411965,-0.8650263547897339,-10.084828469589466,-1.5327863693237305,-10.607422547565925,-1.322700023651123,-3.170252085187053,-0.8185665011405945,-3.5761633297881565,-1.0884251594543457
金属溶接・溶断従事者,163710,157300,6410,-13.947904015315398,-1.30731201171875,-14.207209871427432,-1.1369495391845703,-13.663552233281026,-1.984785079956055,-13.83499602852641,-1.8344905376434328,-3.461314282344498,-1.642313838005066,-4.233794677096444,-1.7462049722671509
製品製造・加工処理従事者（金属製品を除く）,3018290,1635240,1383050,-6.059363588122011,-0.185632511973381,-8.462853514463514,-0.0739812701940536,-9.081764491801044,-0.1812924891710281,-8.229873911653822,-0.1891705989837646,-1.573988979781857,-0.193184345960617,-1.5358030880625184,-0.0862289071083068
化学製品製造従事者,219640,168950,50690,-7.3060410495932775,-0.2656199336051941,-7.30740512736343,-0.1672901511192321,-7.0607599556901075,-6.230788707733154,-7.120449278805707,-6.445955753326416,-1.9951219864701497,-0.1589342653751373,-2.5587057453152298,-0.3796638250350952
窯業・土石製品製造従事者,139770,117400,22370,-23.01060221054172,-0.2669508755207062,-22.40290639619972,-0.2169218212366104,-16.930421776557697,-0.1575293242931366,-16.94813084169417,-0.2060782015323639,-1.2656387644642182,-0.0359821133315563,-0.4959339380163599,-0.1092410460114479
食料品製造従事者,1227480,476590,750890,-5.624156258260931,-0.2716372311115265,-3.0884426316699467,-0.228223443031311,-15.212998582889105,-0.3105326890945434,-15.109874618013162,-0.3317103385925293,-0.7192016353133981,-0.2566548883914947,-0.47121151355472773,-0.1745048761367797
飲料・たばこ製造従事者,45150,34290,10850,-10.033396344148477,-3.0602450370788574,-9.540393995272147,-3.2090351581573486,-14.869748457697511,-8.609350204467773,-18.440094844715016,-7.351693153381348,-9.558994602611047,-2.8848986625671387,-9.43150552060153,-2.9138588905334477
紡織・衣服・繊維製品製造従事者,274370,88650,185720,-9.661030316170846,-2.1385464668273926,-8.674483033853608,-0.8685944676399231,-14.517902225028468,-2.289267063140869,-17.36064188867002,-1.3234241008758545,-3.394543564046612,-2.4291954040527344,-3.087017684369474,-1.2898716926574707
木・紙製品製造従事者,273160,214470,58690,-21.844199590669334,-0.0940525084733963,-19.634963880116874,-0.5800867080688477,-24.166604298671693,-2.4412760734558105,-23.84016483861047,-1.9370644092559812,-2.5741945823640315,-1.0003082752227783,-2.1762896594969003,-0.6496290564537048
印刷・製本従事者,180700,126450,54250,-15.981240370801387,-2.251738786697388,-10.8082786524618,-0.5707781314849854,-25.31804070217919,-2.52762222290039,-25.634170459734428,-3.9081218242645264,-28.082180780308846,-26.95269203186035,-27.945417958336908,-26.35909080505371
ゴム・プラスチック製品製造従事者,298880,219140,79740,-2.4500214161763663,-1.7949143648147583,-2.8259057209298417,-1.762620210647583,-10.239531026541732,-1.9980112314224243,-13.06449267187634,-2.027409553527832,-3.424425853117732,-1.8876073360443115,-3.72506796508222,-1.7800462245941162
機械組立従事者,1261100,969420,291680,-19.096297372516442,-0.029257234185934,-16.65059419779258,-0.0342809110879898,-16.22023416498235,-0.0488859340548515,-10.464670331167007,-0.0560974515974521,-0.6273700254080632,-0.0222661513835191,-0.4448373195639736,-0.0427053682506084
はん用・生産用・業務用機械器具組立従事者,334370,280020,54350,-2.0188516192991317,-0.164643183350563,-3.4023108224611023,-0.4565065503120422,-1.0531368845405469,-0.0442574024200439,-2.008606895401671,-0.2945799529552459,-1.0318155608331885,-0.2298182100057602,-1.0979308931005967,-0.2969555258750915
電気機械器具組立従事者,485760,321610,164150,-26.305334107111427,-0.7599312663078308,-29.733303130881207,-0.9825236201286316,-26.083004837727728,-0.8791184425354004,-29.18077715989706,-1.0684891939163208,-0.9339984959090939,-0.1013562828302383,-1.0980761557616092,-0.1283887773752212
自動車組立従事者,344560,291780,52790,-2.0696506884716848,-0.2660450339317322,-1.4376906909652658,-0.490359902381897,-5.3328748445474465,-0.7687629461288452,-6.027676654023093,-1.104304552078247,-2.9344675941321685,-1.0248185396194458,-3.1042305609664402,-1.2129303216934204
輸送機械組立従事者（自動車を除く）,52740,48120,4630,-6.854789715061206,-0.0923917144536972,-8.388138500721874,-0.1139154136180877,-13.666355023516044,-0.2391699701547622,-18.075037706945395,-0.4893507957458496,-1.1236003288103424,-0.0584122315049171,-1.6880933060436636,-0.1905739903450012
計量計測機器・光学機械器具組立従事者,43660,27900,15760,-20.30269146329574,-1.1268824338912964,-20.659861579940127,-1.5406097173690796,-21.33362661245215,-0.911274790763855,-20.11461817815497,-1.278290867805481,-3.7784230178150966,-0.0209107585251331,-2.4627704324351773,-0.3498633801937103
機械整備・修理従事者,942120,912580,29530,-0.8800302753793715,-0.0113020194694399,-0.40585091190311956,-0.018520638346672,-3.257822599645903,-0.0266079884022474,-1.41597142003829,-0.0288255419582128,-0.3251386247148723,-0.0222661513835191,-0.11943881039985933,-0.0427053682506084
はん用・生産用・業務用機械器具整備・修理従事者,401150,388710,12440,-1.335715920301794,-0.164643183350563,-3.0249941355070553,-0.2341871261596679,-1.0531368845405469,-0.0442574024200439,-2.008606895401671,-0.2945799529552459,-1.0318155608331885,-0.2298182100057602,-1.0979308931005967,-0.2969555258750915
電気機械器具整備・修理従事者,93070,86700,6370,-14.771158662688642,-0.2875796258449554,-20.310608882557702,-0.2341871261596679,-24.480624987651375,-0.4029044806957245,-27.012160645948875,-1.0684891939163208,-0.9172984210361961,-0.1013562828302383,-1.0891024541814585,-0.1283887773752212
自動車整備・修理従事者,376070,368820,7250,-1.7488263467795977,-0.2660450339317322,-1.278503903061957,-0.2341871261596679,-2.661924659068348,-0.4029044806957245,-2.175964253174292,-0.6700098514556885,-2.9344675941321685,-1.0248185396194458,-3.071954230198989,-1.2129303216934204
輸送機械整備・修理従事者（自動車を除く）,58640,56790,1850,-3.898890124022506,-0.0923917144536972,-5.926603961735964,-0.1139154136180877,-7.748680841718011,-0.2391699701547622,-11.95403367079593,-0.2547318339347839,-1.0063466922244952,-0.0584122315049171,-1.4774529988298546,-0.1905739903450012
計量計測機器・光学機械器具整備・修理従事者,13190,11570,1620,-13.39278315929056,-0.2875796258449554,-15.71572483129598,-0.2341871261596679,-21.169361248953653,-0.4029044806957245,-20.11461817815497,-1.278290867805481,-3.7784230178150966,-0.0209107585251331,-2.4627704324351773,-0.3498633801937103
製品検査従事者,369160,156130,213030,-22.206797758131536,-1.1271555423736572,-20.976222580349123,-0.8223868608474731,-23.478326318828206,-1.1173264980316162,-23.634612368570792,-2.009868860244751,-16.943017501412456,-0.5579425096511841,-17.97657333999067,-0.9186159372329712
金属製品検査従事者,85860,48910,36950,-2.173665848852114,-0.8922554850578308,-2.062896298395621,-0.8650263547897339,-5.474764675584458,-1.5327863693237305,-3.879828864658201,-1.0203542709350586,-3.5289442202517094,-1.642313838005066,-3.8474224169512055,-1.7462049722671509
化学製品検査従事者,42810,18760,24050,-0.43396487979943515,-0.0740230083465576,-0.5819646590766875,-0.1050988510251045,-0.8540499193295268,-0.1629826426506042,-1.063678441418184,-0.2157381922006607,-1.2522958627411427,-0.1589342653751373,-2.046286809887435,-0.3796638250350952
窯業・土石製品検査従事者,22560,15110,7460,-21.447842682363422,-0.3592999875545501,-19.89797984909367,-3.78705358505249,-18.166503494932453,-0.1575293242931366,-18.55365502683295,-0.2212679237127304,-2.0776312703565334,-0.0359821133315563,-0.6800439607956119,-0.1092410460114479
食料品検査従事者,48280,16080,32200,-0.5296621411356307,-0.2716372311115265,-0.4413422831409686,-0.228223443031311,-0.7123918662999422,-0.3105326890945434,-0.6437558616335327,-0.2227446436882019,-0.7192016353133981,-0.2566548883914947,-0.47121151355472773,-0.1745048761367797
飲料・たばこ検査従事者,5510,2390,3130,-7.998914409229774,-2.758696794509888,-7.342821664101368,-2.907778263092041,-10.015424065917502,-4.996386528015137,-9.948193147375777,-5.292900085449219,-8.084703465454451,-2.8848986625671387,-8.26185292005539,-2.9138588905334477
紡織・衣服・繊維製品検査従事者,24020,4470,19550,-17.155428309477013,-2.7600107192993164,-16.850439872290636,-3.7965164184570312,-20.28874837715207,-2.478344440460205,-19.76405764753754,-1.3234241008758545,-3.881280547789945,-2.527757167816162,-3.7623001256504573,-2.5250415802001958
木・紙製品検査従事者,13570,5340,8230,-2.2804082037155866,-0.0940525084733963,-2.061454822485511,-0.5800867080688477,-3.3617266534848977,-2.019336700439453,-3.2758552585099197,-1.9370644092559812,-1.8175804178223356,-1.0003082752227783,-1.8426202064430393,-0.6496290564537048
印刷・製本検査従事者,13380,4500,8880,-6.116607360257447,-0.4306949973106384,-2.9367016002133086,-0.5575667023658752,-16.296797685950768,-0.4652596712112427,-17.25565404183156,-0.8619509935379028,-3.716432690165425,-0.6680022478103638,-2.218087528605719,-0.6147031784057617
ゴム・プラスチック製品検査従事者,77620,23950,53670,-9.759295226963422,-2.031025648117065,-12.35251438295519,-2.416046619415283,-12.062076521283798,-2.2462100982666016,-14.021348585953584,-4.90225076675415,-6.772768657626086,-4.86309814453125,-7.1648795024768726,-4.071153163909912
機械検査従事者,285770,168760,117010,-20.888658467338967,-0.0380948893725872,-19.629708842928142,-0.0261328797787427,-24.127245607494398,-0.037408772855997,-24.75971848118698,-0.0288255419582128,-0.3591319307656461,-0.0222661513835191,-0.5130717537642734,-0.0427053682506084
はん用・生産用・業務用機械器具検査従事者,58480,38250,20230,-2.0188516192991317,-0.164643183350563,-3.4023108224611023,-0.4565065503120422,-1.0531368845405469,-0.0442574024200439,-2.008606895401671,-0.2945799529552459,-1.0318155608331885,-0.2298182100057602,-1.0979308931005967,-0.2969555258750915
電気機械器具検査従事者,118190,59250,58940,-26.305334107111427,-0.7599312663078308,-29.733303130881207,-0.9825236201286316,-26.083004837727728,-0.8791184425354004,-29.18077715989706,-1.0684891939163208,-0.9339984959090939,-0.1013562828302383,-1.0980761557616092,-0.1283887773752212
自動車検査従事者,87440,56650,30790,-4.225853798953631,-0.2660450339317322,-2.1793692619413942,-0.490359902381897,-5.00486634842312,-0.7687629461288452,-4.147933226179433,-1.1620885133743286,-3.078150574487584,-1.0248185396194458,-3.136460210020478,-1.2129303216934204
輸送機械検査従事者（自動車を除く）,10500,9130,1370,-4.775518568531248,-0.0923917144536972,-7.630371009276526,-0.1139154136180877,-6.994235350430467,-0.2391699701547622,-13.561485351138824,-0.2547318339347839,-1.0063466922244952,-0.0584122315049171,-1.5806853285915143,-0.1905739903450012
計量計測機器・光学機械器具検査従事者,11160,5480,5680,-20.30269146329574,-1.1268824338912964,-20.659861579940127,-1.5406097173690796,-21.33362661245215,-0.911274790763855,-20.11461817815497,-1.278290867805481,-3.7784230178150966,-0.0209107585251331,-2.4627704324351773,-0.3498633801937103
生産関連・生産類似作業従事者,584040,450740,133290,-10.948276308656649,-1.5299851894378662,-10.752724841639802,-1.935483455657959,-18.134046760224205,-2.0645012855529785,-20.167251087523795,-2.7517571449279785,-4.10735520697732,-2.9085497856140137,-4.285931263421033,-3.206918239593506
画工，塗装・看板制作従事者,232980,207990,24990,-7.6809253255829555,-5.660033226013184,-7.970706965472247,-6.633063793182373,-7.745301836319552,-4.824118614196777,-8.209120901855263,-6.019720077514648,-7.319426016953155,-1.5019031763076782,-7.199482686616279,-1.4874908924102783
生産関連作業従事者（画工，塗装・看板制作を除く）,289300,201080,88220,-12.93988002893579,-1.5299851894378662,-9.56503688000344,-2.4919028282165527,-12.474659588500744,-2.224519729614258,-9.991741683032062,-6.614041328430176,-4.098885447014379,-2.9085497856140137,-5.657463579564481,-3.206918239593506
生産類似作業従事者,61760,41670,20080,-23.049857365266057,-20.546875,-23.123944630493988,-20.45312118530273,-21.803554607711675,-19.578128814697266,-21.771009548290355,-19.859384536743164,-8.429441581245596,-2.9085497856140137,-15.17897922444988,-3.206918239593506
輸送・機械運転従事者,1983330,1907110,76220,-1.4543277867465416,-0.0113020194694399,-0.4102203802683869,-0.018520638346672,-2.9310084374777916,-0.0266079884022474,-2.443464074648816,-0.0288255419582128,-0.5481127336592847,-0.0222661513835191,-0.6573011088562576,-0.0427053682506084
鉄道運転従事者,37130,35570,1560,-8.028743948645264,-1.8463736772537231,-4.570736479114842,-2.097373008728028,-6.560037766704123,-1.878775715827942,-4.443552703470798,-2.291328430175781,-2.999269409944083,-1.6503783464431765,-2.5869618436774693,-1.8553524017333984
鉄道運転従事者,37130,35570,1560,-8.028743948645264,-1.8463736772537231,-4.570736479114842,-2.097373008728028,-6.560037766704123,-1.878775715827942,-4.443552703470798,-2.291328430175781,-2.999269409944083,-1.6503783464431765,-2.5869618436774693,-1.8553524017333984
自動車運転従事者,1445820,1387800,58020,-2.8286812016527163,-0.2660450339317322,-1.4839496828011565,-0.4156347811222076,-2.8283369482018563,-0.7687629461288452,-2.4915841527887292,-1.0743958950042725,-3.094116711434517,-1.0248185396194458,-3.096842226949898,-1.2129303216934204
自動車運転従事者,1445820,1387800,58020,-2.8286812016527163,-0.2660450339317322,-1.4839496828011565,-0.4156347811222076,-2.8283369482018563,-0.7687629461288452,-2.4915841527887292,-1.0743958950042725,-3.094116711434517,-1.0248185396194458,-3.096842226949898,-1.2129303216934204
船舶・航空機運転従事者,27900,27440,470,-15.430476273630411,-0.1439324766397476,-10.185669571966738,-0.3945022821426391,-12.635655408597174,-0.7080878019332886,-6.548638731241226,-0.9701658487319946,-2.0001521874930113,-0.7229762673377991,-2.0817866268995644,-1.0801901817321775
船長・航海士・運航士（漁労船を除く），水先人,14390,14140,250,-4.543270508979113,-0.1368656158447265,-2.4133600119400667,-0.17082579433918,-2.985020326976558,-0.2753000557422638,-1.9322803117133476,-0.4484246969223022,-0.7893969108926431,-0.0917535051703453,-1.214518731510317,-0.2051319181919098
船舶機関長・機関士（漁労船を除く）,6470,6430,30,-5.924681943791513,-0.2562225461006164,-7.799946250746379,-0.3642013967037201,-6.520080500886641,-2.8257782459259038,-7.741900195946565,-3.37711238861084,-1.3306018588993385,-0.0917535051703453,-1.631275320778022,-0.2051319181919098
航空機操縦士,7040,6860,180,-4.450092476060372,-0.336295336484909,-1.586844345202317,-0.8877930641174316,-2.658541979566785,-0.1376683861017227,-1.991710738153071,-0.7706077098846436,-1.5456262235423082,-0.7229762673377991,-1.9077345914131887,-1.0801901817321775
車掌,23060,17360,5710,-29.598084922965246,-12.671869277954102,-30.88835357330941,-12.875056266784668,-30.41031097819787,-27.93769645690918,-30.690670361389984,-26.49953842163086,-31.333864051877086,-29.968698501586918,-30.927682580174626,-29.76595497131348
甲板員，船舶技士・機関員,14360,14100,260,-8.340122709974988,-0.4068905413150787,-5.366374783419274,-1.8837627172470093,-10.493529918312117,-0.3098854720592499,-6.933701608632062,-2.001926898956299,-3.7766518520034906,-1.025637149810791,-4.192877901969729,-0.6664326786994934
他に分類されない輸送従事者,100700,95620,5090,-23.557870439900697,-1.0578196048736572,-31.219935412342483,-1.0692662000656128,-26.241911518209765,-0.1734163761138916,-31.698640991908473,-0.2022344172000885,-2.4895318901265853,-0.4936455488204956,-4.265624899719213,-0.5586884021759033
定置・建設機械運転従事者,334350,329240,5120,-3.816198485270711,-0.1571397185325622,-5.087331664119218,-0.2851510941982269,-7.6046045506728515,-0.2605084478855133,-8.796950009424943,-0.3577873706817627,-0.7280458000325064,-0.336254209280014,-0.7743131677443916,-0.3545331954956054
発電員，変電員,34390,34010,380,-47.157195608124475,-1.948380470275879,-33.11750403771529,-2.2247419357299805,-25.180340006151273,-4.371212005615234,-23.226448468259864,-4.707452297210693,-5.2171800400464585,-1.2364650964736938,-6.413404434113889,-2.359189748764038
ボイラー・オペレーター,7550,7540,10,-7.283436749727671,-1.5253137350082395,-7.673302092262216,-1.430119872093201,-14.114408529441775,-2.159745216369629,-14.055630788609788,-2.2478277683258057,-2.5221127462751083,-1.9707481861114504,-2.490809272269945,-1.93012809753418
クレーン・ウインチ運転従事者,48070,47590,480,-4.762031156598157,-2.120946884155273,-5.066214023409663,-2.314394474029541,-5.3411529191577705,-2.40618896484375,-5.443288063680804,-2.408146381378174,-3.079300006837335,-2.416060209274292,-3.2753610143790373,-2.467028856277466
建設・さく井機械運転従事者,86830,86150,690,-8.20230578807474,-0.4134829938411712,-7.504468298240288,-0.2851510941982269,-7.459263532216312,-2.867172718048096,-7.330998456155932,-3.7912497520446777,-5.732413646829038,-2.0316972732543945,-5.604031239812438,-1.2564537525177002
建設・採掘従事者,2447480,2384560,62920,-13.540175235680952,-0.4134829938411712,-15.373021566787282,-0.2851510941982269,-12.031620087514398,-4.370960712432861,-9.671357287345705,-0.4963523745536804,-6.6353600443774505,-3.7506637573242183,-6.64282221729691,-4.761610984802246
建設・土木作業従事者,1940120,1888080,52030,-8.987015406707771,-0.1201483160257339,-7.44503661396133,-0.1414469480514526,-7.919641585864183,-0.1575293242931366,-6.749385263770819,-0.2212679237127304,-0.30563680520494474,-0.0359821133315563,-0.3117272433497616,-0.1092410460114479
型枠大工,40840,40240,600,-64.27483072353684,-6.038614749908447,-75.85228959289756,-6.89823055267334,-60.43177951201228,-5.976356506347656,-74.49351516607645,-6.988451480865479,-14.839150665370562,-6.859626293182373,-10.414464422174403,-6.453909873962402
とび職,111940,110310,1630,-8.572561464236893,-6.641138553619385,-8.74570548212206,-6.664201736450195,-8.845184708369597,-6.725810050964356,-9.065932428514635,-6.569422245025635,-8.795525317883673,-7.753716945648193,-8.960013905087033,-7.867273330688477
鉄筋作業従事者,28990,28540,450,-9.300645675367981,-1.473899483680725,-7.591344232494767,-2.097373008728028,-15.603078090507566,-1.9060142040252688,-18.405614530718005,-2.296508312225342,-4.929686965833183,-1.6503783464431765,-5.356307508977684,-1.8553524017333984
大工,297900,293360,4540,-6.4522210004675475,-4.433296203613281,-6.913335812252921,-1.200472712516785,-6.921327612782252,-4.78878116607666,-7.020839008125099,-5.871189594268799,-9.61017370223999,-5.882436275482178,-9.660300254821777,-8.710800170898438
ブロック積・タイル張従事者,24510,23950,560,-15.180001924056134,-1.27151620388031,-16.220004751875592,-1.5107641220092771,-13.0456137911964,-1.3980553150177002,-13.713517124588424,-2.3380823135375977,-3.6033513596039692,-0.8208836317062378,-4.478303437700143,-0.6772199273109436
屋根ふき従事者,17010,16540,480,-25.211173701832312,-0.888156533241272,-26.390813569764834,-13.203126907348633,-25.852355971591162,-23.969057083129883,-26.074516148180575,-14.390625953674316,-15.319231977899566,-1.5205693244934082,-16.262444146581597,-1.5479559898376465
左官,59890,58610,1280,-29.673636465582227,-0.7786697149276733,-29.496081349817484,-1.0113978385925293,-29.972436089552087,-26.360015869140625,-29.852102241000615,-26.95341682434082,-28.951920254539896,-27.70300674438477,-28.548716003830368,-26.32735824584961
畳職,9130,8440,690,-33.69372094132518,-30.578304290771484,-33.68866732958201,-3.763491630554199,-33.77566895230126,-31.31203269958496,-33.94631103567175,-31.077852249145508,-32.350916898887576,-30.734487533569336,-32.8275804906278,-31.312719345092773
配管従事者,220720,217240,3480,-6.569427854232206,-4.796597957611084,-6.579719044066764,-4.9805588722229,-5.975828301815587,-3.925872325897217,-6.068998230470194,-4.405991077423096,-7.201995813209592,-4.300741195678711,-7.2394187321534025,-4.827901840209961
土木従事者,456900,447610,9290,-25.274164477604945,-0.1201483160257339,-26.090139324902683,-0.18158520758152,-26.912063295945867,-0.1824879795312881,-28.677583861995387,-20.546875,-29.013712395238514,-27.71923065185547,-28.965681217812204,-27.56241607666016
鉄道線路工事従事者,24750,24750,-,-10.198566012710105,-2.603207588195801,-10.179203104328465,-2.558706283569336,-9.834170552610441,-3.370450973510742,-9.991677224636078,-2.784456729888916,-2.6545042664040137,-1.6503783464431765,-2.7681946553088523,-1.8553524017333984
電気工事従事者,505940,495130,10810,-14.306682908808002,-0.5889582633972168,-9.538862467617601,-0.2284189760684967,-24.19058650459042,-0.6674737930297852,-26.22543883766677,-0.9056918621063232,-1.3603682329181497,-0.1552793979644775,-0.8420410678797478,-0.1283887773752212
電線架線・敷設従事者,47430,46890,540,-18.562909349685405,-0.7599312663078308,-18.040386779888255,-1.137132167816162,-15.043133262459559,-1.2343122959136963,-13.523304728237358,-1.1981642246246338,-1.018643771646587,-0.1552793979644775,-1.0369753905043408,-0.1283887773752212
電気通信設備工事従事者,79000,76370,2630,-24.471576355795825,-23.31273460388184,-24.530845951389622,-22.687936782836918,-24.356751245396737,-23.140697479248047,-24.5629937197711,-23.12528419494629,-17.215835441273587,-0.2451470047235489,-14.99891079458836,-0.1283887773752212
採掘従事者,1420,1350,70,-27.77412378150998,-5.910162925720215,-27.418543013970595,-0.3879912793636322,-27.758117191664134,-6.238280773162842,-27.87401090481797,-0.4963523745536804,-25.543541304027762,-22.38997459411621,-25.042375049075567,-22.57859992980957
砂利・砂・粘土採取従事者,200,200,-,-19.474867039964398,-3.1462554931640625,-20.30938593761341,-11.08594036102295,-19.683103546841455,-8.124999046325684,-20.50422207084862,-16.50022315979004,-4.06554743533826,-2.4375157356262207,-4.205135678922808,-2.6483495235443115
運搬・清掃・包装等従事者,4198670,2225500,1973170,-12.537431444830567,-0.5924652814865112,-9.36457893171826,-0.5695687532424927,-21.114963844532276,-1.415644645690918,-21.514200383746946,-1.40048086643219,-0.721240812976123,-0.0006646093097515,-1.0104059856951337,-0.000593366974499
運搬従事者,1624920,1123160,501750,-17.42248396245578,-0.5924652814865112,-13.021362243471918,-0.6961151361465454,-26.034431377440008,-1.415644645690918,-24.586212176728893,-1.40048086643219,-1.7142768811633569,-0.6885768175125122,-1.9468009540358104,-0.6334220767021179
郵便・電報外務員,110450,99510,10940,-10.115533502800888,-0.0262420400977134,-7.388876450902505,-0.0400437973439693,-21.088077789158312,-0.0577621981501579,-26.21136106993701,-0.1647802740335464,-1.3178541023312633,-0.1552793979644775,-0.8382176582676333,-0.1283887773752212
船内・沿岸荷役従事者,14220,13970,250,-4.44630017717376,-2.2033019065856934,-4.624207685122618,-2.064577579498291,-4.159728188551109,-2.070594310760498,-4.298578474972699,-2.1989245414733887,-4.741024293972336,-2.5661566257476807,-4.824294813581415,-2.915640592575073
陸上荷役・運搬従事者,245100,181770,63330,-11.082112745580954,-0.0061453906819224,-6.238379638541389,-0.1351272314786911,-20.476537763276173,-0.1782115697860717,-20.867684801083964,-0.3145007491111755,-0.7475485721823425,-0.0060504847206175,-0.7793223814082306,-0.068282850086689
倉庫作業従事者,273930,186320,87600,-9.369715970549874,-0.2028205841779709,-6.250888026445298,-0.2666432857513428,-23.62727471116845,-0.8060989379882812,-20.77421569260391,-0.8122873306274414,-1.073756183717997,-0.175096109509468,-0.8369164375235906,-0.1780654191970825
配達員,696180,518540,177630,-8.433826302071564,-0.3562811911106109,-7.736867324726002,-0.319094568490982,-27.051270743817774,-0.6752136945724487,-22.927065062361795,-0.4712669849395752,-1.051389196901831,-0.2590360641479492,-1.5583990822369989,-0.2332133650779724
荷造従事者,285050,123040,162010,-11.02042704138137,-1.4333131313323977,-14.006751304542696,-1.4669427871704102,-17.97028608085545,-1.850775122642517,-19.91316465268264,-2.2420222759246826,-5.483906425592553,-1.37480890750885,-4.667953702243599,-1.513180136680603
清掃従事者,1149320,495250,654060,-21.02477838929373,-0.7812869548797607,-20.12519828330826,-0.5695687532424927,-26.168667087118134,-20.35967254638672,-26.36821480055113,-12.577999114990234,-28.61522544977319,-27.51552391052246,-28.365837213155384,-27.39062118530273
ビル・建物清掃員,910680,294910,615770,-6.229845931511799,-4.531263828277588,-6.006163178263484,-4.257943153381348,-6.044654918990973,-4.191469192504883,-5.986685814084233,-4.79308032989502,-4.724084648467202,-1.9541246891021729,-4.901555091948123,-2.8693184852600098
廃棄物処理従事者,119970,113400,6570,-20.101452186021184,-0.1190976053476333,-19.4604240637776,-0.1337896734476089,-20.16364337833783,-18.15654754638672,-20.11118627238918,-18.218812942504883,-0.5671894356380892,-0.0759949088096618,-0.38756062432720856,-0.112218365073204
ハウスクリーニング職,27760,17110,10650,-2.8915002810136055,-1.3418548107147217,-2.6359209281367226,-1.4436702728271484,-3.9891860275778153,-1.3581151962280271,-4.216362829546671,-0.9804025292396544,-12.492617150299422,-1.611588478088379,-14.024654974003095,-1.3810055255889893
包装従事者,274230,85740,188490,-27.604218479331212,-3.5916905403137207,-28.728764066825043,-3.0662741661071777,-27.955739501323855,-0.0005978942499496,-28.422691035915065,-26.640457153320312,-26.108817675641475,-24.937742233276367,-25.98038418228562,-24.281265258789062
包装従事者,274230,85740,188490,-27.604218479331212,-3.5916905403137207,-28.728764066825043,-3.0662741661071777,-27.955739501323855,-0.0005978942499496,-28.422691035915065,-26.640457153320312,-26.108817675641475,-24.937742233276367,-25.98038418228562,-24.281265258789062
