職業,総数,男,女,mean-men-gpt2_job_is,max-men-gpt2_job_is,mean-wom-gpt2_job_is,max-wom-gpt2_job_is,mean-men-gpt2_job_type,max-men-gpt2_job_type,mean-wom-gpt2_job_type,max-wom-gpt2_job_type,mean-men-gpt2_job?,max-men-gpt2_job?,mean-wom-gpt2_job?,max-wom-gpt2_job?
総数,57673630,31525680,26147950,-13.769977795258733,-12.864917755126951,-13.794143303020581,-13.090170860290527,-13.998947915230088,-12.928057670593262,-14.040220080195246,-13.158263206481934,-14.376311120186143,-14.020505905151367,-14.440019691312635,-13.87489891052246
管理的職業従事者,1196900,1010680,186220,-14.88976777782877,-14.152864456176758,-14.926077746056222,-14.30226707458496,-7.808940366934274,-5.424685001373291,-8.083426278990668,-5.623077392578125,-13.643330544915818,-11.554099082946776,-13.929782371263247,-9.853469848632812
管理的公務員,51870,44650,7220,-14.81214292540805,-11.92457103729248,-14.785213444684002,-12.166985511779783,-14.916741247395523,-12.879084587097168,-14.848964085450044,-12.273323059082031,-13.643330544915818,-11.554099082946776,-13.929782371263247,-9.853469848632812
管理的公務員,51870,44650,7220,-14.81214292540805,-11.92457103729248,-14.785213444684002,-12.166985511779783,-14.916741247395523,-12.879084587097168,-14.848964085450044,-12.273323059082031,-13.643330544915818,-11.554099082946776,-13.929782371263247,-9.853469848632812
法人・団体役員,968990,811530,157460,-12.57649599322836,-11.56411361694336,-12.59411298906481,-11.779568672180176,-13.163171506110038,-11.768877029418944,-13.144901462503382,-12.00280475616455,-2.248624630556762,-1.2632653713226318,-2.2881551030519844,-1.8890681266784668
会社役員,913490,767880,145620,-1.2311977430154348,-0.8948379755020142,-1.2509046068062653,-0.7999014258384705,-1.1335653043885268,-0.852975606918335,-1.1653714115555223,-0.7526607513427734,-0.8992720128015708,-0.6315829753875732,-0.9152038927013809,-0.5304874777793884
法人・団体管理的職業従事者,120420,112010,8400,-12.57649599322836,-11.56411361694336,-12.59411298906481,-11.779568672180176,-13.163171506110038,-11.768877029418944,-13.144901462503382,-12.00280475616455,-2.248624630556762,-1.2632653713226318,-2.2881551030519844,-1.8890681266784668
他に分類されない管理的職業従事者,55620,42480,13140,-15.503595006374912,-3.468129873275757,-15.261474425728256,-3.3395533561706543,-14.624915079306101,-2.9381778240203857,-15.062230235821492,-3.0517194271087646,-6.684632021052237,-6.431620597839356,-6.657533681070483,-6.41351318359375
専門的・技術的職業従事者,10270980,5231410,5039570,-13.600674907669767,-2.7893621921539307,-13.617240229168454,-3.2730627059936523,-4.614874239186294,-3.6346731185913086,-4.798916984248805,-3.9387998580932617,-14.499477765032353,-12.362793922424316,-14.562943851625597,-12.151552200317385
研究者,103910,79640,24280,-6.180003501076735,-4.645257472991943,-6.22575454131977,-5.475086688995361,-6.772872407927768,-5.033524990081787,-6.6139446400307325,-5.700542449951172,-6.788606880275347,-5.856288433074951,-6.8751169636442855,-5.578291893005371
自然科学系研究者,98020,75420,22590,-14.674130068480514,-14.05472183227539,-14.722628954294565,-14.215543746948242,-14.800176140006261,-14.164183616638184,-14.811597431028211,-14.287205696105955,-11.560945472644486,-2.271090030670166,-11.475344682061994,-2.199507236480713
人文・社会科学系等研究者,5900,4220,1680,-5.97408663043539,-5.065028190612793,-5.987952370901366,-4.862743854522705,-6.1688586591764265,-5.302010536193848,-6.182935318431339,-5.037763595581055,-4.214952306893036,-3.152578115463257,-4.1920006983989,-3.552825927734375
技術者,2693290,2356170,337120,-15.432948796803714,-14.941397666931152,-15.45087336849522,-15.004980087280272,-15.741810653045887,-15.198467254638672,-15.773841806360194,-15.312581062316896,-15.299709036150052,-14.724611282348633,-15.38118281235566,-14.686203002929688
農林水産・食品技術者,51140,39410,11720,-7.73785788503312,-0.6664795279502869,-7.907803779921016,-0.5077515244483948,-1.936017971457416,-0.6223242282867432,-2.6672107867292456,-0.5330773591995239,-0.6126696567499,-0.4149880707263946,-0.6018738498961603,-0.3862088322639465
電気・電子・電気通信技術者（通信ネットワーク技術者を除く）,305190,288400,16800,-13.420596326580485,-12.88712215423584,-13.471143348796948,-12.817562103271484,-13.597138397566235,-12.954739570617676,-13.645905855539683,-12.909658432006836,-13.04236099738201,-12.338726997375488,-12.962355600821006,-12.16359043121338
機械技術者,242820,228640,14180,-2.8055263548406937,-2.326216697692871,-2.8015071153640747,-2.380836009979248,-2.916325092315674,-2.422178268432617,-2.894345330225455,-2.459840774536133,-2.9636790934409802,-2.141185760498047,-2.909496714939942,-2.3535635471343994
輸送用機器技術者,137470,130040,7430,-13.516084692860378,-5.30196475982666,-13.274937281737456,-4.997711181640625,-13.331176331935039,-5.107485771179199,-13.06222465231612,-4.871356964111328,-5.26557284275084,-4.433218955993652,-5.285531901024483,-4.634761810302734
金属技術者,25660,24240,1430,-1.8004918726345964,-0.8781729936599731,-3.081540555970089,-0.914055109024048,-1.4105765610250809,-1.0606708526611328,-1.7372722037740655,-1.050590753555298,-1.071424686726723,-0.8436688184738159,-1.2092149648311976,-0.6813704371452332
化学技術者,91350,73630,17730,-1.7227439470873533,-1.4276418685913086,-1.7866847249301705,-1.4500632286071775,-1.717351493034654,-1.438581943511963,-1.7878342383616679,-1.472826600074768,-1.638236925802158,-1.1529152393341064,-1.7195533650952417,-1.4050230979919434
建築技術者,242580,211400,31180,-5.151473789724685,-3.069669246673584,-5.353219193381232,-3.094257354736328,-4.304462159862955,-3.060321569442749,-4.474205898272024,-3.0834851264953613,-8.34570922924362,-3.8061156272888175,-6.238508044062434,-3.4268457889556885
土木・測量技術者,263870,249320,14550,-12.615649483586086,-2.834315299987793,-12.840807808412087,-2.5730319023132324,-13.037881041301116,-2.310237407684326,-12.271295365449545,-2.7063241004943848,-6.187569098618194,-1.6436456441879272,-5.720246604970984,-1.5660929679870603
システムコンサルタント・設計者,656770,555360,101410,-0.2807207548891315,-0.0583415031433105,-0.3037023406375099,-0.0637725070118904,-0.5883666426512121,-0.0470931828022003,-0.26365054731030724,-0.0495217964053154,-0.03398632809150081,-0.0085285957902669,-0.029501926135020062,-0.0079933758825063
ソフトウェア作成者,389760,317450,72310,-2.6094065203921484,-2.229325294494629,-2.556468287029782,-2.034840583801269,-2.4895885900686716,-2.0732741355896,-2.453152274763262,-1.9171552658081052,-1.9911768454631775,-1.6334726810455322,-1.8710449660146558,-1.1849675178527832
保健医療従事者,3073950,897180,2176770,-18.26637736895612,-16.964862823486328,-18.463973096899085,-17.351537704467773,-19.095128212266296,-17.64736557006836,-19.22856604086386,-17.862316131591797,-17.738245177814978,-15.420063972473145,-17.84625755774008,-16.103090286254883
医師,303660,229560,74100,-15.882451508791393,-15.33506965637207,-15.9187378625612,-15.390088081359863,-15.743619023388579,-15.306615829467772,-15.78397350697904,-14.805974006652832,-16.251326211536202,-15.825260162353516,-16.20870614051819,-14.756439208984377
歯科医師,98340,72050,26300,-13.740389729274138,-13.174495697021484,-13.825666550043467,-13.166194915771484,-13.674116884479085,-13.057470321655272,-13.784228666408643,-13.012578010559082,-13.282734543312596,-12.44947338104248,-13.382698168625703,-11.760488510131836
獣医師,24680,16690,8000,-6.7249665442313855,-6.006683349609375,-6.672105599094081,-6.358930587768555,-6.927465551682101,-6.170190811157227,-6.88098597204363,-6.564028739929199,-7.416029445997632,-6.429795265197754,-7.305927141292675,-6.960901260375977
薬剤師,243650,86110,157540,-8.276135532000593,-6.56421422958374,-8.346795488048244,-7.838525772094727,-8.191779504295523,-6.605712890625,-8.274400540300318,-7.760490417480469,-7.716744342833075,-6.093207359313965,-7.7246292893951,-7.27739667892456
保健師,49110,1570,47550,-13.136266409895802,-8.60191822052002,-12.911102320696857,-8.614435195922852,-16.62528054040807,-8.383092880249023,-17.050388329737896,-8.601273536682129,-9.92029178415546,-9.01588535308838,-9.896372833767453,-9.090539932250977
助産師,27550,-,27550,-5.893555646634284,-1.979168176651001,-5.78152735813244,-5.405338287353516,-5.95396511882316,-1.904020428657532,-5.852725840903617,-5.472799301147461,-6.256886948155993,-5.681692123413086,-6.180646674053089,-5.591974258422852
看護師（准看護師を含む）,1385950,106810,1279140,-8.445470846336306,-4.057945251464844,-8.404308760488355,-6.191573619842529,-8.544187847894566,-3.8362956047058105,-8.540155607300836,-7.925655364990234,-5.3926096308322355,-3.405569076538086,-5.132349338080432,-3.434959650039673
診療放射線技師,57490,42130,15360,-12.356331894415936,-5.325943946838379,-12.285628882614342,-5.158437252044678,-12.44618575991565,-5.369673728942871,-12.056796541085115,-4.920402526855469,-7.356323780904289,-5.443658828735352,-7.42702921983358,-6.170629978179932
臨床検査技師,82720,22180,60530,-13.914651972646931,-9.604835510253906,-13.705531841999775,-9.735718727111816,-14.090313933277859,-9.942039489746094,-14.008447769525889,-10.140169143676758,-8.226139734719546,-6.2128777503967285,-8.380778383564305,-6.9536213874816895
理学療法士，作業療法士,202540,107160,95390,-15.958542583552935,-14.488075256347656,-15.849280280035895,-12.61586570739746,-16.181040370737325,-14.454386711120604,-16.044925773465955,-12.809255599975586,-15.084880928956826,-3.6498382091522217,-15.130774955491763,-12.681941032409668
視能訓練士，言語聴覚士,26930,5570,21360,-5.154690680613045,-4.582840442657471,-5.136775181100175,-4.608728885650635,-5.519986891564522,-4.905947208404541,-5.490525832047334,-4.93297004699707,-5.4440865917060215,-4.869296073913574,-5.50537218274297,-4.6672868728637695
歯科衛生士,128740,230,128510,-13.740389729274138,-13.174495697021484,-13.825666550043467,-13.166194915771484,-13.674116884479085,-13.057470321655272,-13.784228666408643,-13.012578010559082,-13.282734543312596,-12.44947338104248,-13.382698168625703,-11.760488510131836
歯科技工士,39320,31990,7330,-13.1853754229218,-3.550116539001465,-13.293756863555393,-3.7152833938598633,-14.18626865357843,-3.4972925186157227,-14.203762777753779,-3.572089433670044,-4.416498047704915,-3.816219568252564,-4.4008055329322815,-3.4980361461639404
栄養士,121310,5540,115770,-15.314760710446889,-14.944787979125977,-15.325927541062638,-14.95823097229004,-15.612921161506012,-15.183096885681152,-15.627138286023527,-15.22762966156006,-15.259168428319102,-14.900479316711426,-15.265146577680433,-14.680587768554688
あん摩マッサージ指圧師，はり師，きゅう師，柔道整復師,118210,85200,33010,-4.864984086451639,-4.574843406677246,-4.810563325881958,-4.3263750076293945,-4.894594152465121,-4.574971675872803,-4.835490368508004,-4.312838554382324,-5.2929184673396685,-3.34249210357666,-5.36008087364403,-4.812852382659912
社会福祉専門職業従事者,1166790,197650,969140,-12.729951399883241,-9.671947479248049,-12.761437035895682,-9.857837677001951,-11.217769499043472,-9.678829193115234,-11.25963680164234,-10.01252269744873,-10.73002512400387,-8.030474662780762,-10.697600912403416,-8.667746543884277
保育士,634080,19930,614150,-15.875938604806215,-13.515738487243652,-15.821568482630962,-13.63436794281006,-17.810767741603705,-13.677574157714844,-18.076068659086484,-13.734108924865724,-13.341867956496378,-12.720726013183594,-13.434166083464751,-12.957757949829102
法務従事者,83750,67680,16070,-12.628935195107497,-11.953960418701172,-12.682109910088617,-12.020099639892578,-12.925924614185595,-12.11167049407959,-12.982593562151935,-12.062067985534668,-2.248624630556762,-1.2632653713226318,-2.2881551030519844,-1.8890681266784668
裁判官，検察官，弁護士,33710,27510,6190,-8.280617167931476,-3.0155282020568848,-8.347586019619092,-6.885295867919922,-7.137269100160089,-3.5322744846343994,-7.349562338880591,-3.3089711666107178,-7.88405777661855,-4.839436531066895,-7.809907433148977,-4.612140655517578
弁理士，司法書士,25560,20860,4710,-8.381278270983515,-4.945628643035889,-8.461830870525256,-7.936194896697998,-8.770289661320112,-8.095019340515137,-8.792252582472724,-5.385091304779053,-9.066996239523851,-8.176956176757812,-9.161926720593426,-8.27254867553711
経営・金融・保険専門職業従事者,190400,154840,35560,-3.7508466498542377,-3.0367746353149414,-3.7770556243690283,-3.054936647415161,-3.8692082739968336,-2.888272762298584,-3.8385213436307133,-0.5880148410797119,-4.12315152983629,-3.296022415161133,-4.3346333632598055,-3.478792190551758
公認会計士,21850,17860,3990,-2.1090560660107447,-1.5930417776107788,-2.096562200301402,-1.7067880630493164,-1.9267855709745685,-1.4395959377288818,-1.9179350210202706,-1.520862698554993,-2.4812991036713576,-1.9625670909881592,-2.4453118524035893,-2.054996490478516
税理士,63850,53630,10220,-13.508965870806279,-13.1434907913208,-13.527692343737629,-13.067445755004885,-13.441247743504649,-12.95790672302246,-13.451294667011982,-12.941749572753906,-13.623421625326609,-13.103131294250488,-13.648443950189126,-13.137678146362305
社会保険労務士,21780,14570,7210,-14.43898393179624,-9.879029273986816,-14.463526706437808,-13.84581184387207,-14.37560710470185,-9.678829193115234,-14.294834298056525,-10.01252269744873,-6.383344235311028,-3.7663726806640634,-5.8239691611882805,-3.552825927734375
教員,1429280,683430,745850,-16.03994235555634,-11.934162139892578,-16.466757555265684,-11.477270126342772,-16.448246220595966,-12.137677192687988,-17.41783352155943,-11.714910507202148,-13.693401001791917,-10.879719734191896,-13.7224479623743,-11.57501983642578
幼稚園教員,143310,7680,135620,-11.983171899810092,-5.50820255279541,-11.798847449792397,-5.384513378143311,-12.218136161338283,-7.489381790161133,-12.048585894945505,-6.952112197875977,-7.509629340572212,-4.9279465675354,-7.431685908420666,-6.325471878051758
小学校教員,421160,156830,264330,-10.266674886223013,-8.511056900024414,-10.666578122087428,-6.523272037506104,-9.980118787925662,-8.277819633483887,-10.479489249152106,-6.282086372375488,-13.674904481145262,-8.992023468017578,-13.739035683709222,-9.260184288024902
中学校教員,231400,128460,102940,-6.184715675033686,-4.926055908203125,-6.17006625355901,-4.8406596183776855,-6.335070475367189,-5.079071998596191,-6.329074495547527,-5.014442443847656,-6.177937638668614,-4.391113758087158,-6.171956555263416,-4.371579170227051
高等学校教員,257460,167310,90150,-14.118551625550248,-13.307867050170898,-14.163013773995477,-13.3899564743042,-14.32153690134296,-13.522486686706545,-14.380477673298603,-13.623934745788574,-14.635793518474085,-13.645453453063965,-14.625552995784863,-13.843467712402344
特別支援学校教員,78310,29600,48710,-0.42469371093138486,-0.2856834828853607,-0.3978855591770765,-0.2915941178798675,-0.3832608859502632,-0.2492875754833221,-0.3596321702808947,-0.267331600189209,-0.5910899930327903,-0.3614935576915741,-0.650592014999003,-0.3938689231872558
大学教員,179620,124700,54920,-5.9529827969674844,-4.26024055480957,-6.520107752568013,-4.033352851867676,-6.202529688827864,-4.166290760040283,-6.362493991851807,-3.9849328994750977,-5.923985059024724,-5.192351341247559,-5.999271416986311,-3.925727605819702
宗教家,100390,86070,14330,-1.9985547648131392,-1.2659671306610107,-2.34332337975502,-0.9693504571914672,-2.821015432590747,-1.5904765129089355,-2.7568251579194456,-1.188775897026062,-2.9286952382735625,-1.7110553979873655,-2.8809192615586356,-1.7771937847137451
宗教家,100390,86070,14330,-1.9985547648131392,-1.2659671306610107,-2.34332337975502,-0.9693504571914672,-2.821015432590747,-1.5904765129089355,-2.7568251579194456,-1.188775897026062,-2.9286952382735625,-1.7110553979873655,-2.8809192615586356,-1.7771937847137451
著述家，記者，編集者,114060,63390,50670,-1.3048376054254196,-1.0533716678619385,-1.2944907159418673,-1.064056158065796,-1.3571323775153123,-1.086675047874451,-1.3560489544997345,-1.1018774509429932,-1.3677380703787767,-1.156394600868225,-1.3741794558795724,-1.0711053609848022
著述家,30130,16060,14070,-1.3048376054254196,-1.0533716678619385,-1.2944907159418673,-1.064056158065796,-1.3571323775153123,-1.086675047874451,-1.3560489544997345,-1.1018774509429932,-1.3677380703787767,-1.156394600868225,-1.3741794558795724,-1.0711053609848022
記者，編集者,83930,47330,36590,-12.72270172060901,-9.54497241973877,-13.104601537859118,-9.474531173706056,-11.036276977480822,-6.632210731506348,-11.680363796852731,-6.495082855224609,-14.178529127863527,-8.620141983032227,-13.919400234480161,-8.907090187072754
美術家，デザイナー，写真家，映像撮影者,317590,165310,152280,-5.3844296750221545,-1.4667210578918457,-5.43448380441279,-1.6574490070343018,-5.455724125600043,-1.1334556341171265,-5.143178990563831,-1.0531800985336304,-5.269850090259814,-3.662710666656494,-5.261485503332035,-1.045702576637268
彫刻家，画家，工芸美術家,47320,22120,25200,-6.212780402816889,-4.885434150695801,-6.177743289921735,-4.814014434814453,-6.242372450937752,-4.940727710723877,-6.208141368788642,-5.015887260437012,-4.87497921208389,-4.249775409698486,-4.917984303590414,-3.9908206462860103
デザイナー,201100,96720,104390,-7.608816656447549,-1.4667210578918457,-7.692786306142807,-1.6574490070343018,-7.551096711449951,-1.1334556341171265,-7.278664716997662,-1.0531800985336304,-7.679659970844065,-7.07423210144043,-7.559338431906056,-1.045702576637268
写真家，映像撮影者,69170,46470,22690,-5.798985213723801,-3.008755922317505,-6.197900520788656,-4.757328987121582,-6.649618203403386,-4.555008888244629,-6.580933625633652,-4.576226234436035,-5.269850090259814,-3.662710666656494,-5.320667601920463,-5.03897762298584
音楽家，舞台芸術家,88250,54660,33580,-6.0344332301889665,-2.6220791339874268,-6.011001549862526,-2.73288631439209,-5.855519578657077,-2.779438018798828,-6.351465226830663,-2.644895076751709,-15.109370741225382,-14.733686447143556,-15.180680796906755,-13.938376426696776
音楽家,26080,16100,9980,-8.560299957071551,-2.6220791339874268,-7.663319041600099,-2.73288631439209,-7.704745813180472,-2.779438018798828,-8.088082601895204,-2.644895076751709,-16.685960893412584,-15.429450035095217,-16.699848613223516,-13.938376426696776
舞踊家，俳優，演出家，演芸家,62160,38560,23600,-5.557999574501096,-5.034859657287598,-5.49920980028204,-4.712193489074707,-5.7064578150974885,-5.086536407470703,-5.636163962853922,-4.710083961486816,-5.522982659230705,-4.980029106140137,-5.443707263147509,-4.717461585998535
図書館司書，学芸員,31080,6220,24850,-9.272878924398931,-0.4955982565879822,-9.883632185491356,-0.56660395860672,-8.36599042078921,-0.4930198788642883,-7.991662077001624,-0.4775413274765014,-6.673341138217285,-0.6893083453178406,-6.447673343323372,-0.8212088942527771
個人教師（音楽）,70110,8860,61250,-9.381423731796614,-6.29615592956543,-9.681381908622948,-6.265436172485352,-9.74481755904569,-6.686997413635254,-10.127330277417157,-6.643820762634277,-14.505936957497633,-14.182467460632324,-14.461910724639893,-14.06964111328125
個人教師（舞踊，俳優，演出，演芸）,19810,4570,15240,-7.583861947969626,-6.29615592956543,-7.49798613947791,-4.27011775970459,-7.907075110282607,-6.686997413635254,-7.7374630586521045,-4.149486541748047,-4.569893081679599,-3.779723644256592,-4.741556936019176,-3.820781707763672
個人教師（スポーツ）,120470,55720,64740,-9.381423731796614,-6.29615592956543,-9.681381908622948,-6.265436172485352,-9.74481755904569,-6.686997413635254,-10.127330277417157,-6.643820762634277,-14.505936957497633,-14.182467460632324,-14.461910724639893,-14.06964111328125
個人教師（学習指導）,226070,118210,107860,-9.381423731796614,-6.29615592956543,-9.681381908622948,-6.265436172485352,-9.74481755904569,-6.686997413635254,-10.127330277417157,-6.643820762634277,-14.505936957497633,-14.182467460632324,-14.461910724639893,-14.06964111328125
個人教師（他に分類されないもの）,102960,24210,78740,-9.381423731796614,-6.29615592956543,-9.681381908622948,-6.265436172485352,-9.74481755904569,-6.686997413635254,-10.127330277417157,-6.643820762634277,-14.505936957497633,-14.182467460632324,-14.461910724639893,-14.06964111328125
職業スポーツ従事者,11980,10940,1040,-10.900730569854037,-9.631136894226074,-10.97952575296969,-8.633888244628906,-7.714101214445274,-3.3818259239196777,-8.597045945154655,-3.7640326023101807,-6.696154943859304,-3.549788475036621,-7.559503057518521,-1.557551622390747
通信機器操作従事者,17770,14340,3430,-18.174875121080238,-14.617411613464355,-18.303284928605365,-17.418222427368164,-18.235021758625525,-14.846997261047363,-18.31392007905084,-14.44130802154541,-13.775469772688306,-10.102017402648926,-15.249080374434188,-10.003509521484377
他に分類されない専門的職業従事者,309100,182330,126770,-15.503595006374912,-3.468129873275757,-15.261474425728256,-3.3395533561706543,-14.624915079306101,-2.9381778240203857,-15.062230235821492,-3.0517194271087646,-6.684632021052237,-6.431620597839356,-6.657533681070483,-6.41351318359375
事務従事者,11756080,4600740,7155340,-13.500225946193433,-1.016075849533081,-13.583541367505047,-12.958088874816896,-13.490470798870989,-0.9623804092407228,-13.595955069000656,-12.836838722229004,-12.999133561403697,-12.517705917358398,-13.004195187542889,-12.293050765991213
一般事務従事者,8096860,3101820,4995050,-15.172295737812536,-14.574268341064451,-15.486233234405518,-14.167679786682127,-15.778247017896811,-14.61902904510498,-15.655384643657788,-14.304455757141112,-15.515761382707202,-14.906244277954102,-15.434615644248757,-14.470232963562012
庶務・人事事務員,1057330,421240,636090,-6.820171869438113,-6.2138991355896,-6.792867782953623,-5.993711948394775,-6.7416561869264555,-6.123421669006348,-6.701771552498276,-5.862661361694336,-6.810238816355931,-5.846909999847412,-6.777206143817386,-5.725183486938477
受付・案内事務員,369800,47960,321840,-6.738485347223646,-5.325607299804688,-7.175761061745721,-5.42667818069458,-6.470601606005021,-5.349033355712891,-6.535781351295677,-5.616039276123047,-8.308109287087245,-7.787147521972656,-8.296059376484639,-7.766886234283447
電話応接事務員,292540,64130,228410,-15.309783884587178,-7.851039886474609,-15.092822409964896,-7.772371768951416,-15.608165384248922,-7.783322811126709,-15.228013012860272,-7.680448532104492,-8.030072849215442,-7.275266647338867,-7.902338818923847,-2.073826313018799
総合事務員,2639330,604330,2035000,-8.02537665112328,-7.11972188949585,-8.410935775653735,-6.399197101593018,-7.979922942532838,-7.127740859985352,-8.502399338258279,-6.502588748931885,-14.258771809002825,-13.871596336364746,-14.209806642016849,-6.171639442443848
会計事務従事者,1523600,375940,1147660,-13.3933565562008,-12.257251739501951,-13.422724459622357,-12.808810234069824,-13.809692906969376,-12.775138854980469,-13.82620079452927,-13.178088188171388,-13.787777922535671,-12.467315673828123,-13.867521453548122,-12.713930130004885
会計事務従事者,1523600,375940,1147660,-13.3933565562008,-12.257251739501951,-13.422724459622357,-12.808810234069824,-13.809692906969376,-12.775138854980469,-13.82620079452927,-13.178088188171388,-13.787777922535671,-12.467315673828123,-13.867521453548122,-12.713930130004885
生産関連事務従事者,584650,396420,188230,-11.833179419277279,-6.4023542404174805,-11.127911715894133,-6.183727264404297,-15.363312084256238,-6.70947265625,-15.05752431057595,-6.112029075622559,-15.710500666203389,-14.610576629638672,-15.688048162975827,-14.321991920471191
生産関連事務従事者,584650,396420,188230,-11.833179419277279,-6.4023542404174805,-11.127911715894133,-6.183727264404297,-15.363312084256238,-6.70947265625,-15.05752431057595,-6.112029075622559,-15.710500666203389,-14.610576629638672,-15.688048162975827,-14.321991920471191
営業・販売事務従事者,872440,417090,455350,-5.978845425234496,-3.612010955810547,-5.721075397890967,-3.4794483184814453,-6.455249316819751,-3.8584389686584473,-6.3985050320625305,-3.627652168273926,-5.601634278552223,-3.538362503051758,-5.428406650955613,-3.541372776031494
営業・販売事務従事者,872440,417090,455350,-5.978845425234496,-3.612010955810547,-5.721075397890967,-3.4794483184814453,-6.455249316819751,-3.8584389686584473,-6.3985050320625305,-3.627652168273926,-5.601634278552223,-3.538362503051758,-5.428406650955613,-3.541372776031494
外勤事務従事者,77390,27130,50260,-6.4766037191143475,-5.725363731384277,-6.559512850400564,-6.025264739990234,-6.897503361447167,-5.791865348815918,-6.970412882598671,-6.272171974182129,-6.513798498925362,-5.597064018249512,-6.5048640483134506,-6.078841209411621
集金人,18690,7060,11630,-21.853539474137868,-13.459369659423828,-19.294109937306995,-13.429217338562012,-21.963008982534628,-13.58452606201172,-18.27592137053206,-13.601327896118164,-14.382656250291198,-14.120349884033203,-14.474325212272438,-14.100932121276855
調査員,24460,10360,14090,-3.6661799472706917,-1.9652856588363647,-3.705109295007345,-2.063806295394897,-4.491561847788687,-2.027337551116944,-4.197586984247775,-2.0686569213867188,-3.2471091729084045,-2.509559392929077,-3.2140230391476607,-2.5598506927490234
運輸・郵便事務従事者,364410,221720,142700,-12.669825404654933,-7.110761642456055,-12.916904871528214,-6.819341659545898,-13.47944850412034,-7.366989612579346,-13.349712384713662,-6.678178310394287,-8.55181388272584,-6.355437278747559,-8.517829621160352,-7.300876617431641
運輸事務員,217830,155350,62480,-9.149939861006409,-5.687090396881104,-9.188913425883731,-6.476737022399902,-11.46199803679954,-6.776613712310791,-11.073177073452923,-6.5500569343566895,-8.55181388272584,-6.355437278747559,-8.517829621160352,-7.300876617431641
郵便事務員,146590,66370,80220,-13.422390732146402,-3.237072467803955,-12.646621596168828,-3.2633674144744877,-14.010172720173843,-3.162970542907715,-13.388831907027477,-3.278676986694336,-3.5399999054333637,-3.0593483448028564,-3.7081420727678247,-3.1410646438598637
事務用機器操作員,236720,60630,176100,-10.179474794227659,-0.9928218126296996,-10.37081114263148,-0.9935617446899414,-10.846350980623988,-0.9161089658737184,-10.451713494755126,-0.9392538070678712,-12.999133561403697,-12.517705917358398,-12.917928778641933,-0.6566599607467651
パーソナルコンピュータ操作員,58290,20620,37670,-5.864204195619539,-4.164757251739502,-5.812912699338552,-3.261970043182373,-5.965457301103432,-4.3150177001953125,-5.949441795413558,-3.1455233097076416,-4.661511934440554,-3.858635187149048,-4.712814150629817,-4.026675224304199
データ・エントリー装置操作員,155710,26050,129660,-4.130326316556857,-2.6858932971954346,-4.076657873553199,-2.8017654418945312,-4.1645363341761,-2.781203508377075,-4.1833568312026355,-2.7243025302886963,-4.03344786804141,-1.6586421728134155,-4.076153861509787,-1.866371750831604
販売従事者,6797870,3677260,3120600,-16.131881241580004,-0.215063214302063,-16.869117481482995,-0.1670626103878021,-17.329102373987663,-0.1216221451759338,-17.57162545394857,-0.104954719543457,-0.21235688411779985,-0.1128406599164009,-0.2749457488188872,-0.080200970172882
商品販売従事者,3704260,1304570,2399690,-8.998133713962467,-2.0656988620758057,-9.055276042706257,-2.4693078994750977,-7.231582741700966,-2.043670177459717,-6.439723812647768,-0.9006698727607727,-1.5646678244238292,-0.0005513101932592,-1.9856983142027103,-0.0004988856380805
小売店主・店長,303970,214400,89570,-4.802811194922178,-2.1933844089508057,-4.866030287098241,-4.371479034423828,-4.528746113522362,-2.2670023441314697,-4.533736433531787,-2.3228402137756348,-3.22689639885007,-2.0765390396118164,-3.5457638937073783,-1.997436761856079
卸売店主・店長,42430,36810,5620,-5.194076838384148,-2.1933844089508057,-5.258264966913171,-4.887631416320801,-5.044681723791224,-2.2670023441314697,-5.091031488534567,-2.3228402137756348,-3.3940182460173394,-2.0765390396118164,-3.774734318256378,-1.997436761856079
販売店員,3291060,1006170,2284900,-14.558011353470897,-13.828717231750488,-14.581969673569137,-14.006620407104492,-14.698742757316763,-14.009090423583984,-14.700811463433343,-14.095010757446287,-11.68019979600688,-2.570847511291504,-11.454494294282553,-2.6130800247192383
商品訪問・移動販売従事者,23200,10540,12670,-10.240164097938829,-7.246693134307861,-10.094842132684347,-2.6013343334198,-10.153893144986101,-2.351741075515747,-10.181975314746031,-2.527207612991333,-1.042437457709701,-0.0005513101932592,-1.3988593052270368,-0.0004988856380805
再生資源回収・卸売従事者,14090,12840,1250,-15.456891394753493,-14.666964530944824,-15.386510178849504,-4.628168106079102,-15.707017796640178,-14.810026168823242,-15.680432409853548,-6.922428131103516,-5.302032980300088,-3.683932304382324,-5.341716919396375,-3.660978555679321
商品仕入外交員,29500,23830,5680,-10.234355609835559,-6.87842321395874,-10.124218141710436,-7.269790172576904,-10.221282678706045,-2.351741075515747,-10.274122827761882,-2.6480607986450195,-1.5646678244238292,-0.0005513101932592,-2.0826156728073477,-0.0004988856380805
販売類似職業従事者,416210,229920,186290,-13.080845638995863,-0.215063214302063,-12.317547420996267,-0.1670626103878021,-12.795258809364478,-0.1216221451759338,-12.528402873239404,-0.104954719543457,-0.21235688411779985,-0.1128406599164009,-0.18753420732714035,-0.080200970172882
不動産仲介・売買人,99270,72480,26790,-12.313114001550748,-1.4863914251327517,-12.513212133098293,-11.749465942382812,-12.230342648411526,-1.4642784595489502,-12.28145810639536,-1.4655452966690063,-12.637321508567751,-11.920714378356934,-12.632223425684748,-11.87505340576172
保険代理・仲立人（ブローカー）,25610,18090,7520,-5.725937684073703,-1.969403624534607,-5.430189738402495,-1.9048279523849487,-5.886113059429722,-1.8593430519104004,-5.6207665833267,-1.7729319334030151,-5.86900756923297,-4.101572036743164,-5.8827827170088485,-3.9360098838806152
営業職業従事者,2677390,2142770,534630,-3.8912256510203123,-3.4867796897888184,-3.9107106021932654,-3.4794483184814453,-6.937423154597974,-3.695943117141724,-6.558370772245768,-3.7043731212615967,-8.481971973681269,-6.893007278442383,-8.45835130118035,-3.889981985092163
医薬品営業職業従事者,83260,72070,11180,-14.633869935538023,-8.024833679199219,-14.36916633554407,-7.7755126953125,-14.807460930511242,-8.032245635986328,-14.475779720254847,-7.755592346191406,-8.187437512492405,-7.77275800704956,-8.17766596497716,-7.52454948425293
機械器具・通信・システム営業職業従事者,581280,527630,53640,-10.085718220426836,-6.411863803863525,-9.866903404931765,-6.5989861488342285,-10.391055977071515,-6.854158401489258,-10.389049687901059,-6.786460876464844,-6.913489591074354,-3.6498382091522217,-6.900127781404032,-5.245792865753174
金融・保険営業職業従事者,467050,224690,242360,-15.777956507588161,-1.8158979415893557,-15.197039750782219,-2.097151756286621,-17.681315043500362,-5.677271366119385,-16.907736659049988,-5.552104473114014,-5.691740509207922,-5.427325248718262,-5.656162487493979,-5.039799213409424
不動産営業職業従事者,138640,109080,29560,-5.111121290512667,-4.071422576904297,-6.017292821729505,-4.055921077728272,-5.303735452753897,-4.25986385345459,-6.241919868701213,-4.139938354492188,-16.274826084384483,-2.5190045833587646,-16.497401334143973,-15.232603073120115
サービス職業従事者,6846830,2128320,4718510,-2.337270472795909,-2.0360264778137207,-2.3155171001279675,-1.8521811962127688,-2.1871145117373865,-1.8914930820465088,-2.157263139615188,-1.7703132629394531,-1.9581987366421532,-1.6161160469055176,-1.9446541981117145,-1.5905107259750366
家庭生活支援サービス職業従事者,20820,1160,19660,-15.308432397041612,-14.325130462646484,-15.313541637884605,-14.615768432617188,-15.720534259126387,-14.624889373779297,-15.71090181453808,-15.037282943725586,-14.008910106338618,-8.091615676879883,-14.459636501363805,-8.047907829284668
家政婦（夫），家事手伝い,7250,140,7120,-13.479340094646425,-12.446450233459473,-13.475788573961001,-12.329565048217772,-13.795214718534746,-12.977476119995115,-13.888280978073945,-12.78426456451416,-13.923417870324986,-12.936226844787598,-13.936287531981597,-13.11841869354248
介護サービス職業従事者,1634740,389720,1245020,-11.04456045791393,-4.016610145568848,-11.188464003640252,-3.928363800048828,-10.99752501313013,-3.644495010375977,-11.31718963062441,-3.52358627319336,-12.13075985799309,-4.788573265075684,-12.125014491983363,-11.638320922851562
介護職員（医療・福祉施設等）,1358960,357800,1001160,-3.838839449045312,-2.7343456745147705,-3.6657619460208997,-2.7133750915527344,-4.027867459158861,-2.6090757846832275,-3.527650820242392,-2.55314040184021,-4.339302985722782,-3.3100290298461914,-4.317194877444087,-3.725683450698853
訪問介護従事者,275770,31920,243860,-14.639714313827398,-14.16080093383789,-14.689408257200911,-14.232695579528809,-14.799681991111232,-14.265677452087402,-14.827039692852948,-14.326358795166016,-11.122117625848027,-1.0593483448028564,-10.869814298442892,-1.2521722316741943
保健医療サービス職業従事者,305500,18150,287350,-15.599734269935666,-8.712301254272461,-15.397160201459318,-9.284797668457031,-17.586116055495868,-8.564129829406738,-17.818378590248727,-9.11244297027588,-9.92029178415546,-9.01588535308838,-9.896372833767453,-9.090539932250977
看護助手,138040,10400,127640,-3.9167962201679027,-3.5205931663513184,-3.905897198496638,-3.3590073585510254,-3.764878223870547,-3.3717854022979736,-3.9551267527245186,-3.3134710788726807,-4.181212969408691,-3.405569076538086,-4.177675819074786,-3.434959650039673
生活衛生サービス職業従事者,750420,227520,522900,-12.046974382327713,-2.9117677211761475,-11.753854170038894,-2.9434380531311035,-12.347325585270656,-3.041320323944092,-11.934616498045019,-3.073935270309448,-4.856440380329394,-4.441353797912598,-4.84839966490462,-4.345488548278809
理容師,140770,82700,58080,-5.586589474714439,-5.129703044891357,-5.5565818000484155,-4.985326290130615,-5.598935960813333,-5.190478801727295,-5.568708471349768,-5.062720775604248,-5.966028562938894,-5.560420036315918,-5.884416122694273,-5.431070327758789
美容師,351060,88440,262630,-12.017676105936065,-10.490198135375977,-11.958069704674386,-9.365033149719238,-12.390334901008897,-10.72363567352295,-12.285544550096667,-9.51966667175293,-14.572294213389622,-12.520607948303224,-14.219172774134455,-10.456136703491213
美容サービス従事者（美容師を除く）,119220,5310,113910,-9.638410994114766,-6.408034324645996,-9.378030400018435,-6.319489479064941,-10.742071897928952,-6.5870137214660645,-9.975215699221637,-6.510825157165527,-4.366893731910764,-1.5631906986236572,-4.731254212759636,-1.4229812622070312
浴場従事者,34540,12610,21930,-89.70805251689357,-0.3177935779094696,-84.9691368248817,-0.2575750648975372,-88.13797531305379,-0.3467203080654144,-85.12356035552315,-0.3097549974918365,-2.4025182262176776,-0.1864058077335357,-2.824731866250167,-0.2102563679218292
クリーニング職，洗張職,104820,38460,66360,-1.5119676990363433,-1.321890354156494,-1.4788528914387162,-1.2404805421829224,-1.33289888887915,-1.1549286842346191,-1.305129209080258,-1.057800054550171,-2.752790006972451,-2.302096366882324,-2.711045724314612,-2.232333183288574
飲食物調理従事者,1829800,708530,1121260,-2.256833272125885,-1.8820135593414309,-2.1809156230978064,-1.7739609479904177,-2.207491116669342,-1.8202950954437256,-2.130931909825351,-1.732997179031372,-2.206376968449309,-1.8546972274780276,-2.1203380162651473,-1.723460674285889
調理人,1822470,702590,1119870,-86.89768384249156,-13.45350170135498,-86.07950213793161,-13.213605880737305,-92.82020338073032,-14.236413955688477,-87.28168417956378,-13.9052152633667,-14.63610332430774,-14.018017768859863,-14.665125827531558,-13.94489574432373
バーテンダー,7330,5940,1390,-95.81290829636669,-8.352677345275879,-90.73381134626028,-8.129817962646484,-95.81660358778393,-8.324705123901367,-88.88886561264863,-8.139326095581055,-99.29845951167681,-8.098196029663086,-99.38300411121266,-8.684608459472656
接客・給仕職業従事者,1452570,453280,999290,-13.443040713099123,-7.245450019836426,-13.09285183532818,-6.715097904205322,-3.2682289749611426,-2.8412020206451416,-3.4121650247960478,-0.5880148410797119,-10.32360317506863,-5.89189338684082,-10.16922156875198,-3.377313137054444
飲食店主・店長,114270,54020,60250,-1.3370277663223615,-0.8563531637191772,-1.2599138609460883,-0.6844425201416016,-1.3341030319228426,-0.8381406664848328,-1.2564664346140784,-0.6750566363334656,-1.001490282193395,-0.5794551372528076,-0.9362536209660608,-0.5001668930053711
旅館主・支配人,24510,17060,7450,-3.8387438377351253,-3.2998125553131104,-3.858438010151322,-3.279727935791016,-3.691746260373647,-3.0932445526123047,-3.7205927774712846,-3.092799186706543,-4.472930167467539,-3.5418081283569336,-4.549163090216147,-3.776872158050537
飲食物給仕・身の回り世話従事者,887020,199290,687730,-4.111601556530435,-2.3431434631347656,-4.076347719978642,-3.6551685333251953,-4.1676474855146335,-2.2920689582824707,-4.1025681995056775,-1.9729058742523196,-4.059908855962389,-3.7846288681030273,-4.06896966051411,-3.805875778198242
接客社交従事者,18460,2370,16090,-14.527109167958034,-14.000676155090332,-14.474243002968866,-3.5599889755249023,-14.643720510351748,-14.039840698242188,-14.25808073862179,-3.452092409133911,-4.059598016374894,-2.881258964538574,-4.337632156707145,-2.965750932693481
娯楽場等接客員,408310,180540,227770,-7.259531749113825,-6.6323957443237305,-7.251541569426253,-6.206403732299805,-7.244609774524019,-6.502798080444336,-7.1904992380657715,-6.254754543304443,-7.863421096146562,-3.871272802352905,-7.914856440312153,-4.157174587249756
居住施設・ビル等管理人,239760,179250,60510,-2.0475241710211485,-1.6619783639907837,-2.019016258619927,-1.6154096126556396,-2.12217100248992,-1.8102505207061768,-2.09986845383773,-1.6160155534744265,-2.167618153659442,-1.7547621726989746,-2.2001985851171852,-1.7840020656585691
マンション・アパート・下宿・寄宿舎・寮管理人,146920,101240,45680,-0.9083071407925991,-0.3044186234474182,-0.9365174740150168,-0.3028667867183685,-0.9430292667323397,-0.2957329750061035,-0.9414608774555696,-0.287173867225647,-3.5005585000715183,-2.896308898925781,-3.4636279167355717,-2.978485107421875
ビル管理人,42610,34440,8170,-10.786878731414562,-10.096514701843262,-10.867871671109587,-9.814461708068848,-10.82246883042896,-10.16595458984375,-10.881265073209196,-9.869839668273926,-11.12025847689796,-10.221736907958984,-11.159455247827479,-10.205114364624023
駐車場管理人,50230,43560,6670,-8.64526297390916,-1.2420440912246704,-8.56685001624597,-3.286550045013428,-8.78058091556753,-3.503004789352417,-8.805917433790258,-3.6524229049682617,-15.159880470683557,-14.552130699157717,-15.139876475205293,-14.506197929382324
旅行・観光案内人,15860,7390,8470,-13.377766106874889,-12.666543006896973,-13.560936637826869,-12.928348541259766,-13.464982724371756,-12.02437973022461,-13.590424307294795,-2.627589464187622,-12.878171884376584,-12.11764907836914,-13.110960747744587,-12.493303298950195
物品一時預り人,910,360,550,-13.674945494600834,-1.495152235031128,-13.415419298249322,-1.4702825546264648,-13.8951297889229,-1.488486647605896,-13.603918475073737,-8.076879501342773,-8.920838483417308,-4.26664924621582,-9.002195725569853,-4.459444046020508
物品賃貸人,63760,36140,27630,-13.632563771182344,-1.495152235031128,-13.53675562948794,-7.775545597076416,-13.8951297889229,-1.488486647605896,-13.642525524706453,-8.076879501342773,-9.133789761375835,-7.402331352233887,-9.153384911047446,-7.963229179382324
広告宣伝員,26890,9360,17530,-6.636879513281902,-5.051946640014648,-6.902771817671286,-5.114516258239746,-7.294843065829677,-5.079730033874512,-7.2323589099420085,-5.128548622131348,-13.993136216665953,-12.892056465148926,-14.056775247728503,-12.771512985229492
葬儀師，火葬作業員,49200,26300,22900,-13.73108613400059,-13.24312686920166,-13.742165546159487,-12.970279693603516,-13.91840302853184,-13.509785652160645,-13.942387877283869,-13.354920387268066,-13.967623994550632,-13.187225341796877,-13.937684600417679,-12.997343063354492
他に分類されないサービス職業従事者,456590,71160,385430,-15.503595006374912,-3.468129873275757,-15.261474425728256,-3.3395533561706543,-14.624915079306101,-2.9381778240203857,-15.062230235821492,-3.0517194271087646,-6.684632021052237,-6.431620597839356,-6.657533681070483,-6.41351318359375
保安職業従事者,1104210,1019900,84310,-2.0693915445386,-1.6981183290481567,-2.160959270354864,-1.6210408210754397,-1.9495996764598003,-1.5500004291534424,-2.0197787115702757,-1.5085163116455078,-1.3087362128359672,-0.9214093685150146,-1.405115932226181,-0.9169178605079652
保安職業従事者,1104210,1019900,84310,-2.0693915445386,-1.6981183290481567,-2.160959270354864,-1.6210408210754397,-1.9495996764598003,-1.5500004291534424,-2.0197787115702757,-1.5085163116455078,-1.3087362128359672,-0.9214093685150146,-1.405115932226181,-0.9169178605079652
自衛官,230380,210390,19990,-7.818213906906943,-6.8037824630737305,-7.808610303981884,-6.787400722503662,-8.172527236792877,-6.999007225036621,-8.11404277182914,-6.97428560256958,-8.081366229603308,-6.701459884643555,-8.151069786097553,-6.413120269775391
警察官，海上保安官,251160,220960,30200,-13.648027907801039,-11.941290855407717,-13.687057585329622,-12.997358322143556,-13.813340150672971,-12.03465747833252,-13.845637579221982,-13.062180519104004,-13.920130190958503,-11.29136085510254,-14.046255736737638,-12.396757125854492
消防員,148580,144230,4350,-9.63881196320512,-4.293285369873047,-10.773875900217005,-4.1503214836120605,-8.001013701198666,-4.378324031829834,-9.055629965421316,-4.220957279205322,-5.39827757027313,-4.784059047698975,-5.438459554234067,-4.818427085876465
警備員,374690,357250,17440,-15.535136521317577,-6.563739776611328,-15.575248260755796,-13.820148468017578,-15.759577525481014,-14.871925354003906,-15.660844490334794,-7.051192760467529,-15.03476621904446,-13.979015350341797,-15.135399528451869,-14.220954895019531
他に分類されない保安職業従事者,84720,73910,10810,-15.503595006374912,-3.468129873275757,-15.261474425728256,-3.3395533561706543,-14.624915079306101,-2.9381778240203857,-15.062230235821492,-3.0517194271087646,-6.684632021052237,-6.431620597839356,-6.657533681070483,-6.41351318359375
農林漁業従事者,1898800,1205200,693600,-6.894100105489484,-5.405391693115234,-7.216016047709697,-5.046985149383545,-7.23762592286554,-4.961310386657715,-7.507502304541098,-3.702942371368408,-5.490595202409584,-4.920774936676025,-5.4287563175768465,-3.212848663330078
農業従事者,1735160,1067910,667250,-8.702933668180277,-3.701047420501709,-9.285357940841365,-3.507056474685669,-9.480639566901987,-8.65676498413086,-9.849696185137775,-5.015289306640625,-6.263677728085118,-5.190792560577393,-6.611704133652352,-3.212848663330078
農耕従事者,1452780,850400,602380,-86.82574913519939,-7.575388431549072,-85.01416997651796,-7.353400230407715,-86.79510190832706,-7.669759750366211,-83.11802837333164,-7.168162345886231,-8.655313626500487,-7.978189945220947,-8.57765065657126,-7.819877624511719
養畜従事者,154470,99790,54670,-58.58130116135109,-5.946012496948242,-49.474568431441845,-6.103744029998779,-88.59500773990428,-6.167770385742188,-82.32701163356369,-6.159429550170898,-6.481800836461191,-5.924196243286133,-6.470944069527291,-5.964472770690918
植木職，造園師,122810,113350,9460,-7.8129046309085295,-7.179731369018555,-7.62379458788279,-7.150826930999756,-7.7099517902345145,-7.016891479492188,-7.497100775306289,-6.923246383666992,-7.620541077533751,-6.8058295249938965,-7.530957531284642,-6.935274124145508
林業従事者,43710,40980,2730,-7.197132500073382,-3.2479376792907715,-7.131772108980127,-3.3852462768554688,-10.122017034137523,-4.97852897644043,-10.14203330471709,-2.9248406887054443,-5.052880541968892,-2.608201265335083,-4.759365302485389,-2.2540178298950195
育林従事者,17480,16160,1320,-5.972521938440454,-5.312540531158447,-5.992848090223364,-5.345870494842529,-6.358272472410712,-5.44818925857544,-6.472329258918762,-5.510622978210449,-7.093951647518245,-4.017333984375,-7.390317385261123,-6.497646808624268
伐木・造材・集材従事者,20480,19990,490,-14.095999950671015,-13.120079040527344,-14.11170905345195,-13.2594575881958,-14.467612426699572,-13.208401679992676,-14.493430376052856,-13.059610366821287,-14.364243121547553,-13.859192848205566,-14.363717826637062,-13.740645408630373
漁業従事者,119930,96310,23620,-10.386815122065654,-5.877254962921143,-9.457267996427175,-2.440678358078003,-4.981475565269704,-1.74664306640625,-4.410347168510024,-3.189676523208618,-2.5403682239183034,-1.8489913940429688,-2.561574977797431,-1.8688433170318604
漁労従事者,66470,57690,8780,-86.8012548839773,-8.341108322143555,-88.89031485609107,-7.955708503723144,-84.76417521848023,-8.655790328979492,-85.84223292969368,-8.234763145446777,-10.03269246516337,-8.942375183105469,-9.966730858828571,-9.081311225891112
船長・航海士・機関長・機関士（漁労船）,6510,6490,10,-13.250137975197712,-1.9674646854400637,-13.09023528405138,-1.9530497789382932,-13.810087675356684,-2.079975128173828,-13.351081592005652,-1.854996919631958,-6.112208315434347,-5.391915321350098,-6.093697750890577,-5.414238929748535
海藻・貝採取従事者,10280,7380,2900,-13.055397206590376,-2.700054407119751,-13.0501932550121,-6.183023452758789,-13.330881739390716,-2.528970956802368,-13.125048756599426,-2.169180393218994,-9.171322109135053,-8.57548713684082,-9.153114428391328,-8.245075225830078
水産養殖従事者,33980,23960,10020,-1.0937035911865818,-0.739421010017395,-1.105245371525352,-0.6732107400894165,-1.057088127573028,-0.6938996911048889,-1.0870451496259586,-0.67244952917099,-1.8931019469981885,-1.0015220642089844,-1.9271392572570492,-1.2460328340530396
生産工程従事者,7534000,5263320,2270670,-16.71610110770655,-4.192366123199463,-17.013476252555847,-4.383515357971191,-6.15153240611535,-3.9449543952941895,-6.1554667530833065,-5.081029891967773,-5.655396133888769,-4.024236679077148,-5.931272242520307,-4.427922248840332
製品製造・加工処理従事者（金属製品）,1073520,970440,103080,-8.10847415450875,-1.7007832527160645,-8.428093998818785,-1.6957041025161743,-8.848339284649333,-2.1408705711364746,-9.078524281044263,-1.626028537750244,-9.17672070474115,-1.4144898653030396,-8.714134431368596,-1.332944393157959
製銑・製鋼・非鉄金属製錬従事者,39090,37830,1250,-7.777111472064302,-5.416888236999512,-7.47870939325642,-2.5243453979492188,-7.157768820988313,-5.684879779815674,-7.061326110685194,-2.900235176086426,-6.4614489952116525,-1.7797255516052246,-6.483882470710857,-1.9580957889556885
鋳物製造・鍛造従事者,36120,34420,1700,-5.141808437027094,-4.5313920974731445,-5.232571202355462,-4.659197807312012,-4.9647050231467675,-4.441366672515869,-5.068755671784684,-4.5046586990356445,-6.111726298587013,-4.785916328430176,-6.0122657402141675,-5.023765563964844
金属工作機械作業従事者,152140,139960,12180,-13.178230962680496,-5.220594882965088,-12.706975302180728,-5.203739166259766,-13.24719578255224,-5.230075836181641,-12.660396443830955,-5.198204517364502,-6.362866266993166,-5.382462024688721,-6.434456213100536,-5.396002292633057
金属プレス従事者,61420,52140,9280,-8.23150490622484,-7.09023380279541,-8.42302320776759,-7.070322036743164,-8.248281668160708,-7.118095874786377,-8.299801388302365,-7.083630561828613,-8.322155479256434,-7.241451263427734,-8.343864875870782,-7.214646339416504
鉄工，製缶従事者,53660,51960,1700,-14.042854320001966,-7.063996315002441,-14.820193954416224,-4.656311988830566,-18.174373706788508,-7.334201812744141,-14.903385471653294,-4.751740455627441,-7.6500787916984265,-7.1857123374938965,-7.640896529764743,-6.988846778869629
板金従事者,73170,69470,3710,-15.05977608047369,-14.444211959838867,-15.10385207872133,-14.527610778808594,-15.137873125440292,-14.57359790802002,-15.161571116060824,-14.496190071105955,-14.979420931284665,-14.10044288635254,-14.985070344564077,-14.187592506408691
金属彫刻・表面処理従事者,37220,32700,4510,-13.66243778840276,-13.03787899017334,-13.655424712477503,-1.1408655643463137,-13.721284844493137,-12.980030059814451,-13.776641942359305,-13.121536254882812,-1.2132923102560844,-0.5728686451911926,-1.1359600642242946,-0.5463587641716003
金属溶接・溶断従事者,163710,157300,6410,-1.1150599536094956,-0.8781729936599731,-1.1859686958628732,-0.914055109024048,-1.3146451402256507,-1.0606708526611328,-1.4016811179148185,-1.050590753555298,-1.071424686726723,-0.8436688184738159,-1.1164696881094494,-0.6813704371452332
製品製造・加工処理従事者（金属製品を除く）,3018290,1635240,1383050,-8.10847415450875,-1.7007832527160645,-8.428093998818785,-1.6957041025161743,-8.848339284649333,-2.1408705711364746,-9.078524281044263,-1.626028537750244,-9.17672070474115,-1.4144898653030396,-8.714134431368596,-1.332944393157959
化学製品製造従事者,219640,168950,50690,-10.313118727152585,-6.615805149078369,-10.275321670480677,-6.396134376525879,-13.815209097534646,-6.841037750244141,-13.6703240806992,-6.828359603881836,-15.023720129755617,-14.534418106079102,-15.057838104866647,-14.59791088104248
窯業・土石製品製造従事者,139770,117400,22370,-8.782247643434365,-2.8097290992736816,-8.726326847398603,-2.5814526081085205,-9.741411675023668,-8.885685920715332,-9.757538785805574,-7.311846256256103,-8.447918853686966,-3.134351968765259,-8.603493405354989,-3.337589979171753
食料品製造従事者,1227480,476590,750890,-3.706575504241099,-0.8799988031387329,-4.5421015475247355,-0.8066169023513794,-3.8068023101064083,-0.919192910194397,-4.838975490750493,-0.9969663619995116,-13.689786299494386,-13.178126335144045,-13.807227946616507,-13.133122444152832
飲料・たばこ製造従事者,45150,34290,10850,-3.358142214877005,-1.6469895839691162,-3.643776809847033,-1.662742257118225,-3.5122946983075325,-1.7291396856307983,-3.943167227345544,-1.7035433053970337,-3.5397294696050747,-3.350470542907715,-3.493985849457818,-1.9809486865997317
紡織・衣服・繊維製品製造従事者,274370,88650,185720,-6.545719678165349,-5.805809020996094,-6.758734597547634,-1.8634220361709597,-6.572162053057256,-5.690032958984375,-6.518011611055684,-1.1041849851608276,-2.3440111798184518,-0.9566803574562072,-2.149723417855598,-0.643767774105072
木・紙製品製造従事者,273160,214470,58690,-9.07533122928998,-5.371393203735352,-8.748655554410574,-5.124165058135986,-11.258729177576894,-5.486428260803223,-11.382913418718287,-5.625566482543945,-12.368339160016475,-5.831522941589356,-12.405457000474673,-12.020817756652832
印刷・製本従事者,180700,126450,54250,-14.150861827471784,-13.280359268188477,-14.174074192304868,-13.557043075561523,-14.360936143016087,-13.700560569763184,-14.40750205194628,-13.687090873718262,-14.48389916747581,-13.932819366455078,-14.491821669243478,-13.956153869628906
ゴム・プラスチック製品製造従事者,298880,219140,79740,-3.432432921788165,-1.170307159423828,-3.6493766227283992,-1.2756671905517578,-2.3357277007503363,-1.1922913789749146,-2.5431709305660144,-1.252316951751709,-1.4895746444017832,-1.2584688663482666,-1.622763333288399,-1.0460397005081177
機械組立従事者,1261100,969420,291680,-16.10811976804078,-14.060663223266602,-16.016869834951454,-14.325398445129396,-16.17713350194101,-13.887967109680176,-16.18881580636308,-14.45888614654541,-15.501698244619005,-3.6498382091522217,-15.625522413769284,-14.20864486694336
はん用・生産用・業務用機械器具組立従事者,334370,280020,54350,-6.194913110660233,-5.460318565368652,-6.146567895605758,-5.25101375579834,-6.308588475671433,-5.466021060943604,-6.234755738361462,-5.31264591217041,-7.450582649871593,-6.845411777496338,-7.417027798858848,-6.862266540527344
電気機械器具組立従事者,485760,321610,164150,-13.45984254356559,-12.930225372314451,-13.406998569900924,-12.799081802368164,-13.44626889702018,-12.960596084594728,-13.38761881879858,-12.693001747131348,-14.601025581359863,-14.09359645843506,-14.591012870943224,-14.01430606842041
自動車組立従事者,344560,291780,52790,-11.820991395993998,-6.143603801727295,-12.003606006905839,-6.236802101135254,-12.383590690962231,-6.864243507385254,-12.44002563566775,-6.911969661712647,-9.234552397982764,-6.757610321044922,-9.46997152792441,-7.968141555786133
輸送機械組立従事者（自動車を除く）,52740,48120,4630,-13.386511001878112,-5.560458660125732,-12.912662029266357,-4.997711181640625,-13.29168488233144,-5.220192909240723,-12.95774654762165,-4.871356964111328,-5.26557284275084,-4.433218955993652,-5.285531901024483,-4.634761810302734
計量計測機器・光学機械器具組立従事者,43660,27900,15760,-12.840140375472208,-5.793302536010742,-12.699623481647388,-5.738856792449951,-12.35800419144958,-5.807826519012451,-12.133390613504359,-5.857954025268555,-6.872138947930955,-6.3719635009765625,-6.892486449834463,-5.983239650726318
機械整備・修理従事者,942120,912580,29530,-13.797628628388615,-2.359977960586548,-13.77292091620935,-2.459892749786377,-13.351210721576487,-2.486235857009888,-13.957756239014703,-2.530112266540528,-14.878757338487466,-13.979106903076172,-14.819419210021561,-13.70604133605957
はん用・生産用・業務用機械器具整備・修理従事者,401150,388710,12440,-6.194913110660233,-5.460318565368652,-6.146567895605758,-5.25101375579834,-6.294070014516816,-4.438159942626953,-6.234755738361462,-5.31264591217041,-7.450582649871593,-6.845411777496338,-7.417027798858848,-6.862266540527344
電気機械器具整備・修理従事者,93070,86700,6370,-13.456785136506758,-12.930225372314451,-13.397229400840965,-11.937555313110352,-13.374481652529186,-4.438159942626953,-13.379578571061831,-12.213897705078123,-14.600407083525912,-14.09359645843506,-14.588530070072895,-14.01430606842041
自動車整備・修理従事者,376070,368820,7250,-11.574904445473475,-5.910810947418213,-11.668482622584781,-5.926280498504639,-12.178573262600498,-4.438159942626953,-12.315458168854585,-6.815814018249512,-9.234552397982764,-6.757610321044922,-9.46997152792441,-7.968141555786133
輸送機械整備・修理従事者（自動車を除く）,58640,56790,1850,-13.386511001878112,-5.560458660125732,-12.896434010686102,-4.997711181640625,-13.218559698294138,-4.438159942626953,-12.9429532289505,-4.871356964111328,-5.26557284275084,-4.433218955993652,-5.285531901024483,-4.634761810302734
計量計測機器・光学機械器具整備・修理従事者,13190,11570,1620,-12.840140375472208,-5.793302536010742,-12.66934670628728,-5.738856792449951,-12.275842666625977,-4.438159942626953,-12.118320136456877,-5.857954025268555,-6.872138947930955,-6.3719635009765625,-6.892486449834463,-5.983239650726318
製品検査従事者,369160,156130,213030,-15.517313200098867,-14.718610763549805,-15.53531399288693,-14.917482376098633,-15.69949096941766,-15.06916618347168,-15.648786293493735,-14.950606346130373,-8.454602907632143,-7.092965126037598,-8.299410172410914,-7.520586967468262
金属製品検査従事者,85860,48910,36950,-2.124229972599117,-0.8781729936599731,-3.11203949515884,-0.914055109024048,-2.9904378779971874,-1.0606708526611328,-4.5643166343908055,-1.0842324495315552,-1.1074262811937405,-0.8436688184738159,-1.3458254582978584,-0.8719152808189392
化学製品検査従事者,42810,18760,24050,-10.313118727152585,-6.615805149078369,-10.275321670480677,-6.396134376525879,-13.815209097534646,-6.841037750244141,-13.6703240806992,-6.828359603881836,-15.023720129755617,-14.534418106079102,-15.057838104866647,-14.59791088104248
窯業・土石製品検査従事者,22560,15110,7460,-8.782247643434365,-2.8097290992736816,-8.726326847398603,-2.5814526081085205,-9.741411675023668,-8.885685920715332,-9.757538785805574,-7.311846256256103,-8.447918853686966,-3.134351968765259,-8.603493405354989,-3.337589979171753
食料品検査従事者,48280,16080,32200,-3.706575504241099,-0.8799988031387329,-4.522946457605104,-0.8066169023513794,-3.8068023101064083,-0.919192910194397,-4.838975490750493,-0.9969663619995116,-13.689786299494386,-13.178126335144045,-13.807227946616507,-13.133122444152832
飲料・たばこ検査従事者,5510,2390,3130,-1.7384630186867167,-1.6017050743103027,-1.7915984706298724,-1.5459681749343872,-1.74073998436673,-1.5506733655929563,-1.7981289423800804,-1.571070909500122,-1.9746973332557969,-1.677459716796875,-2.058394608465401,-1.7426975965499878
紡織・衣服・繊維製品検査従事者,24020,4470,19550,-6.545719678165349,-5.805809020996094,-6.758734597547634,-1.8634220361709597,-6.572162053057256,-5.690032958984375,-6.518011611055684,-1.1041849851608276,-2.3440111798184518,-0.9566803574562072,-2.149723417855598,-0.643767774105072
木・紙製品検査従事者,13570,5340,8230,-5.856761764934045,-5.371393203735352,-6.055991710843267,-5.124165058135986,-6.3077686142375455,-5.515451431274414,-6.380346771833059,-5.208526611328125,-12.368339160016475,-5.831522941589356,-12.405457000474673,-12.020817756652832
印刷・製本検査従事者,13380,4500,8880,-0.8658729448118283,-0.4336752593517303,-0.9230889073900275,-0.5119385123252869,-0.803611924630085,-0.442018985748291,-0.871525927572637,-0.4791984558105469,-0.9486270442263771,-0.4607974290847778,-1.0164986518589225,-0.5650485157966614
ゴム・プラスチック製品検査従事者,77620,23950,53670,-3.432432921788165,-1.170307159423828,-3.6493766227283992,-1.2756671905517578,-2.3357277007503363,-1.1922913789749146,-2.5431709305660144,-1.252316951751709,-1.4895746444017832,-1.2584688663482666,-1.622763333288399,-1.0460397005081177
機械検査従事者,285770,168760,117010,-2.8055263548406937,-2.326216697692871,-2.8015071153640747,-2.380836009979248,-2.916325092315674,-2.422178268432617,-2.894345330225455,-2.459840774536133,-2.9636790934409802,-2.141185760498047,-2.909496714939942,-2.3535635471343994
はん用・生産用・業務用機械器具検査従事者,58480,38250,20230,-6.194913110660233,-5.460318565368652,-6.146567895605758,-5.25101375579834,-6.308588475671433,-5.466021060943604,-6.234755738361462,-5.31264591217041,-7.450582649871593,-6.845411777496338,-7.417027798858848,-6.862266540527344
電気機械器具検査従事者,118190,59250,58940,-13.45984254356559,-12.930225372314451,-13.406998569900924,-12.799081802368164,-13.44626889702018,-12.960596084594728,-13.38761881879858,-12.693001747131348,-14.601025581359863,-14.09359645843506,-14.591012870943224,-14.01430606842041
自動車検査従事者,87440,56650,30790,-12.653475907012707,-5.910810947418213,-12.550219365068385,-5.926280498504639,-13.240683974200532,-6.434822082519531,-13.06086455164729,-6.815814018249512,-9.234552397982764,-6.757610321044922,-9.46997152792441,-7.968141555786133
輸送機械検査従事者（自動車を除く）,10500,9130,1370,-13.386511001878112,-5.560458660125732,-12.912662029266357,-4.997711181640625,-13.29168488233144,-5.220192909240723,-12.95774654762165,-4.871356964111328,-5.26557284275084,-4.433218955993652,-5.285531901024483,-4.634761810302734
計量計測機器・光学機械器具検査従事者,11160,5480,5680,-12.840140375472208,-5.793302536010742,-12.699623481647388,-5.738856792449951,-12.35800419144958,-5.807826519012451,-12.133390613504359,-5.857954025268555,-6.872138947930955,-6.3719635009765625,-6.892486449834463,-5.983239650726318
生産関連・生産類似作業従事者,584040,450740,133290,-15.247205861652171,-4.348800182342529,-15.102756693556502,-4.715856552124023,-15.056446133679106,-4.131207466125488,-15.041567837869799,-4.472054958343506,-15.525631722603135,-14.610576629638672,-15.524743621413773,-13.801605224609377
画工，塗装・看板制作従事者,232980,207990,24990,-12.998265353777937,-6.553873062133789,-12.642238346306053,-3.275703430175781,-13.425195315411983,-6.769876956939697,-12.92689732925312,-6.736775875091553,-13.704839451622417,-13.116053581237791,-13.668554241592819,-12.911734580993652
生産関連作業従事者（画工，塗装・看板制作を除く）,289300,201080,88220,-7.909874639438309,-6.4023542404174805,-8.411815904282236,-6.183727264404297,-7.697963092163319,-6.406371593475342,-8.420508703669986,-6.112029075622559,-15.710500666203389,-14.610576629638672,-15.688048162975827,-14.321991920471191
生産類似作業従事者,61760,41670,20080,-15.888120061568632,-14.902779579162598,-15.900219053835482,-14.58766269683838,-15.298183259163194,-14.541284561157228,-15.343555005821022,-14.0464506149292,-15.671535593862751,-15.00125503540039,-15.71126441053442,-13.801605224609377
輸送・機械運転従事者,1983330,1907110,76220,-13.025101945600436,-2.359977960586548,-12.246443563216442,-2.459892749786377,-12.150197993708021,-2.486235857009888,-12.393396239022952,-2.530112266540528,-5.26557284275084,-4.433218955993652,-5.285531901024483,-4.634761810302734
鉄道運転従事者,37130,35570,1560,-8.794381236302033,-7.464306354522705,-8.738522687473813,-7.493253231048584,-9.140785009806393,-7.582963943481445,-9.072030528171643,-7.704506397247314,-8.930086700060896,-4.872746467590332,-8.836219523404095,-5.059516906738281
鉄道運転従事者,37130,35570,1560,-8.794381236302033,-7.464306354522705,-8.738522687473813,-7.493253231048584,-9.140785009806393,-7.582963943481445,-9.072030528171643,-7.704506397247314,-8.930086700060896,-4.872746467590332,-8.836219523404095,-5.059516906738281
自動車運転従事者,1445820,1387800,58020,-11.44204721742004,-5.910810947418213,-11.732253135861578,-5.926280498504639,-12.25017151577782,-6.434822082519531,-12.355957524196521,-6.815814018249512,-9.234552397982764,-6.757610321044922,-9.46997152792441,-7.968141555786133
自動車運転従事者,1445820,1387800,58020,-11.44204721742004,-5.910810947418213,-11.732253135861578,-5.926280498504639,-12.25017151577782,-6.434822082519531,-12.355957524196521,-6.815814018249512,-9.234552397982764,-6.757610321044922,-9.46997152792441,-7.968141555786133
船舶・航空機運転従事者,27900,27440,470,-1.4237846663889995,-1.087955117225647,-1.4558019259491481,-1.061141014099121,-1.4483759375928922,-1.0541731119155884,-1.4788785584875055,-1.0388009548187256,-1.9189365865620038,-1.3386380672454834,-1.9335269331932068,-1.4994127750396729
船長・航海士・運航士（漁労船を除く），水先人,14390,14140,250,-13.308490367336127,-12.417898178100586,-13.088992649638975,-1.0116139650344849,-13.368656413245747,-12.538925170898438,-13.185313022619969,-0.9794230461120604,-14.887198965058072,-13.10561180114746,-14.86630644669404,-13.167490005493164
船舶機関長・機関士（漁労船を除く）,6470,6430,30,-8.46768583050211,-4.60597038269043,-8.339373459687105,-4.3438897132873535,-8.26304641024757,-4.4913835525512695,-8.08120174987896,-4.153266906738281,-4.330893876443382,-0.8469733595848083,-4.326980545714095,-3.569373607635498
航空機操縦士,7040,6860,180,-14.737346197812611,-9.793188095092772,-14.697091109043843,-12.57518196105957,-15.006920108358369,-9.56636905670166,-15.023983375446216,-12.65019702911377,-11.252958967485501,-9.868005752563477,-11.259500761289853,-7.703112602233887
車掌,23060,17360,5710,-93.8064951641869,-8.094050407409668,-87.74832818314836,-8.027578353881836,-93.17136070746501,-8.323034286499023,-85.87452193853018,-8.221254348754883,-8.263087061525301,-7.452020645141602,-8.23849356174469,-7.693169116973877
甲板員，船舶技士・機関員,14360,14100,260,-4.8802675946068215,-4.208298206329346,-4.881462342030293,-4.252226829528809,-4.795709722824679,-4.150912761688232,-4.7986604490795655,-2.9510231018066406,-4.330893876443382,-0.8469733595848083,-4.328757231299941,-3.569373607635498
他に分類されない輸送従事者,100700,95620,5090,-15.503595006374912,-3.468129873275757,-15.261474425728256,-3.3395533561706543,-14.624915079306101,-2.9381778240203857,-15.062230235821492,-3.0517194271087646,-6.684632021052237,-6.431620597839356,-6.657533681070483,-6.41351318359375
定置・建設機械運転従事者,334350,329240,5120,-5.668551787165285,-2.5501480102539062,-5.72296304799415,-2.715121030807495,-4.961914339138351,-2.157423973083496,-5.1507070290075765,-2.380749225616455,-6.728227120319396,-6.082101821899414,-6.704549895750509,-2.664127826690674
発電員，変電員,34390,34010,380,-12.385249654755338,-8.886578559875488,-12.478292825254234,-1.9081648588180544,-11.19897927582719,-8.957499504089355,-11.197413079641962,-1.8591903448104856,-14.602099680718576,-14.184828758239746,-14.719025547439987,-14.301230430603027
ボイラー・オペレーター,7550,7540,10,-5.327966741023173,-4.092129230499268,-5.352600957896258,-3.86372447013855,-5.929008261848042,-4.223199844360352,-5.578558148564519,-3.988039970397949,-4.396892361968528,-4.082895755767822,-4.3582118040806535,-4.024035453796387
クレーン・ウインチ運転従事者,48070,47590,480,-5.924401468903054,-4.813259124755859,-5.8992996473570125,-4.935176372528076,-5.945092146633235,-4.935647010803223,-5.904628560349748,-4.956262588500977,-5.967995498016591,-5.638663768768311,-5.965921276324504,-4.998650074005127
建設・さく井機械運転従事者,86830,86150,690,-5.680441000989375,-3.521567821502685,-5.681972481109001,-4.790029525756836,-5.32324708873079,-3.330681562423706,-5.340857782879391,-3.6917104721069336,-5.414564252809714,-3.8803343772888175,-5.384229585931108,-4.895547866821289
建設・採掘従事者,2447480,2384560,62920,-5.69791600904392,-3.521567821502685,-5.730922128703143,-4.790029525756836,-5.327416137884591,-3.330681562423706,-5.367769621513985,-3.6917104721069336,-5.394782403043208,-2.336475133895874,-5.365199878409102,-2.570842742919922
建設・土木作業従事者,1940120,1888080,52030,-5.200649197319992,-0.5318539142608643,-4.840924650430679,-0.4973731637001037,-1.4379619441869604,-0.379618227481842,-1.670454720991689,-0.3159116506576538,-4.863355584271991,-0.5990803837776184,-4.681219390517956,-0.6386861801147461
型枠大工,40840,40240,600,-6.407238330549866,-5.613906383514404,-6.437050938606262,-5.5870747566223145,-7.027249605601071,-6.029131889343262,-7.045363474536586,-6.123009204864502,-6.66050317633243,-5.991005897521973,-6.668884435215512,-5.995015621185303
とび職,111940,110310,1630,-8.311186040630778,-2.5448765754699707,-8.788175840635557,-2.7330360412597656,-5.465219160982671,-2.6741299629211426,-5.0827604129507735,-2.7837135791778564,-14.017340878493913,-10.804059028625488,-13.879627182676986,-10.475815773010254
鉄筋作業従事者,28990,28540,450,-6.9043643601978095,-4.421972274780273,-6.060741936838305,-4.587809085845947,-7.463785342587769,-4.501151084899902,-6.257424270784533,-4.647629737854004,-6.073609854428823,-4.795716762542725,-5.571947874249639,-4.756745338439941
大工,297900,293360,4540,-7.209239253561005,-5.787062168121338,-7.210484710899559,-6.2284040451049805,-6.917697724495225,-5.7563066482543945,-6.9363138965658235,-5.846892356872559,-8.11880350112915,-7.484137535095215,-8.20483016323399,-7.619770050048828
ブロック積・タイル張従事者,24510,23950,560,-7.230122689982407,-6.331036567687988,-7.608327897819313,-6.123547554016113,-7.2773741365389055,-6.356015205383301,-7.754992865227364,-6.2084784507751465,-13.27142198577182,-12.699111938476562,-13.312628533389118,-12.4520845413208
屋根ふき従事者,17010,16540,480,-16.122688934093212,-15.114031791687012,-16.197075805148565,-15.179543495178224,-16.61535865841931,-15.441058158874512,-16.66008118036631,-15.547300338745115,-16.520829076985365,-15.491454124450684,-16.580803065686613,-15.104740142822266
左官,59890,58610,1280,-15.499960906632984,-14.523425102233888,-15.643799627149427,-11.674732208251951,-15.572169216534563,-14.674986839294434,-15.695678678718773,-11.968361854553224,-14.765628727337786,-13.875728607177734,-14.829390880223867,-14.214990615844728
畳職,9130,8440,690,-95.17493601791732,-5.670426845550537,-90.8996386785765,-5.913205146789551,-95.18344233782237,-5.7541184425354,-89.1327863448375,-5.946721076965332,-7.125687697461543,-5.0432963371276855,-7.028190071518357,-6.149101257324219
配管従事者,220720,217240,3480,-7.774108246082568,-4.393974304199219,-7.821988998232661,-5.936509132385254,-8.204582450954058,-4.462372779846191,-8.274562639159125,-4.650566577911377,-9.289308042016648,-4.770651340484619,-9.275436095289281,-4.604564189910889
土木従事者,456900,447610,9290,-12.615649483586086,-2.834315299987793,-12.96983870622274,-2.5730319023132324,-13.076461833851939,-2.310237407684326,-13.255915664337778,-2.7063241004943848,-13.90644806577959,-13.517303466796877,-13.964605614945695,-13.593138694763184
鉄道線路工事従事者,24750,24750,-,-9.495367403248794,-4.421972274780273,-10.309971078022107,-4.603875160217285,-9.005921473029916,-4.501151084899902,-8.722739445196616,-4.647629737854004,-7.019850013820269,-6.61514949798584,-6.982163960869248,-6.388418197631836
電気工事従事者,505940,495130,10810,-10.39326092669072,-9.229286193847656,-10.522229091541186,-2.567889213562012,-10.444718455540315,-9.29782485961914,-10.713441539455104,-9.467975616455078,-4.489707691068868,-1.9234079122543333,-4.350637938525225,-1.8886557817459104
電線架線・敷設従事者,47430,46890,540,-13.052767302243764,-4.041766166687012,-12.919040573609841,-6.886962890625,-13.173098775266691,-4.046183109283447,-12.929044604301453,-4.095032215118408,-7.108268279155702,-4.017887592315674,-7.266301851014833,-6.696511268615723
電気通信設備工事従事者,79000,76370,2630,-12.969381368797244,-5.670112609863281,-12.962018821690533,-5.798974514007568,-13.598131361808486,-12.954739570617676,-13.441639487807816,-6.061331272125244,-7.4437519748702305,-1.9234079122543333,-7.734275812232816,-1.8886557817459104
採掘従事者,1420,1350,70,-7.221201973107025,-6.846161842346191,-7.301346914188282,-6.713779449462891,-7.329060427105154,-6.895431995391846,-7.415577401985994,-6.788619041442871,-6.973383949003146,-2.336475133895874,-7.036709827345771,-2.570842742919922
砂利・砂・粘土採取従事者,200,200,-,-13.693922548803664,-7.8442840576171875,-13.412799719217661,-7.764945030212402,-13.521021020321445,-7.138626575469971,-13.44948337851344,-6.573436737060547,-5.971541990760628,-5.169461727142334,-5.971968808689633,-5.207947254180908
運搬・清掃・包装等従事者,4198670,2225500,1973170,-9.03878200509166,-1.5479044914245603,-8.882908174315014,-1.5288132429122925,-9.465163419264874,-1.4308313131332395,-9.17241771398364,-1.4835695028305054,-6.369604380076169,-5.19977617263794,-6.326840560178499,-2.4910242557525635
運搬従事者,1624920,1123160,501750,-56.302070817874586,-2.0237274169921875,-68.62164334026542,-5.585538387298584,-69.80739402043001,-1.8707985877990725,-65.57090022112872,-5.875313758850098,-6.887636592369954,-6.002316951751709,-6.87043770261713,-5.767980575561523
郵便・電報外務員,110450,99510,10940,-15.37037418634837,-3.237072467803955,-14.801372697224489,-3.2669310569763184,-15.753356231077937,-3.162970542907715,-15.139316318808374,-3.4047634601593018,-3.5399999054333637,-3.0593483448028564,-3.7081420727678247,-3.1410646438598637
船内・沿岸荷役従事者,14220,13970,250,-8.046918131922947,-3.803835391998291,-7.8402508046175985,-3.6776890754699703,-7.788043417093408,-3.9365932941436768,-7.778165467687555,-3.873412132263184,-4.461637338609186,-3.694913387298584,-4.458813498149047,-3.9822685718536377
陸上荷役・運搬従事者,245100,181770,63330,-8.115945783280234,-2.0237274169921875,-8.11898805644061,-5.585538387298584,-8.071951109034414,-1.8707985877990725,-8.004791823593346,-5.875313758850098,-6.887636592369954,-6.002316951751709,-6.87043770261713,-5.767980575561523
倉庫作業従事者,273930,186320,87600,-6.308223480486688,-5.828224182128906,-6.2595940280605005,-5.781304359436035,-6.733362055916823,-6.207666397094727,-6.671542438300881,-6.22468376159668,-7.137389987479639,-2.562150239944458,-7.0369682167027445,-2.5675880908966064
配達員,696180,518540,177630,-7.20145593890707,-3.35185980796814,-7.0501735967558785,-3.419875383377075,-6.42825722512398,-3.407416820526123,-5.305108107425071,-3.425309658050537,-6.762992347469766,-3.06867790222168,-7.006201700584309,-3.0397040843963623
荷造従事者,285050,123040,162010,-86.79983932553357,-8.013731002807617,-84.58987628447044,-8.168004035949707,-88.13202756051798,-8.004661560058594,-85.16157444103344,-8.12128734588623,-8.457991206918964,-7.846350193023682,-8.407711280358804,-7.941941261291504
清掃従事者,1149320,495250,654060,-9.701658853137767,-9.031314849853516,-9.715223151284295,-9.35056972503662,-9.805169425847875,-9.066069602966309,-9.830973457645726,-9.21074104309082,-9.643623832527918,-9.212008476257324,-9.599385383966807,-9.255146980285645
ビル・建物清掃員,910680,294910,615770,-4.4463304108335775,-3.071078062057495,-4.70488360765818,-3.127833366394043,-3.8417919865091337,-3.059300422668457,-3.764948519500526,-3.0834851264953613,-5.112222662408843,-3.3484103679656982,-5.169493393318073,-3.3813791275024414
廃棄物処理従事者,119970,113400,6570,-6.115976544736906,-3.338185787200928,-6.035881234181894,-3.335465908050537,-6.455923144143957,-3.3566482067108154,-6.319706729940466,-3.4590694904327397,-3.43322169143735,-2.7883872985839844,-3.502920037991292,-2.5948596000671387
ハウスクリーニング職,27760,17110,10650,-16.457683807110968,-4.433327674865723,-15.932202745128322,-6.136167049407959,-16.149415536691215,-6.208905220031738,-16.00180066276241,-5.97044563293457,-9.33660617857489,-6.272609710693359,-9.514249305467349,-6.389777183532715
包装従事者,274230,85740,188490,-14.695755754718343,-13.754467010498049,-14.701443704398903,-13.90511989593506,-14.931031751268693,-13.809136390686035,-14.904594286068066,-13.939366340637209,-14.82608224417417,-14.453182220458984,-14.840315754349167,-14.324189186096191
包装従事者,274230,85740,188490,-14.695755754718343,-13.754467010498049,-14.701443704398903,-13.90511989593506,-14.931031751268693,-13.809136390686035,-14.904594286068066,-13.939366340637209,-14.82608224417417,-14.453182220458984,-14.840315754349167,-14.324189186096191
