職業,総数,男,女,mean-men-rinn2_job_is,max-men-rinn2_job_is,mean-wom-rinn2_job_is,max-wom-rinn2_job_is,mean-men-rinn2_job_type,max-men-rinn2_job_type,mean-wom-rinn2_job_type,max-wom-rinn2_job_type,mean-men-rinn2_job?,max-men-rinn2_job?,mean-wom-rinn2_job?,max-wom-rinn2_job?
総数,57673630,31525680,26147950,-8.966958206118518,-6.853119850158691,-9.123744120468965,-6.574614524841309,-8.54227681196373,-6.239358425140381,-8.603493439184653,-5.80875301361084,-8.52497589315167,-7.81141471862793,-8.680366664319425,-7.522819519042969
管理的職業従事者,1196900,1010680,186220,-8.410442952891342,-6.808811187744141,-8.542374916978785,-6.892110347747803,-6.27032500732946,-3.99919867515564,-6.8724156553680835,-4.750548362731934,-7.098532101580205,-5.872077941894531,-7.3152150527851,-5.390769958496094
管理的公務員,51870,44650,7220,-8.300954421967951,-6.229377746582031,-8.029518961906433,-5.602206707000732,-7.137207857525076,-5.368308067321777,-7.657058474179861,-5.526834964752197,-7.09390343600557,-5.751105785369873,-7.165318846702576,-5.449900627136231
管理的公務員,51870,44650,7220,-8.300954421967951,-6.229377746582031,-8.029518961906433,-5.602206707000732,-7.137207857525076,-5.368308067321777,-7.657058474179861,-5.526834964752197,-7.09390343600557,-5.751105785369873,-7.165318846702576,-5.449900627136231
法人・団体役員,968990,811530,157460,-6.428987674130738,-5.254812240600586,-6.151859811834387,-4.575553894042969,-6.779483573127339,-5.263783931732178,-6.267144042092401,-5.185741424560547,-6.684082751965705,-5.656826496124268,-6.536344512088879,-5.512020111083984
会社役員,913490,767880,145620,-11.343967903661364,-9.326278686523438,-11.208533480360702,-9.428329467773438,-11.141617097927414,-8.636516571044922,-11.227559811360127,-9.465822219848633,-10.055499091403174,-8.829853057861328,-10.108062267303467,-8.768823623657227
法人・団体管理的職業従事者,120420,112010,8400,-6.411268958608613,-5.012626647949219,-6.174682121019106,-4.575553894042969,-6.781704585970813,-5.263783931732178,-6.267144042092401,-5.185741424560547,-6.684082751965705,-5.656826496124268,-6.536344512088879,-5.512020111083984
他に分類されない管理的職業従事者,55620,42480,13140,-6.244330548148119,-5.388442993164063,-6.304440910751755,-4.887190818786621,-5.792858942774416,-4.949985504150391,-5.917472204646549,-4.278461456298828,-6.233624298153943,-4.559902191162109,-6.247779649657172,-3.1860387325286865
専門的・技術的職業従事者,10270980,5231410,5039570,-7.455447801196848,-5.695213317871094,-7.730850789998029,-5.664766311645508,-6.766796130260438,-4.718278884887695,-6.9783178342355265,-5.203826904296875,-6.575431383293093,-6.164775848388672,-6.757834863018346,-6.149948120117188
研究者,103910,79640,24280,-11.916903641387707,-9.77521514892578,-12.156428118009824,-10.78130054473877,-11.932715830912116,-9.378576278686523,-12.044830844209,-9.706958770751951,-11.440357499450217,-10.633960723876951,-11.50064349818874,-9.78591537475586
自然科学系研究者,98020,75420,22590,-17.050196108927253,-15.078601837158203,-17.24448600975243,-14.721019744873049,-16.016329350362298,-14.496773719787598,-16.840211320567775,-14.435378074645996,-16.94503447845692,-16.049068450927734,-16.9007873212969,-14.87600326538086
人文・社会科学系等研究者,5900,4220,1680,-9.792203189762494,-5.651268005371094,-10.129471186045054,-5.651268005371094,-9.545304407600229,-6.148548126220703,-9.828346542409948,-6.193429946899414,-8.871867529308522,-6.902179718017578,-9.039136474196976,-6.6344990730285645
技術者,2693290,2356170,337120,-10.383055876229555,-8.321592330932617,-10.798797130584717,-8.833239555358887,-10.065331684724065,-7.9077606201171875,-10.206943685944015,-8.086170196533203,-9.836186867633849,-9.105783462524414,-10.089196649757591,-8.602270126342773
農林水産・食品技術者,51140,39410,11720,-10.600182351265245,-8.553751945495605,-10.149438903138444,-8.137606620788574,-10.550676447744587,-8.37778091430664,-10.22066607346406,-7.884876251220703,-9.57059146793744,-8.879703521728516,-9.49573141819722,-8.715907096862793
電気・電子・電気通信技術者（通信ネットワーク技術者を除く）,305190,288400,16800,-7.18651498911035,-6.227450847625732,-7.16967168691996,-6.036155700683594,-7.004344357789018,-3.649377822875977,-6.999926973033595,-6.343936920166016,-7.279434033022582,-6.317684173583984,-7.476720452308655,-5.9225616455078125
機械技術者,242820,228640,14180,-12.937526651921162,-10.998870849609377,-12.831731338758726,-10.533564567565918,-13.400761698948518,-10.650562286376951,-13.439996925560203,-11.501585006713867,-13.563600183443258,-12.128738403320312,-13.551776415592915,-12.675872802734377
輸送用機器技術者,137470,130040,7430,-99.29369389919835,-7.47390079498291,-100.0,-100.0,-99.29764296990315,-7.991229057312012,-100.0,-100.0,-100.0,-100.0,-100.0,-100.0
金属技術者,25660,24240,1430,-13.403491187641638,-11.067312240600586,-13.176716295448509,-11.331439971923828,-12.95033098905141,-9.887819290161133,-13.200263377782461,-10.871780395507812,-12.8055600974396,-11.49506378173828,-13.118383420480264,-12.112777709960938
化学技術者,91350,73630,17730,-11.640753105396533,-9.98427677154541,-11.052707285494417,-8.154974937438965,-11.674270178525502,-8.342436790466309,-11.360001976425583,-9.051383972167969,-11.395508110978222,-10.479181289672852,-11.448495040068755,-10.374274253845217
建築技術者,242580,211400,31180,-11.53800606909599,-8.88665771484375,-11.564814999296859,-9.429729461669922,-11.040871536458722,-6.996238231658936,-11.39856817915633,-8.805383682250977,-11.089870984317692,-10.432133674621582,-11.236527662019473,-10.477919578552246
土木・測量技術者,263870,249320,14550,-6.993766777388013,-4.731672286987305,-6.812452032759383,-5.524190902709961,-6.651742294544482,-4.224462509155273,-6.595232599490398,-5.251806259155273,-6.481946260874508,-5.693360805511475,-6.441095690469484,-5.335956573486328
システムコンサルタント・設計者,656770,555360,101410,-8.418640748235106,-6.349423885345459,-8.750940222997922,-6.862224102020264,-8.31730350101267,-5.950313091278076,-8.987743535557309,-6.428534507751465,-8.822020960218124,-6.766410827636719,-8.970369622514054,-8.035114288330078
ソフトウェア作成者,389760,317450,72310,-9.309273807147077,-6.094521999359131,-8.525846587645042,-5.597546100616455,-8.547195252571397,-6.417868614196777,-9.139516933544263,-6.803405284881592,-9.058922381801459,-7.175934791564941,-8.927033875439617,-6.638904571533203
保健医療従事者,3073950,897180,2176770,-6.1672337109805975,-4.587901592254639,-6.051936984062195,-4.277502059936523,-6.367910374211901,-4.504241466522217,-5.753017921705504,-3.793580532073975,-6.038896109311636,-5.253200531005859,-5.66253272907154,-4.342144012451172
医師,303660,229560,74100,-10.012506801663465,-4.374954700469971,-9.99970218941972,-8.447237968444824,-9.854267695477901,-8.050275802612305,-10.162495484223237,-7.357677459716797,-9.48174913420932,-8.118643760681152,-9.81989489374934,-7.714443206787109
歯科医師,98340,72050,26300,-10.569664984258987,-6.0851898193359375,-10.410523240630692,-8.472976684570312,-9.837073307910948,-7.08162784576416,-10.09951058271769,-7.452901363372803,-8.735298775534593,-7.771400451660156,-9.046277052647358,-7.505254745483398
獣医師,24680,16690,8000,-10.539883311468227,-7.191251277923584,-10.257189280277974,-8.393865585327148,-10.225935244378244,-6.420356750488281,-10.533701155636761,-7.496404647827148,-9.514528456535048,-8.175289154052734,-9.743517991658804,-8.620386123657227
薬剤師,243650,86110,157540,-9.81647631230245,-8.167350769042969,-9.762402515153628,-7.96771764755249,-9.79925893827249,-7.635664939880371,-9.818267435640902,-6.318374633789063,-8.157845992168397,-7.36052131652832,-8.34430603401081,-6.3714141845703125
保健師,49110,1570,47550,-8.509837885849349,-6.316891670227051,-8.382335785272959,-6.11752986907959,-7.390483674202256,-4.349613189697266,-7.59750430326204,-5.88474178314209,-7.76171743960781,-6.983207702636719,-7.8888228261792985,-6.86207389831543
助産師,27550,-,27550,-10.095958553197729,-5.249956130981445,-9.990777695501173,-4.821470260620117,-9.065941759648213,-5.284745693206787,-9.68133154430905,-3.2465662956237797,-10.055694980475739,-7.528294563293457,-10.085723606315819,-5.757149696350098
看護師（准看護師を含む）,1385950,106810,1279140,-1.3238393416386525,-0.0454996451735496,-1.9773264905387484,-0.0670048370957374,-8.497062674915517,-0.0681157112121582,-5.8771274083772225,-0.0536451190710067,-7.507508749270257,-0.073062852025032,-4.431319637022711,-0.0596893578767776
診療放射線技師,57490,42130,15360,-13.691902844960453,-8.639354705810547,-13.196811270069432,-6.110931396484375,-12.191199419152646,-7.932579040527344,-12.959238232793036,-8.718648910522461,-13.190708415198872,-9.34728717803955,-13.214659226907266,-10.12077522277832
臨床検査技師,82720,22180,60530,-13.411495601857892,-8.723912239074707,-13.094109944395116,-4.274425983428955,-12.315004887471673,-6.842480659484863,-12.862515103172612,-3.1316473484039307,-12.37779366151067,-9.234048843383787,-12.526589586928084,-8.434089660644531
理学療法士，作業療法士,202540,107160,95390,-10.496781913378767,-3.9604568481445312,-9.908904331761438,-3.727285623550415,-9.17519323698437,-6.074687957763672,-9.898752874619252,-3.4804670810699463,-9.559005722744775,-7.287403106689453,-9.467170528463415,-7.693775177001953
視能訓練士，言語聴覚士,26930,5570,21360,-12.728713923738203,-5.452641487121582,-12.982936910680822,-5.976531505584717,-10.6402043568269,-4.56561279296875,-11.615934207632735,-4.743327617645264,-11.759905185408265,-6.336284637451172,-11.985218975995037,-9.41084098815918
歯科衛生士,128740,230,128510,-10.85271152831216,-3.4556093215942383,-9.652108833596513,-3.156599760055542,-9.884233303652465,-6.576453685760498,-10.192203715040877,-2.6712865829467773,-11.08813412134884,-7.3286285400390625,-11.200299743059519,-7.143133163452148
歯科技工士,39320,31990,7330,-60.21841459419891,-6.9424920082092285,-50.39482428254308,-6.957681655883789,-69.48536016012876,-7.586620330810547,-64.56054696843431,-7.349089622497559,-97.24776947953319,-7.583732604980469,-98.77472092976441,-7.648714542388916
栄養士,121310,5540,115770,-10.995628921130232,-7.828299999237059,-10.656842135094308,-8.537059783935547,-10.272672751477657,-7.047370433807373,-10.640619174854175,-7.934844017028809,-10.076246407195812,-8.144041061401367,-10.15145587276768,-8.470993041992188
あん摩マッサージ指圧師，はり師，きゅう師，柔道整復師,118210,85200,33010,-5.1918584681649245,-2.5972461700439453,-4.916450026872996,-2.8465442657470703,-5.27862133870598,-1.7192494869232178,-4.945259606516039,-1.98288893699646,-3.7485785643563014,-0.9641042351722716,-3.9870742188917623,-1.0111007690429688
社会福祉専門職業従事者,1166790,197650,969140,-7.470425594853991,-6.019710063934326,-7.626208292471396,-5.783126831054688,-8.199638741616985,-6.264640331268311,-7.904997825622559,-5.6912946701049805,-7.738139789523059,-6.995177745819092,-7.652824137661908,-6.725273132324219
保育士,634080,19930,614150,-9.839966391789094,-6.604426860809326,-9.759894100395409,-7.156076431274414,-9.016135310398713,-6.123954772949219,-9.641742516208339,-6.618234634399414,-8.527067472006529,-7.136693000793457,-8.70892494433635,-6.787921905517578
法務従事者,83750,67680,16070,-9.795321348059268,-6.215505599975586,-8.7000013589859,-6.67398738861084,-9.217829606005253,-7.023883819580078,-8.568362812738162,-4.464042663574219,-7.86638830272296,-6.957248687744141,-7.774340700458836,-5.544967651367188
裁判官，検察官，弁護士,33710,27510,6190,-8.216102931335682,-4.618468761444092,-8.227026108148936,-7.34134578704834,-8.668453693389893,-5.169519901275635,-8.657035463565105,-6.965614318847656,-7.381190645785732,-6.222749710083008,-7.728229474376988,-6.397541046142578
弁理士，司法書士,25560,20860,4710,-9.185937987029098,-5.765716552734375,-9.144191371428,-4.99017333984375,-8.562983318139578,-3.934802770614624,-9.117225009041864,-4.348472595214844,-9.28052585543567,-6.934534072875977,-9.195170019124005,-6.581989288330078
経営・金融・保険専門職業従事者,190400,154840,35560,-4.355862970570572,-2.869359970092773,-4.069065818915496,-2.6330714225769043,-5.184785513477471,-3.366637706756592,-5.293954082437463,-3.4533884525299072,-4.395378960907914,-3.484984397888184,-4.73616291542311,-3.4365079402923584
公認会計士,21850,17860,3990,-9.701860777294362,-7.326486110687256,-9.34859212346979,-4.269756317138672,-9.489677310899923,-3.7998650074005127,-9.259332708410314,-3.464601516723633,-9.140635774335788,-7.603017807006836,-9.079569777926883,-7.83535099029541
税理士,63850,53630,10220,-8.12171063896354,-5.21006965637207,-8.001687974543184,-5.250190734863281,-7.944255632298593,-5.280571937561035,-7.798509894190608,-3.74673080444336,-7.581389499984625,-5.809855937957764,-7.4717480975228385,-4.896304607391357
社会保険労務士,21780,14570,7210,-10.464741335570357,-7.8318328857421875,-11.148345296447342,-7.745908737182617,-9.514676898490382,-6.7862701416015625,-9.246888824411341,-6.585971832275391,-9.541119266102331,-6.910917282104492,-9.670186316644823,-6.656005859375
教員,1429280,683430,745850,-9.37002639552109,-7.789312839508057,-9.7276762691704,-8.20725154876709,-8.985063516456663,-7.2724928855896,-9.209155691636575,-7.517725944519043,-8.295519151760422,-7.610818862915039,-8.507270825875771,-7.021135330200195
幼稚園教員,143310,7680,135620,-13.32259317936788,-11.476221084594728,-13.011686486166877,-11.326318740844728,-13.306005703583928,-11.64118194580078,-12.933535543647972,-11.117420196533203,-12.436368629222608,-11.290725708007812,-12.339526389096234,-11.302669525146484
小学校教員,421160,156830,264330,-13.027157819908084,-11.099194526672363,-12.954031441662762,-11.222878456115724,-12.834904037359106,-11.236454010009766,-12.76954444679054,-10.104133605957031,-13.326738677862036,-12.26954174041748,-13.389722714553008,-12.26954174041748
中学校教員,231400,128460,102940,-11.602872782991133,-9.416138648986816,-11.612034958762091,-10.243223190307615,-11.3446526491005,-9.748695373535156,-11.459191135458044,-9.590007781982422,-11.97862909768374,-10.597929954528809,-12.154221045004356,-10.922805786132812
高等学校教員,257460,167310,90150,-11.929595685187186,-9.009872436523438,-11.905437559694857,-8.886591911315918,-11.303640977116942,-8.728412628173828,-11.285370014809274,-8.501445770263672,-11.225870110606419,-10.05191421508789,-11.527608220641678,-10.05191421508789
特別支援学校教員,78310,29600,48710,-15.316105762510809,-12.26250457763672,-15.031225094924102,-13.046934127807615,-14.312303069893641,-11.210582733154297,-14.324055897222983,-11.320246696472168,-14.619724098962681,-13.16474151611328,-14.70558550551131,-13.704275131225586
大学教員,179620,124700,54920,-9.804671025458182,-8.071627616882324,-9.595193901577511,-8.378066062927246,-9.752697900961374,-7.788522720336914,-9.581352775161331,-7.996302604675293,-9.10777103627911,-8.551132202148438,-9.331968552357441,-8.616737365722656
宗教家,100390,86070,14330,-11.271678946400417,-9.54699420928955,-11.469343829799342,-9.471311569213867,-10.416260202422396,-6.055798530578613,-10.916440042289528,-8.520308494567871,-10.046182712525813,-8.500907897949219,-10.04084442112897,-8.347583770751953
宗教家,100390,86070,14330,-11.271678946400417,-9.54699420928955,-11.469343829799342,-9.471311569213867,-10.416260202422396,-6.055798530578613,-10.916440042289528,-8.520308494567871,-10.046182712525813,-8.500907897949219,-10.04084442112897,-8.347583770751953
著述家，記者，編集者,114060,63390,50670,-7.791294072420542,-6.492401123046875,-8.04007290182887,-5.823160171508789,-7.213440680321846,-5.468521118164063,-7.697231192846556,-6.1434245109558105,-7.521755142066315,-6.889328002929688,-7.774867959924646,-6.68613338470459
著述家,30130,16060,14070,-13.058332224838606,-10.29116439819336,-13.447060520584518,-10.225509643554688,-11.792657586454435,-7.666809558868408,-12.63877346708968,-8.79788589477539,-12.395062046196625,-10.66802978515625,-12.50536096418226,-10.746734619140623
記者，編集者,83930,47330,36590,-7.791294072420542,-6.492401123046875,-8.04007290182887,-5.823160171508789,-7.213440680321846,-5.468521118164063,-7.697231192846556,-6.1434245109558105,-7.521755142066315,-6.889328002929688,-7.774867959924646,-6.68613338470459
美術家，デザイナー，写真家，映像撮影者,317590,165310,152280,-8.116145163091995,-5.574319839477539,-8.019193626738883,-6.352683544158936,-7.907493960766392,-3.876802682876587,-7.902352123647122,-6.423375606536865,-8.139654276025205,-7.065313816070557,-8.024057069340268,-7.023746490478516
彫刻家，画家，工芸美術家,47320,22120,25200,-9.135240867847704,-6.996303558349609,-9.110412636318722,-7.716031551361084,-9.092746290541788,-6.670819282531738,-9.358251626427109,-7.245052337646484,-8.956164858723415,-7.7262067794799805,-9.035128802866549,-7.6140594482421875
デザイナー,201100,96720,104390,-8.129966306322403,-5.574319839477539,-8.05951319191907,-6.352683544158936,-8.057410247453296,-6.07319974899292,-7.968029895344296,-6.423375606536865,-8.146583109411575,-7.562517166137695,-8.025308509130735,-7.023746490478516
写真家，映像撮影者,69170,46470,22690,-9.844308241633058,-8.115640640258789,-9.82516823588191,-7.690853118896484,-9.071690191749399,-7.121699333190918,-9.71914352597417,-7.525520324707031,-10.109384948060713,-7.065313816070557,-10.13797601171442,-7.662597179412842
音楽家，舞台芸術家,88250,54660,33580,-10.668384632081477,-8.119895935058594,-10.34004854189383,-7.331105709075928,-10.53005552655868,-8.528409957885742,-10.545123519124212,-8.46433162689209,-10.705467966676668,-9.700042724609377,-10.564626745275548,-8.502607345581055
音楽家,26080,16100,9980,-10.933343224853049,-9.54141616821289,-10.873035965739069,-8.66678524017334,-11.091541850839862,-8.528409957885742,-11.207423223031533,-8.650753021240234,-11.059925465183404,-9.79230499267578,-11.123172772897256,-8.502607345581055
舞踊家，俳優，演出家，演芸家,62160,38560,23600,-8.384062039033147,-5.586109161376953,-8.711908881728714,-6.950372695922852,-7.969337623537951,-3.6361451148986816,-8.857544177287334,-6.781223297119141,-7.416234274856917,-6.665035247802734,-7.882793007670222,-6.447638988494873
図書館司書，学芸員,31080,6220,24850,-13.202517735139104,-4.534492492675781,-12.630125416291726,-4.425151824951172,-11.789771411255115,-2.862699508666992,-12.387761563868136,-2.6300506591796875,-12.352374389881396,-8.150623321533203,-12.364978938489347,-9.495960235595703
個人教師（音楽）,70110,8860,61250,-10.415024007549723,-8.96432113647461,-10.67830304197363,-9.455204010009766,-9.06451972568308,-7.774749755859375,-9.495923628678193,-7.907604217529297,-10.324205820797054,-8.627711296081543,-10.472227070782635,-9.219135284423828
個人教師（舞踊，俳優，演出，演芸）,19810,4570,15240,-7.07238231906454,-3.6948606967926025,-7.0776993664535315,-3.451792001724243,-6.731446284374208,-3.6361451148986816,-6.902895779223056,-2.1853103637695312,-6.996784585122843,-5.322788238525391,-7.1306283892811955,-5.596226215362549
個人教師（スポーツ）,120470,55720,64740,-11.326807189533728,-9.398372650146484,-12.09144197927939,-10.49372100830078,-10.09752497782234,-8.876758575439453,-10.743852544475246,-9.28443431854248,-11.364659724344733,-8.581596374511719,-11.863524230750832,-10.474536895751951
個人教師（学習指導）,226070,118210,107860,-4.19877589567927,-2.8451919555664062,-4.367493001190391,-3.0742945671081543,-5.30609053509836,-1.933462381362915,-3.7482132960010217,-1.933462381362915,-4.17918399636072,-2.61111831665039,-4.301041250293319,-3.318855047225952
個人教師（他に分類されないもの）,102960,24210,78740,-11.883646775747984,-5.850259780883789,-12.465873853580371,-5.835475921630859,-10.012714127547868,-4.243791580200195,-10.346243462047061,-4.648271560668945,-11.501620318143422,-5.369630336761475,-11.583149781098237,-6.426114559173584
職業スポーツ従事者,11980,10940,1040,-12.420680970636033,-5.829376220703125,-13.08937084352648,-9.246227264404297,-11.617297172546387,-7.77150821685791,-12.136507279164082,-8.678576469421387,-11.29355828816654,-9.87785530090332,-11.55247628366625,-9.91781997680664
通信機器操作従事者,17770,14340,3430,-9.894458552353255,-8.598108291625977,-10.319094844766566,-8.553871154785156,-9.800784900898242,-7.602153301239014,-10.334069548426447,-8.326004028320312,-10.460972654910488,-9.538543701171877,-10.636668353467375,-9.093986511230469
他に分類されない専門的職業従事者,309100,182330,126770,-8.460336983658886,-7.394233703613281,-8.560013171788809,-7.111716747283936,-8.153830899537065,-7.204879760742188,-8.242092093905887,-6.7852935791015625,-8.368086960479504,-6.586284637451172,-8.41976217965822,-5.547325611114502
事務従事者,11756080,4600740,7155340,-7.667582439102289,-5.311898708343506,-7.111123893712018,-5.92235279083252,-7.521974414359522,-5.256400108337402,-7.144901249859784,-5.818530559539795,-6.576734073289478,-5.74102783203125,-6.467986164866267,-4.541015625
一般事務従事者,8096860,3101820,4995050,-9.526316872079864,-7.228662014007568,-9.946266251641351,-8.292020797729492,-8.630150285385946,-6.516622066497803,-9.360996545972052,-6.30474853515625,-10.95979303258066,-9.77195644378662,-10.981217654975685,-9.979127883911133
庶務・人事事務員,1057330,421240,636090,-7.809223746525422,-6.422545909881592,-7.658807838285291,-6.255124092102051,-7.34733271416817,-5.69833517074585,-7.578203858555974,-5.550094127655029,-6.935649849986302,-6.242217063903809,-6.932935708277935,-5.9332380294799805
受付・案内事務員,369800,47960,321840,-7.8373239822970096,-6.488353252410889,-7.778164518846048,-6.4274115562438965,-7.214038328360055,-5.885799407958984,-7.467093580477947,-6.225841045379639,-8.190574325678003,-7.287761688232422,-8.33609846475962,-7.070571899414063
電話応接事務員,292540,64130,228410,-12.551001825405441,-11.737188339233398,-12.663200784373927,-11.883506774902344,-13.11339764194634,-12.033132553100586,-13.241412684724137,-12.051916122436523,-12.482823502926426,-11.014739990234377,-12.303576823827383,-10.881056785583496
総合事務員,2639330,604330,2035000,-12.76057752944131,-9.618603706359863,-12.362238548897409,-10.44382381439209,-11.30016986468366,-8.905559539794922,-12.18994275943653,-9.128655433654783,-11.80286880667883,-10.830608367919922,-11.77071887737996,-10.95787525177002
会計事務従事者,1523600,375940,1147660,-10.235433745930212,-6.871467590332031,-10.85933376002956,-8.33263111114502,-8.888732921076185,-5.152374744415283,-10.0584787935824,-7.021708965301514,-9.321911913748005,-8.306730270385742,-9.629187873891881,-7.87396240234375
会計事務従事者,1523600,375940,1147660,-10.235433745930212,-6.871467590332031,-10.85933376002956,-8.33263111114502,-8.888732921076185,-5.152374744415283,-10.0584787935824,-7.021708965301514,-9.321911913748005,-8.306730270385742,-9.629187873891881,-7.87396240234375
生産関連事務従事者,584650,396420,188230,-11.94348602440521,-9.213760375976562,-12.186515833880451,-9.605472564697266,-11.195721022045339,-9.484983444213867,-12.074583543313516,-9.495142936706545,-10.620719516550311,-9.32231903076172,-11.038979079272297,-9.57059097290039
生産関連事務従事者,584650,396420,188230,-11.94348602440521,-9.213760375976562,-12.186515833880451,-9.605472564697266,-11.195721022045339,-9.484983444213867,-12.074583543313516,-9.495142936706545,-10.620719516550311,-9.32231903076172,-11.038979079272297,-9.57059097290039
営業・販売事務従事者,872440,417090,455350,-7.60207716017279,-5.794021129608154,-7.840069213429013,-5.805854797363281,-7.378937026016585,-5.082737445831299,-7.582402912346092,-6.146402359008789,-7.193634233401932,-6.743278503417969,-7.346516119467245,-6.560260772705078
営業・販売事務従事者,872440,417090,455350,-7.60207716017279,-5.794021129608154,-7.840069213429013,-5.805854797363281,-7.378937026016585,-5.082737445831299,-7.582402912346092,-6.146402359008789,-7.193634233401932,-6.743278503417969,-7.346516119467245,-6.560260772705078
外勤事務従事者,77390,27130,50260,-11.248671604476812,-8.478012084960938,-11.29379737699354,-9.018987655639648,-9.84284442435694,-7.576403141021728,-10.697400273503485,-8.197807312011719,-10.469168925103341,-9.193962097167969,-10.37837096807119,-8.858762741088867
集金人,18690,7060,11630,-9.46691683776506,-5.270622253417969,-9.679108039752856,-6.759908199310303,-8.86801107785174,-6.58162784576416,-9.653104447029733,-5.723632335662842,-10.754684233483468,-7.463054180145264,-10.752385107246605,-8.271315574645996
調査員,24460,10360,14090,-8.07830795622964,-3.062398672103882,-8.24417693228335,-4.141347885131836,-7.539805637971136,-3.105741500854492,-7.67513468781033,-3.928490161895752,-7.341323568620755,-6.065784454345703,-7.296024319287893,-5.781003952026367
運輸・郵便事務従事者,364410,221720,142700,-6.161090752550664,-3.9621410369873047,-5.942097435126433,-5.089271545410156,-6.450479660325378,-5.060287952423096,-6.135402151056238,-4.617740631103516,-6.762529526048034,-5.449567794799805,-6.668763463561599,-5.268598556518555
運輸事務員,217830,155350,62480,-14.774513244628906,-10.84969711303711,-14.809615341392723,-13.050941467285156,-13.296293426105994,-10.545944213867188,-14.808812830899212,-11.441200256347656,-14.134420256578286,-12.703651428222656,-14.586451420912871,-12.703651428222656
郵便事務員,146590,66370,80220,-15.09485860635306,-10.886919975280762,-15.08720252320573,-11.744596481323242,-14.030489797810562,-10.293041229248049,-15.6357900387532,-10.251571655273438,-15.628250347748967,-10.10757064819336,-15.74004112707602,-11.537017822265623
事務用機器操作員,236720,60630,176100,-7.569234615063849,-6.934436321258545,-7.256061109336647,-6.778936862945557,-7.519002779749513,-6.216186046600342,-7.347008060764622,-5.89786434173584,-8.090721647248014,-6.832207679748535,-7.704693404403892,-6.995193004608154
パーソナルコンピュータ操作員,58290,20620,37670,-15.536860458723462,-10.87482738494873,-16.250175824036468,-12.512859344482422,-13.635448892607943,-11.394336700439451,-15.488571282979605,-11.80087184906006,-16.469241913948352,-13.769760131835938,-16.65082490121996,-13.166038513183594
データ・エントリー装置操作員,155710,26050,129660,-8.329862954962344,-6.623821258544922,-8.436119298677188,-7.379547119140625,-8.22485959802875,-6.569669723510742,-8.351131587415129,-6.659660339355469,-7.6572917181116935,-7.158288955688477,-7.590821311280534,-7.04681396484375
販売従事者,6797870,3677260,3120600,-7.07147911304736,-5.6940226554870605,-7.177750639013342,-5.9262237548828125,-6.906036373313147,-4.7812981605529785,-6.790951783592637,-5.564773082733154,-7.230352321653876,-6.544230937957764,-7.141154708089055,-6.451560974121094
商品販売従事者,3704260,1304570,2399690,-8.66813525716767,-6.036427974700928,-8.771426929009927,-6.2386627197265625,-8.432499168483355,-5.797976016998291,-8.57080333297317,-6.043146133422852,-7.757690775485439,-6.063167572021484,-7.757195711135864,-6.87164306640625
小売店主・店長,303970,214400,89570,-10.278835078232161,-4.455526351928711,-9.82373971230275,-7.654817581176758,-10.123460005257876,-7.296717643737793,-10.06714709062834,-7.707513332366943,-10.089186333517992,-8.190314292907715,-10.029987670279837,-7.677169799804687
卸売店主・店長,42430,36810,5620,-10.275591792041109,-4.455526351928711,-9.82373971230275,-7.654817581176758,-9.878830654930523,-7.296717643737793,-10.026890693484125,-7.707513332366943,-10.08691277394768,-8.190314292907715,-10.014478928334004,-7.677169799804687
販売店員,3291060,1006170,2284900,-14.681876692153116,-9.9496488571167,-14.575207864916003,-10.225937843322754,-13.336535868753913,-9.231806755065918,-13.633246872876141,-10.259329795837402,-12.874809701934115,-10.964926719665527,-12.98130068263492,-11.119341850280762
商品訪問・移動販売従事者,23200,10540,12670,-8.76639568896694,-7.783836364746094,-8.504142519590017,-7.570563793182373,-8.653193670374746,-7.314988613128662,-8.445612601331762,-7.609286785125732,-8.325124070844577,-7.4152445793151855,-8.214361577420622,-7.604087352752685
再生資源回収・卸売従事者,14090,12840,1250,-6.975838304475974,-5.354107856750488,-7.2042878962851855,-5.2542500495910645,-7.116492129464186,-5.502996921539307,-7.157493523649268,-5.402838706970215,-7.169823843104239,-6.074676513671875,-7.03621798914832,-5.601438522338867
商品仕入外交員,29500,23830,5680,-10.853779741825948,-10.061633110046388,-10.849672639692152,-9.89670467376709,-10.806674025440945,-9.030619621276855,-10.620838622789126,-9.11455535888672,-10.765758106726727,-9.02935028076172,-10.827318713471696,-8.56597900390625
販売類似職業従事者,416210,229920,186290,-8.673096427480683,-5.5819854736328125,-8.650891861400089,-5.131908416748047,-8.539980495249042,-5.763560771942139,-8.769805669784546,-6.68426513671875,-6.717295380949064,-5.891124725341797,-7.047076512027431,-5.289493560791016
不動産仲介・売買人,99270,72480,26790,-7.003201036962844,-5.299532413482666,-6.911742806434631,-4.410470962524414,-6.357406099334018,-4.068641662597656,-6.884728331823607,-4.121654033660889,-6.925485443522912,-5.903544425964356,-6.92769582851513,-5.859423637390137
保険代理・仲立人（ブローカー）,25610,18090,7520,-8.187694389401502,-6.046555042266846,-7.921916613707671,-5.459761142730713,-7.802738040458155,-5.207733154296875,-7.374446440387416,-5.079442024230957,-8.762505483991317,-7.002126216888428,-8.821965356130857,-7.780099868774414
営業職業従事者,2677390,2142770,534630,-11.661258093273366,-8.905349731445312,-12.259198362762863,-9.847309112548828,-10.481155719465882,-7.0990519523620605,-11.068214822459865,-8.159584045410156,-10.83120285645696,-9.905635833740234,-11.095191330523104,-10.117515563964844
医薬品営業職業従事者,83260,72070,11180,-13.6943359375,-11.321178436279297,-13.197590602410806,-11.401329040527344,-12.522709271380009,-10.683528900146484,-12.963429670076113,-10.356135368347168,-11.626852778078035,-10.125656127929688,-11.936024272764051,-10.631149291992188
機械器具・通信・システム営業職業従事者,581280,527630,53640,-7.186505958324171,-4.183087348937988,-7.495223544739388,-5.3616790771484375,-6.473977969802973,-4.179912567138672,-7.101126780381074,-5.149879455566406,-7.5133141379319985,-6.533145904541016,-7.596668352951875,-5.55694580078125
金融・保険営業職業従事者,467050,224690,242360,-6.240689099289988,-4.919398784637451,-6.275072091334575,-5.196701049804688,-5.942188575977587,-4.28991174697876,-6.3099741903511255,-4.650459289550781,-5.448513897320696,-4.410415649414063,-5.853851830637133,-4.891987323760986
不動産営業職業従事者,138640,109080,29560,-13.851729065407323,-11.847241401672363,-13.9248748598872,-12.416884422302246,-13.295838093939627,-11.2616605758667,-13.923806261371922,-11.411113739013672,-12.808809345915117,-11.496681213378906,-13.051599644325876,-10.925628662109377
サービス職業従事者,6846830,2128320,4718510,-9.441924138833548,-7.590614318847656,-10.110444648845776,-7.957040786743164,-8.701468198354007,-5.910961151123047,-9.45817987661104,-6.145930767059326,-8.780974930479326,-7.017422199249268,-8.814314213958946,-7.876976013183594
家庭生活支援サービス職業従事者,20820,1160,19660,-10.697942529925863,-9.765579223632812,-10.532063799935418,-10.098986625671388,-11.133837233972914,-10.543914794921877,-11.099976481618109,-10.581026077270508,-11.353300196523884,-10.61432933807373,-11.232708756988114,-10.743850708007812
家政婦（夫），家事手伝い,7250,140,7120,-9.783327426619202,-1.3934037685394287,-9.770775894055495,-1.524228811264038,-8.669537431411161,-1.1048619747161863,-9.413910056288177,-1.195538878440857,-11.83850095472263,-8.113618850708008,-12.02383610364553,-7.640862464904785
介護サービス職業従事者,1634740,389720,1245020,-5.754987312637213,-4.328258514404297,-5.617389260111628,-3.9671239852905273,-5.801639192886935,-3.848602294921875,-5.846163609543362,-3.824061155319214,-5.125111969372698,-4.530250549316406,-5.072492132315764,-4.140419006347656
介護職員（医療・福祉施設等）,1358960,357800,1001160,-91.30362195459031,-1.9397450685501096,-88.23310654630532,-1.9888416528701784,-99.28544286917185,-6.393015861511231,-88.56218690807755,-1.937124252319336,-100.0,-100.0,-100.0,-100.0
訪問介護従事者,275770,31920,243860,-8.418962158319605,-6.328704833984375,-8.67277116388888,-6.506899833679199,-7.733420266449906,-6.026250839233398,-7.887948274612427,-6.087670803070068,-8.567043118804465,-5.87825870513916,-8.62336372684788,-6.493289947509766
保健医療サービス職業従事者,305500,18150,287350,-89.5768855218669,-8.619415283203125,-88.2728711076685,-8.153952598571777,-100.0,-100.0,-95.67302073659124,-8.250465393066406,-100.0,-100.0,-99.38327742911675,-8.725059509277344
看護助手,138040,10400,127640,-13.24182941349408,-10.195303916931152,-11.641153909064627,-4.4199419021606445,-12.443209305974364,-5.926743507385254,-10.80918883310782,-3.907754898071289,-12.076870779954751,-10.733043670654297,-12.07140776917741,-10.609733581542969
生活衛生サービス職業従事者,750420,227520,522900,-85.70221218080012,-10.358656883239746,-89.10338564176817,-9.859244346618652,-99.31987448685042,-10.903557777404783,-95.17572402309727,-10.51878261566162,-100.0,-100.0,-99.39371270746798,-10.26948070526123
理容師,140770,82700,58080,-10.451118340019052,-3.981727361679077,-9.651549484278705,-3.729406356811523,-9.556690798460982,-5.800686359405518,-10.03512931836618,-3.5327959060668945,-11.102387399163865,-9.06932258605957,-11.06292653244895,-3.783018350601196
美容師,351060,88440,262630,-8.477456475032195,-4.805670738220215,-6.850111996805346,-3.4625015258789062,-8.319512571087321,-5.367056846618652,-7.876233796815614,-3.720090866088867,-8.449213122593537,-7.4607977867126465,-8.30678785491634,-7.209619522094727
美容サービス従事者（美容師を除く）,119220,5310,113910,-7.8744940757751465,-4.805670738220215,-6.619726525770651,-3.955893039703369,-8.781458672676377,-6.053901672363281,-7.992262782277288,-4.778444766998291,-8.95341596530594,-8.191034317016602,-8.637153528832101,-7.276180267333984
浴場従事者,34540,12610,21930,-8.60680520443516,-6.69543981552124,-8.679568448582211,-7.443042755126953,-8.051873534690333,-6.354988098144531,-8.029371161718625,-6.540464401245117,-8.663326074148863,-7.808797836303711,-8.696522335748416,-7.624141693115234
クリーニング職，洗張職,104820,38460,66360,-11.662455617016509,-9.161937713623049,-11.356900756423538,-8.492538452148438,-12.850572680699006,-9.358689308166504,-12.933900175867853,-9.771247863769531,-11.662856888225061,-9.43215560913086,-11.639997243881226,-8.172157287597656
飲食物調理従事者,1829800,708530,1121260,-11.602515919517925,-8.099777221679688,-12.372917813223761,-9.42282485961914,-10.40646477328002,-8.09664535522461,-11.479881673245817,-7.669929504394531,-10.789718030973246,-9.197555541992188,-11.425956010818481,-9.214237213134766
調理人,1822470,702590,1119870,-11.463354121637709,-7.732991695404053,-11.433040676890192,-8.993633270263672,-10.170630480496937,-5.320723056793213,-11.105897839004928,-7.452911853790283,-11.483585095587577,-9.028453826904297,-11.434002309232145,-10.159542083740234
バーテンダー,7330,5940,1390,-8.79352374477241,-5.01639461517334,-8.727258401948053,-6.309197425842285,-8.655900933360325,-5.183614730834961,-8.98953530272922,-6.424994468688965,-8.254004183616347,-6.537792205810547,-8.246834113791182,-7.08888053894043
接客・給仕職業従事者,1452570,453280,999290,-8.132347794889494,-6.843919277191162,-8.075014726535693,-6.808117866516113,-7.028588797299917,-4.685569763183594,-7.469810711370932,-4.975521087646484,-7.627388280766611,-7.182358741760254,-7.695182429777609,-6.1824493408203125
飲食店主・店長,114270,54020,60250,-10.278835078232161,-4.455526351928711,-9.823625496915868,-7.654817581176758,-10.090462196874254,-7.296717643737793,-10.044337546503222,-7.707513332366943,-10.089186333517992,-8.190314292907715,-10.029987670279837,-7.677169799804687
旅館主・支配人,24510,17060,7450,-9.175730679781383,-5.739316463470459,-9.332686891426912,-6.02048397064209,-8.341667834129042,-5.722522735595703,-9.001209297695675,-6.209875106811523,-8.871443242517136,-7.838506698608398,-9.09530613873456,-7.786140441894531
飲食物給仕・身の回り世話従事者,887020,199290,687730,-13.408649408180295,-8.658190727233887,-13.97583447275935,-8.950430870056152,-13.398507147344924,-9.64189338684082,-13.605466075845667,-9.263375282287598,-14.110291764936374,-12.29499053955078,-14.462778136536881,-12.95527172088623
接客社交従事者,18460,2370,16090,-7.108130225698456,-5.501008987426758,-7.679901622437142,-5.501008987426758,-5.866386400834295,-3.7258477210998535,-6.632100907531944,-4.806930541992188,-6.120072466726522,-5.353694915771484,-6.3282980951103,-5.565361022949219
娯楽場等接客員,408310,180540,227770,-6.552491941524826,-5.940349578857422,-6.661875196405359,-6.014938354492188,-5.62805560526957,-4.885540008544922,-5.828446942406732,-5.008509635925293,-7.948404035495438,-6.5400390625,-8.219014622069693,-6.69249963760376
居住施設・ビル等管理人,239760,179250,60510,-10.233404072186419,-7.601592063903809,-10.392839119241044,-7.225368499755859,-9.733909250215719,-8.318534851074219,-10.199776826678095,-7.85515832901001,-10.187242820972704,-9.406438827514648,-10.370453203046644,-9.301376342773438
マンション・アパート・下宿・寄宿舎・寮管理人,146920,101240,45680,-6.848997458246828,-5.10020637512207,-6.875883837003966,-5.214988708496094,-6.892747118272855,-5.262187480926514,-6.848925777383752,-5.06724214553833,-6.92742163170385,-5.517332077026367,-6.841829251598668,-5.710530757904053
ビル管理人,42610,34440,8170,-9.192484291455218,-5.674222946166992,-8.666028261184692,-4.924564361572266,-9.648112071379451,-6.223693370819092,-10.152207674206915,-6.434087753295898,-10.534275069491553,-6.548023223876953,-10.437828808217436,-6.595588684082031
駐車場管理人,50230,43560,6670,-14.700980048143228,-10.862836837768556,-14.454925163372144,-10.848997116088867,-13.487734255899909,-10.075007438659668,-14.41563553423495,-10.045804977416992,-14.089354529635596,-8.658079147338867,-14.046226514352334,-9.784862518310549
旅行・観光案内人,15860,7390,8470,-7.431322239737474,-4.607490539550781,-7.4346895443426595,-5.663193225860596,-7.52451858811706,-5.100715637207031,-7.269433276073353,-5.650686264038086,-7.115730074525789,-5.219392776489258,-7.1805046667923795,-5.958520889282227
物品一時預り人,910,360,550,-11.42950811458908,-10.364113807678224,-11.220281008127573,-10.336329460144045,-11.41197055350733,-10.211910247802734,-11.20789885520935,-9.609426498413086,-11.656639324799748,-10.101913452148438,-11.539190157039746,-10.101913452148438
物品賃貸人,63760,36140,27630,-15.317351872684391,-12.392596244812012,-15.252129657848462,-12.891308784484863,-13.576985905188641,-9.983222007751465,-14.455474602209556,-11.44887351989746,-14.442584889535686,-11.81159210205078,-14.570176665847367,-12.43399429321289
広告宣伝員,26890,9360,17530,-12.036079705216503,-8.839412689208984,-11.515127755500174,-9.767332077026367,-11.24491984971607,-4.286141395568848,-11.680729866027832,-9.028648376464844,-12.781043642349825,-8.574995040893555,-12.530697571264731,-9.324328422546388
葬儀師，火葬作業員,49200,26300,22900,-13.14971556190316,-10.832547187805176,-12.875429172773618,-9.318277359008787,-13.172063681915516,-9.66116714477539,-12.863310246854216,-8.673286437988281,-13.063328655621477,-9.157172203063965,-13.250380599820936,-9.746376037597656
他に分類されないサービス職業従事者,456590,71160,385430,-99.3252215057839,-11.60401725769043,-100.0,-100.0,-100.0,-100.0,-100.0,-100.0,-100.0,-100.0,-100.0,-100.0
保安職業従事者,1104210,1019900,84310,-5.151711471208179,-3.081355333328247,-4.987244372432296,-3.848681926727295,-6.327178440021195,-3.840522766113281,-5.948396969485927,-3.9144020080566406,-5.4899659593596715,-4.679050445556641,-5.733400863570136,-4.798564910888672
保安職業従事者,1104210,1019900,84310,-5.151711471208179,-3.081355333328247,-4.987244372432296,-3.848681926727295,-6.327178440021195,-3.840522766113281,-5.948396969485927,-3.9144020080566406,-5.4899659593596715,-4.679050445556641,-5.733400863570136,-4.798564910888672
自衛官,230380,210390,19990,-9.29164094051332,-7.618185043334961,-9.098566818881679,-7.385889530181885,-8.835634220647448,-6.428195953369141,-8.94197144379487,-6.672183990478516,-8.748949858978504,-7.948886871337891,-8.91438562483401,-6.704261779785156
警察官，海上保安官,251160,220960,30200,-9.060665465493239,-4.0558037757873535,-10.761259861894557,-4.42102575302124,-10.038349624808507,-6.954821586608887,-10.803877025037199,-8.120742797851562,-10.130803253814465,-9.037395477294922,-10.472450343338219,-7.819249629974365
消防員,148580,144230,4350,-11.322121328979959,-9.030670166015623,-11.476182860297126,-8.433155059814453,-10.191035427209986,-7.076141357421875,-11.374363944337174,-8.576323509216309,-10.691161643457777,-9.166952133178713,-11.032859724921149,-9.410297393798828
警備員,374690,357250,17440,-12.976673686777362,-8.623260498046875,-13.438327389794427,-11.220769882202148,-11.568180728504675,-6.49747371673584,-12.73131242958275,-2.926620483398437,-12.049902144279189,-9.999475479125977,-12.44750231665534,-10.71853256225586
他に分類されない保安職業従事者,84720,73910,10810,-99.32438053975578,-11.493850708007812,-100.0,-100.0,-100.0,-100.0,-100.0,-100.0,-100.0,-100.0,-100.0,-100.0
農林漁業従事者,1898800,1205200,693600,-10.019988802553133,-8.321113586425781,-9.503640406840557,-7.908390045166016,-9.751295460999467,-8.14966106414795,-9.131500102378226,-7.8813090324401855,-8.561975439086215,-7.923448085784912,-8.547255851127005,-7.700366973876953
農業従事者,1735160,1067910,667250,-8.636869365022383,-5.26424503326416,-8.842132017419145,-7.580112457275391,-8.517796498218566,-7.252658843994141,-8.94649455031833,-6.842219829559326,-8.257428864486345,-7.170745849609375,-8.434273600578308,-7.373908996582031
農耕従事者,1452780,850400,602380,-7.85042379466632,-6.193679332733154,-7.947394074620427,-6.306942939758301,-7.616217110903208,-5.089569091796875,-7.8950567406577035,-6.1510748863220215,-7.263012150771745,-6.834773063659668,-7.5020180715096965,-6.8022003173828125
養畜従事者,154470,99790,54670,-6.615157360338983,-4.453132152557373,-6.551958522281131,-5.200029373168945,-6.224145214066251,-3.340121030807495,-6.280289643519634,-4.56668758392334,-7.263234262248032,-6.343029022216797,-7.3447807350674195,-6.170433044433594
植木職，造園師,122810,113350,9460,-12.290348875613613,-8.514846801757812,-12.440002048337782,-10.33096981048584,-12.24118986930556,-8.797016143798828,-12.961170086989531,-9.70831298828125,-11.215259734000869,-9.735589981079102,-11.505330839672604,-9.61524772644043
林業従事者,43710,40980,2730,-7.938353855191297,-6.08881950378418,-7.5757754847810075,-6.1076979637146,-8.076726476654752,-6.439108371734619,-7.74114225039611,-6.078996658325195,-7.200255190143149,-6.51201057434082,-7.327735343494931,-5.641204833984375
育林従事者,17480,16160,1320,-9.160523906008887,-6.881748199462891,-8.68707151992901,-6.696223735809326,-8.14455163387852,-5.823528289794922,-8.029801114185437,-5.036956787109375,-8.290502526377903,-6.923240661621094,-8.237053007692904,-6.3851318359375
伐木・造材・集材従事者,20480,19990,490,-7.050583693817372,-4.407314300537109,-7.416635751724243,-4.146255493164063,-6.6398012583492365,-4.338266372680664,-6.848524965144493,-3.869185209274292,-7.453525215614843,-6.143917083740234,-7.649132619032988,-6.038732528686523
漁業従事者,119930,96310,23620,-7.015907957353665,-5.370273590087891,-7.170690581605241,-6.087839126586914,-6.983550060796373,-5.201087951660156,-7.233355019543622,-5.545017242431641,-7.510716158015128,-6.858739852905273,-7.593650911305402,-6.436817169189453
漁労従事者,66470,57690,8780,-6.422343538007663,-4.441097259521484,-6.934430918178043,-4.034322261810303,-6.864393725650001,-4.7387237548828125,-6.843617590698036,-4.171504974365234,-6.204351887448143,-5.216650009155273,-6.4465513583776115,-5.236124038696289
船長・航海士・機関長・機関士（漁労船）,6510,6490,10,-8.234093698836466,-4.877425193786621,-7.916097731203647,-4.918256759643555,-8.290583257456772,-5.993961334228516,-8.505188784083805,-5.881783485412598,-7.9464114203707865,-6.357074737548828,-8.133664723989126,-6.986640930175781
海藻・貝採取従事者,10280,7380,2900,-6.585706870974475,-5.084819793701172,-7.281303392874228,-5.734165191650391,-6.4085793531578,-4.256857872009277,-7.290826133779578,-5.081172943115234,-7.974602284322258,-5.985251426696777,-8.181896209716797,-7.250152111053467
水産養殖従事者,33980,23960,10020,-6.842220066157916,-4.765594482421875,-6.843795692598498,-5.157611846923828,-6.38312550173461,-4.2299652099609375,-6.197111838572734,-4.276523590087891,-6.32705874479454,-5.890252113342285,-6.280583707061973,-5.087626934051514
生産工程従事者,7534000,5263320,2270670,-9.085491526217861,-6.720810413360596,-9.028870711455474,-6.833581924438477,-8.586150205772341,-6.112228393554688,-8.71362238961297,-5.887058258056641,-8.53135084923897,-7.7904815673828125,-8.683745545309943,-8.030969619750977
製品製造・加工処理従事者（金属製品）,1073520,970440,103080,-5.735480832689591,-4.490360260009766,-6.135428325549976,-4.494251251220703,-5.887624471242191,-4.103874206542969,-5.698777698181771,-3.682058334350586,-6.004304398107164,-5.323951721191406,-6.011760866319811,-4.859450817108154
製銑・製鋼・非鉄金属製錬従事者,39090,37830,1250,-8.232977765207073,-7.070655822753906,-8.26356621046324,-6.452049255371094,-7.545858565177626,-5.532310485839844,-7.874491959004788,-5.857390403747559,-7.7965523887226595,-6.6370768547058105,-8.073897738714475,-7.029975891113281
鋳物製造・鍛造従事者,36120,34420,1700,-8.197906515980495,-4.453510284423828,-8.11392981297261,-4.82367467880249,-6.388131298181665,-4.260089874267578,-7.033516262028669,-4.450019359588623,-6.625291289264009,-5.572509765625,-6.935259822252634,-5.572509765625
金属工作機械作業従事者,152140,139960,12180,-95.85189467714034,-8.972376823425293,-93.87791363613026,-8.95702838897705,-100.0,-100.0,-97.54505500277958,-9.024746894836426,-100.0,-100.0,-100.0,-100.0
金属プレス従事者,61420,52140,9280,-9.09557312317477,-7.736129283905029,-8.848128589423927,-7.340740203857422,-9.258958124932443,-8.128013610839844,-8.99600262255282,-8.250967979431152,-9.129358459064978,-8.679866790771484,-9.105178742795378,-8.066706657409668
鉄工，製缶従事者,53660,51960,1700,-8.718642707999425,-6.656665325164795,-8.878649850149412,-6.4732441902160645,-7.727658541147946,-5.42879056930542,-8.090767889409452,-6.035235404968262,-7.177137130999383,-6.332485198974609,-7.453534448469007,-6.4976959228515625
板金従事者,73170,69470,3710,-5.999626512745865,-4.549737930297852,-6.020019405596965,-4.2530598640441895,-5.909209302363505,-3.182117223739624,-5.645758976807466,-3.812197208404541,-5.643298198248594,-3.764650583267212,-5.87396101371662,-4.974884033203125
金属彫刻・表面処理従事者,37220,32700,4510,-9.703040519743475,-6.779357433319092,-10.20480025136793,-8.261505126953125,-9.150792791643216,-5.9124956130981445,-9.534956384349513,-5.812981605529785,-9.121615242412073,-7.409317016601562,-9.51870973690136,-8.353522300720215
金属溶接・溶断従事者,163710,157300,6410,-9.648281778088053,-7.269813537597656,-9.71920765090633,-7.309883117675781,-9.025848781789533,-6.524322509765625,-9.32138113717775,-6.707212448120117,-9.305480243595502,-6.739711761474609,-9.582982063293457,-8.6055908203125
製品製造・加工処理従事者（金属製品を除く）,3018290,1635240,1383050,-5.735480832689591,-4.490360260009766,-6.135428325549976,-4.494251251220703,-5.887624471242191,-4.103874206542969,-5.698777698181771,-3.682058334350586,-6.004304398107164,-5.323951721191406,-6.011760866319811,-4.859450817108154
化学製品製造従事者,219640,168950,50690,-9.050051976706236,-6.686896800994873,-9.169929961900454,-7.964817047119141,-8.123240787564344,-5.7259202003479,-8.417110681533813,-7.098593711853027,-8.63017046542568,-7.729015350341797,-8.9540018487621,-7.630794048309326
窯業・土石製品製造従事者,139770,117400,22370,-5.437562509347464,-4.048208236694336,-5.746738875234449,-3.400699615478516,-5.527009195953835,-2.983985662460327,-5.084411316626781,-2.804900646209717,-4.857459754434251,-3.731565237045288,-4.883546883995469,-3.493164300918579
食料品製造従事者,1227480,476590,750890,-12.639837709092001,-10.460243225097656,-13.019417859412528,-10.840576171875,-12.519291200710617,-10.058005332946776,-12.804412758028185,-9.484214782714844,-13.29511129947109,-10.329204559326172,-13.297451180380744,-10.849967956542969
飲料・たばこ製造従事者,45150,34290,10850,-5.286422438293923,-3.489826202392578,-5.458834459652772,-3.3105125427246094,-4.9382412142426,-3.5641629695892334,-5.046677381605716,-3.149535655975342,-4.958415209792043,-4.041928768157959,-4.988687814892949,-3.3154544830322266
紡織・衣服・繊維製品製造従事者,274370,88650,185720,-8.706715543761508,-6.35830545425415,-8.3989488691897,-6.586875915527344,-8.363594706731899,-6.229192733764648,-8.557073593139648,-6.237098693847656,-8.54798577942011,-7.017750263214111,-8.562026623133066,-6.481116771697998
木・紙製品製造従事者,273160,214470,58690,-7.06431907915887,-4.215256690979004,-7.366771746326137,-5.444496154785156,-7.415676657480138,-3.774174451828003,-7.48022258603895,-4.847698211669922,-7.1763383122800875,-6.499032974243164,-7.295019323761399,-6.213405132293701
印刷・製本従事者,180700,126450,54250,-5.9082167749186505,-4.344560623168945,-6.050349473953247,-4.575299739837647,-5.527073046633306,-3.4585299491882324,-5.76239284309181,-4.236262798309326,-6.372792618875285,-5.2933783531188965,-6.495040539148691,-5.669769287109375
ゴム・プラスチック製品製造従事者,298880,219140,79740,-3.1809937480751795,-1.2804486751556396,-3.046933306230081,-1.2568278312683103,-4.057756910797294,-1.6709444522857666,-3.549397630465997,-1.6823786497116089,-3.4822074875576807,-2.593692779541016,-3.3130456611916825,-1.8244001865386963
機械組立従事者,1261100,969420,291680,-4.526477076625096,-2.8643243312835693,-4.860307859407889,-3.388591766357422,-4.191727341586397,-2.8586502075195312,-4.458709231905035,-3.2711825370788574,-4.577576862946722,-3.4127864837646484,-4.8334789630529045,-2.952117919921875
はん用・生産用・業務用機械器具組立従事者,334370,280020,54350,-8.236995478622786,-6.067018508911133,-8.229796973434654,-5.894802093505859,-7.4486107607834215,-5.648629665374756,-7.690533222378911,-5.5489349365234375,-7.844632749339096,-5.916553497314453,-7.827992548813691,-6.634254455566406
電気機械器具組立従事者,485760,321610,164150,-12.46053592303327,-8.224467277526855,-12.476834000767889,-10.537965774536133,-13.09915704217576,-7.443392753601074,-13.22539626907658,-7.089221954345703,-11.159056415994659,-10.056621551513672,-10.953552097887606,-9.138910293579102
自動車組立従事者,344560,291780,52790,-7.022802862502236,-5.268238067626953,-7.255999413696495,-5.774024963378906,-6.664641467669538,-5.581554412841797,-7.050734838923892,-5.776651382446289,-7.870652377150441,-6.497474670410156,-7.8654869633751945,-6.233765125274658
輸送機械組立従事者（自動車を除く）,52740,48120,4630,-99.31021493081828,-9.638155937194824,-100.0,-100.0,-100.0,-100.0,-100.0,-100.0,-100.0,-100.0,-100.0,-100.0
計量計測機器・光学機械器具組立従事者,43660,27900,15760,-10.760789580017557,-8.689203262329102,-10.781148588335192,-9.152473449707031,-10.479198743368833,-6.560232639312744,-10.804074251973951,-5.121350288391113,-10.195919277103803,-9.376293182373049,-10.063358132903641,-9.140183448791504
機械整備・修理従事者,942120,912580,29530,-6.246757230685867,-3.9146108627319336,-6.309636876389787,-5.136039733886719,-5.9036142735080865,-4.029937267303467,-5.890114806793831,-4.477657318115234,-5.834555898913901,-5.124971389770508,-5.894013063327686,-5.081309795379639
はん用・生産用・業務用機械器具整備・修理従事者,401150,388710,12440,-6.227062582059671,-3.9146108627319336,-6.278579950332642,-5.136039733886719,-5.855823320286874,-4.029937267303467,-5.836755382048117,-4.477657318115234,-5.831119937751129,-5.124971389770508,-5.88743616761388,-5.081309795379639
電気機械器具整備・修理従事者,93070,86700,6370,-6.2473928145779904,-3.9146108627319336,-6.309636876389787,-5.136039733886719,-5.9373689425810605,-4.029937267303467,-5.895780885541761,-4.477657318115234,-5.839871814232747,-5.124971389770508,-5.894013063327686,-5.081309795379639
自動車整備・修理従事者,376070,368820,7250,-6.2473928145779904,-3.9146108627319336,-6.309636876389787,-5.136039733886719,-5.9214579858852705,-4.029937267303467,-5.895780885541761,-4.477657318115234,-5.839871814232747,-5.124971389770508,-5.894013063327686,-5.081309795379639
輸送機械整備・修理従事者（自動車を除く）,58640,56790,1850,-6.2473928145779904,-3.9146108627319336,-6.309636876389787,-5.136039733886719,-5.933972857380641,-4.029937267303467,-5.895780885541761,-4.477657318115234,-5.839871814232747,-5.124971389770508,-5.894013063327686,-5.081309795379639
計量計測機器・光学機械器具整備・修理従事者,13190,11570,1620,-6.2473928145779904,-3.9146108627319336,-6.309636876389787,-5.136039733886719,-5.9251137252982335,-4.029937267303467,-5.895780885541761,-4.477657318115234,-5.839871814232747,-5.124971389770508,-5.894013063327686,-5.081309795379639
製品検査従事者,369160,156130,213030,-10.922474919384673,-6.361305236816406,-10.766010664604806,-8.62424373626709,-10.878888159307815,-6.387607574462891,-10.530518412590027,-7.629462718963623,-9.572061094618936,-6.269140243530273,-9.827115838592118,-7.356193542480469
金属製品検査従事者,85860,48910,36950,-12.201480799958906,-10.40191650390625,-12.33529029021392,-10.995262145996094,-12.35516339949979,-10.624679565429688,-12.448303589949736,-10.547737121582031,-12.626557794236044,-11.526729583740234,-12.791060389699163,-10.863388061523438
化学製品検査従事者,42810,18760,24050,-10.131200502846987,-7.350696086883545,-10.245904619629318,-8.410346031188965,-9.307631565414312,-6.197228908538818,-9.643221139907837,-7.896288871765137,-9.644757496491643,-8.19272232055664,-10.048415686633136,-7.6579437255859375
窯業・土石製品検査従事者,22560,15110,7460,-5.437562509347464,-4.048208236694336,-5.746738875234449,-3.400699615478516,-5.527009195953835,-2.983985662460327,-5.084411316626781,-2.804900646209717,-4.857459754434251,-3.731565237045288,-4.883546883995469,-3.493164300918579
食料品検査従事者,48280,16080,32200,-15.13465336078906,-11.469844818115234,-15.704691919120583,-12.820951461791992,-15.233937707566122,-11.864559173583984,-15.524026007265658,-12.599867820739746,-15.748031689010503,-11.684860229492188,-15.879312006202904,-12.858688354492188
飲料・たばこ検査従事者,5510,2390,3130,-5.286422438293923,-3.489826202392578,-5.458834459652772,-3.3105125427246094,-4.9382412142426,-3.5641629695892334,-5.050508929265512,-3.149535655975342,-4.958415209792043,-4.041928768157959,-4.988687814892949,-3.3154544830322266
紡織・衣服・繊維製品検査従事者,24020,4470,19550,-8.718106848592976,-6.35830545425415,-8.414453635344634,-6.586875915527344,-8.385648701937145,-6.229192733764648,-8.570050323331678,-6.237098693847656,-8.54798577942011,-7.017750263214111,-8.56510516115137,-6.481116771697998
木・紙製品検査従事者,13570,5340,8230,-7.008531694193833,-4.215256690979004,-7.361237071655892,-5.444496154785156,-7.278302755064637,-3.774174451828003,-7.413458192670667,-4.847698211669922,-7.131773358992948,-6.232112884521484,-7.246723774317148,-6.213405132293701
印刷・製本検査従事者,13380,4500,8880,-7.969415733832439,-5.760217189788818,-8.221462704039908,-5.943572521209717,-7.379122473811376,-3.998108148574829,-7.518915160282238,-5.625375270843506,-6.904540647987191,-6.044206619262695,-7.044342569402747,-5.790515899658203
ゴム・プラスチック製品検査従事者,77620,23950,53670,-3.1809937480751795,-1.2804486751556396,-3.046933306230081,-1.2568278312683103,-4.068738878228282,-1.6709444522857666,-3.55469243671443,-1.6823786497116089,-3.4822074875576807,-2.593692779541016,-3.3130456611916825,-1.8244001865386963
機械検査従事者,285770,168760,117010,-7.446747980044998,-5.763595581054688,-7.685696772626929,-5.975465774536133,-8.14572968009774,-5.745376586914063,-7.995605865040341,-5.329050064086914,-6.9085318478009174,-5.5152106285095215,-7.2743598351607455,-5.89238166809082
はん用・生産用・業務用機械器具検査従事者,58480,38250,20230,-8.236995478622786,-6.067018508911133,-8.232833975070232,-5.894802093505859,-7.712954644938462,-5.648629665374756,-7.789365365698531,-5.5489349365234375,-7.844632749339096,-5.916553497314453,-7.827992548813691,-6.634254455566406
電気機械器具検査従事者,118190,59250,58940,-95.19329463434583,-9.684259414672852,-93.34310202985196,-9.639636993408203,-97.91645788964425,-8.859305381774902,-96.95802135725279,-9.46216869354248,-100.0,-100.0,-100.0,-100.0
自動車検査従事者,87440,56650,30790,-9.804964924586638,-8.431890487670898,-10.57019017838143,-9.016959190368652,-10.010653692347402,-8.27953815460205,-10.509202119466421,-8.565119743347168,-9.512150706225679,-8.567426681518555,-9.834868933703449,-8.432478904724121
輸送機械検査従事者（自動車を除く）,10500,9130,1370,-11.672707746957094,-9.801055908203123,-11.790803651551943,-10.072246551513672,-11.966695639923328,-9.860392570495604,-12.193987098900047,-9.856178283691406,-10.399641400985136,-8.816516876220703,-10.584470136745557,-8.616024017333984
計量計測機器・光学機械器具検査従事者,11160,5480,5680,-10.760789580017557,-8.689203262329102,-10.781148588335192,-9.152473449707031,-10.51388847554913,-7.312366485595703,-10.884561435596362,-8.280620574951172,-10.195919277103803,-9.376293182373049,-10.063358132903641,-9.140183448791504
生産関連・生産類似作業従事者,584040,450740,133290,-8.642179419976154,-6.868148326873779,-8.738614085558298,-7.104640960693359,-8.30260823883173,-6.380989074707031,-8.512883208893442,-5.253246307373047,-7.75219836125847,-6.714143753051758,-7.881184407182642,-7.244411468505859
画工，塗装・看板制作従事者,232980,207990,24990,-8.174524416450327,-5.035518169403076,-7.761678859994218,-4.724663257598877,-6.915668982585878,-2.431976556777954,-6.870206120851877,-4.403346061706543,-6.771880936076623,-5.503222942352295,-6.960906650568988,-5.483531951904297
生産関連作業従事者（画工，塗装・看板制作を除く）,289300,201080,88220,-10.604618654906295,-8.179298400878906,-11.038764863400846,-8.703655242919922,-9.801499679798388,-8.240592002868652,-10.590472820642832,-8.749222755432129,-9.314587607638526,-8.416282653808594,-9.618175029754639,-8.285301208496094
生産類似作業従事者,61760,41670,20080,-8.991648819610363,-6.992281436920166,-9.206577520112734,-7.104640960693359,-8.946779090939588,-7.507003784179687,-9.360669090941146,-7.731377124786377,-7.834329641502322,-7.179901123046875,-8.03052088376638,-7.244411468505859
輸送・機械運転従事者,1983330,1907110,76220,-6.597497328547121,-5.466476440429688,-6.955422088906571,-5.166268348693848,-6.792901068243362,-5.404423236846924,-6.9042609511195,-5.35687255859375,-6.348891058040939,-4.767214775085449,-6.4312651125160425,-5.523963928222656
鉄道運転従事者,37130,35570,1560,-10.149331988269136,-8.385311126708984,-10.008581767211089,-8.139080047607422,-11.476565907019696,-8.705241203308105,-11.202613263516813,-9.753859519958496,-10.47458607185888,-9.898822784423828,-10.72489409833341,-10.042228698730469
鉄道運転従事者,37130,35570,1560,-10.149331988269136,-8.385311126708984,-10.008581767211089,-8.139080047607422,-11.476565907019696,-8.705241203308105,-11.202613263516813,-9.753859519958496,-10.47458607185888,-9.898822784423828,-10.72489409833341,-10.042228698730469
自動車運転従事者,1445820,1387800,58020,-10.259766593234229,-8.891490936279297,-10.557230485452187,-9.284374237060549,-10.57945003946319,-8.261412620544434,-10.64182371706576,-9.45081615447998,-9.953235349582352,-9.386768341064451,-10.181026181659183,-9.657451629638672
自動車運転従事者,1445820,1387800,58020,-10.259766593234229,-8.891490936279297,-10.557230485452187,-9.284374237060549,-10.57945003946319,-8.261412620544434,-10.64182371706576,-9.45081615447998,-9.953235349582352,-9.386768341064451,-10.181026181659183,-9.657451629638672
船舶・航空機運転従事者,27900,27440,470,-8.163971427742762,-6.508281230926514,-8.483767035845164,-7.074420928955078,-7.756225443978346,-6.084174633026123,-8.032823997574884,-6.476551055908203,-7.5666032711058175,-6.926261901855469,-7.730568241428685,-6.963020324707031
船長・航海士・運航士（漁労船を除く），水先人,14390,14140,250,-6.283639552939029,-2.1387827396392822,-6.488046955417943,-1.9054374694824217,-6.977494552845263,-1.8769686222076416,-7.163789025835089,-2.2097835540771484,-6.4716919587768675,-1.4759293794631958,-6.464296779117069,-3.10342025756836
船舶機関長・機関士（漁労船を除く）,6470,6430,30,-5.967606424375345,-4.848840713500977,-5.73238644084415,-4.6442461013793945,-6.957327737153031,-5.325023651123047,-6.975226853344892,-5.5423102378845215,-6.4644135227640165,-4.972784042358398,-6.318528594197454,-4.7723307609558105
航空機操縦士,7040,6860,180,-13.424322106456028,-11.804006576538086,-13.159350002134168,-11.630935668945312,-12.741184139979705,-10.165837287902832,-12.958767800717741,-10.017440795898438,-12.237158920928723,-10.601386070251465,-12.628547178732383,-11.33298683166504
車掌,23060,17360,5710,-8.86673985182784,-6.585357189178467,-8.719256433280739,-6.840110778808594,-9.064261796820254,-6.765687465667725,-8.982035073074135,-6.95731258392334,-9.322888636407052,-8.493783950805664,-9.390237479596525,-8.031185150146484
甲板員，船舶技士・機関員,14360,14100,260,-10.88729427425006,-8.53303337097168,-10.895054037506515,-8.659627914428711,-9.756609163211502,-6.956000804901123,-10.17990913906613,-7.782021522521973,-10.89476113646995,-9.43020248413086,-11.072914735690967,-9.43020248413086
他に分類されない輸送従事者,100700,95620,5090,-10.503031563212854,-9.374908447265623,-10.749523162841797,-9.16134262084961,-10.311073041144217,-8.517555236816406,-10.561354611371014,-7.949268341064453,-10.856023759332322,-9.627124786376951,-10.912289445464676,-9.627124786376951
定置・建設機械運転従事者,334350,329240,5120,-11.373306824050786,-7.722778797149658,-11.848586095345986,-8.937213897705078,-10.610278173257376,-7.069374084472656,-11.562164686821603,-6.532550811767578,-10.7702461708593,-7.969608306884766,-10.931210279464722,-8.728568077087402
発電員，変電員,34390,34010,380,-11.263682576536223,-6.831691741943359,-11.895689394022968,-7.745090961456299,-10.214001193301367,-7.001270294189453,-11.915633040505487,-8.447853088378906,-11.70031862768508,-9.419898986816406,-11.880566120147705,-9.59446620941162
ボイラー・オペレーター,7550,7540,10,-7.754477257036981,-4.940988540649414,-7.393855987368403,-5.956832885742188,-7.571997995594986,-4.54852294921875,-7.581939162434758,-5.427570343017578,-6.374654165661062,-5.687490463256836,-6.528661267177479,-5.071056365966797
クレーン・ウインチ運転従事者,48070,47590,480,-6.686931257029526,-5.2771759033203125,-6.766545047631135,-4.887023448944092,-6.989100106799875,-5.157627105712891,-6.8814266887871,-5.302943706512451,-6.623154348999489,-5.757274150848389,-6.714691149221884,-5.493274688720703
建設・さく井機械運転従事者,86830,86150,690,-8.088687681969796,-5.57272481918335,-8.4323683042784,-6.480450630187988,-7.718074521945633,-5.711654186248779,-7.92387495814143,-5.678931713104248,-7.585054160984418,-6.468588829040527,-7.708210059114404,-5.824657440185547
建設・採掘従事者,2447480,2384560,62920,-6.699065477793454,-4.871383666992188,-6.948120062415664,-5.631850719451904,-6.828263923412061,-4.772087097167969,-7.142638212925679,-5.492076873779297,-7.556512788961862,-6.468588829040527,-7.67929009489111,-5.824657440185547
建設・土木作業従事者,1940120,1888080,52030,-8.088687681969796,-5.57272481918335,-8.4323683042784,-6.480450630187988,-7.604407234046295,-5.031378746032715,-7.92387495814143,-5.678931713104248,-7.585054160984418,-6.468588829040527,-7.708210059114404,-5.824657440185547
型枠大工,40840,40240,600,-9.969980152508684,-5.193374633789063,-10.490055954134142,-7.468312740325928,-8.660943893985895,-5.279353141784668,-9.846656103391904,-5.448963165283203,-10.20837155189223,-6.370139598846436,-10.456992587527713,-5.757301330566406
とび職,111940,110310,1630,-4.567424715930269,-3.2857282161712646,-4.358821885005848,-3.635651826858521,-4.218186569577865,-3.2487144470214844,-4.4146212339401245,-3.282259941101074,-3.457445211992919,-3.036033868789673,-3.5823237009950586,-2.945297241210937
鉄筋作業従事者,28990,28540,450,-11.692947300335833,-9.658245086669922,-12.365879948074753,-10.81220245361328,-11.684683821583523,-9.876845359802246,-12.368895678906828,-10.581465721130373,-13.430469527499366,-11.797346115112305,-13.560041150531253,-10.748340606689451
大工,297900,293360,4540,-6.6009569659487894,-3.407434463500977,-6.663642561113512,-4.981838226318359,-6.653516427251219,-4.370807647705078,-6.666967839808078,-4.600791931152344,-6.599730578997663,-6.003318309783936,-6.737675750577772,-5.922969818115234
ブロック積・タイル張従事者,24510,23950,560,-5.24131004682934,-3.085120916366577,-5.689453932079109,-2.4320406913757324,-4.9375348691721905,-2.6202352046966557,-5.119823354321557,-2.6551778316497803,-5.2626263476510085,-3.882179498672485,-5.4708596242440715,-3.3743045330047607
屋根ふき従事者,17010,16540,480,-7.757235461518965,-6.096213340759277,-7.446423008635238,-6.337679862976074,-7.869738556956517,-6.20914888381958,-7.545282608753926,-6.609609603881836,-7.422083330518417,-6.650896072387695,-7.557145534334956,-6.54692268371582
左官,59890,58610,1280,-8.570565321973262,-6.374134540557861,-8.7585211025702,-6.525961399078369,-8.268155483799127,-6.158687591552734,-8.636178934896314,-5.547290325164795,-9.246588754289933,-7.795585155487059,-9.422881049078864,-8.442646980285645
畳職,9130,8440,690,-9.160579532157374,-6.592540740966797,-9.83769637185174,-6.297499656677246,-9.680326989588847,-6.740333080291748,-10.124535950454506,-7.502250671386719,-8.394475157934291,-7.427608489990234,-8.748797983736605,-7.399295806884766
配管従事者,220720,217240,3480,-6.523585599797372,-4.547504425048828,-6.275010473019368,-4.779624938964844,-6.423945505200452,-3.653217315673828,-6.1218860697101904,-4.067783355712891,-5.292343008609218,-4.438619136810303,-5.347170253057738,-4.438619136810303
土木従事者,456900,447610,9290,-6.993766777388013,-4.731672286987305,-6.812452032759383,-5.524190902709961,-6.651742294544482,-4.224462509155273,-6.595232599490398,-5.251806259155273,-6.481946260874508,-5.693360805511475,-6.441095690469484,-5.335956573486328
鉄道線路工事従事者,24750,24750,-,-9.68759820661472,-6.829794883728027,-10.131717372584987,-7.517524719238281,-9.094543482511098,-6.893855094909668,-9.694470621444083,-7.802574634552002,-10.7855230651739,-8.697547912597656,-10.8852411411904,-8.429195404052734
電気工事従事者,505940,495130,10810,-12.452107655183049,-9.608022689819336,-13.114594878377142,-8.124619483947754,-11.778304238355796,-7.688176155090332,-13.277510591455409,-10.458006858825684,-11.227617751551039,-9.355606079101562,-11.618862126324627,-10.283191680908203
電線架線・敷設従事者,47430,46890,540,-5.952584113783509,-4.766384124755859,-5.954499096483798,-3.6110377311706543,-5.640133029631986,-3.3075523376464844,-5.63252324510265,-2.879111766815185,-5.8684293695988545,-4.585559844970703,-5.854871418025042,-4.010734558105469
電気通信設備工事従事者,79000,76370,2630,-10.519866360962846,-8.82631778717041,-10.857749822977427,-9.176470756530762,-9.817003774278946,-8.673090934753418,-10.072262467564764,-8.394213676452637,-11.02830188692981,-9.52834701538086,-10.93143571389688,-8.880325317382812
採掘従事者,1420,1350,70,-6.782242476485158,-4.871383666992188,-7.002406600359324,-5.631850719451904,-6.995333096453252,-4.772087097167969,-7.364870538582673,-5.492076873779297,-7.8185343232773645,-7.0688323974609375,-8.098785535709277,-6.789395809173584
砂利・砂・粘土採取従事者,200,200,-,-7.583666466574632,-5.325803279876709,-7.064501137346835,-4.988546371459961,-7.8552902673037,-5.517047882080078,-7.101125034126076,-5.094829559326172,-7.264836577058748,-5.97154426574707,-7.07248122949858,-5.76954460144043
運搬・清掃・包装等従事者,4198670,2225500,1973170,-5.645384226136535,-3.498932123184204,-5.775696567586951,-4.028255462646484,-4.99532735984744,-2.523261785507202,-5.257676714175457,-3.213590383529663,-5.612765370434477,-4.5173187255859375,-5.793849194372022,-4.435047149658203
運搬従事者,1624920,1123160,501750,-6.5918860217087145,-3.9932475090026855,-6.313375347369426,-4.877363204956055,-6.647451832094266,-3.759770154953003,-6.43589450700863,-3.983851194381714,-6.726084701887524,-5.7062835693359375,-6.714908754503405,-5.100196838378906
郵便・電報外務員,110450,99510,10940,-7.504676633208763,-5.189598083496094,-7.631507760769612,-5.944003582000732,-7.4973763400361735,-5.182709693908691,-7.413487357062262,-5.834709167480469,-7.018025904211379,-6.161041259765625,-7.069855886536676,-6.073131561279297
船内・沿岸荷役従事者,14220,13970,250,-8.16353074648908,-5.307794570922852,-9.281113028526306,-5.64686393737793,-7.80218067241989,-4.174953460693359,-8.568928331942171,-5.285178661346436,-7.227248137233821,-5.915184020996094,-7.6099204598246395,-6.052989959716797
陸上荷役・運搬従事者,245100,181770,63330,-6.5918860217087145,-3.9932475090026855,-6.313375347369426,-4.877363204956055,-6.60631791143927,-3.759770154953003,-6.43589450700863,-3.983851194381714,-6.726084701887524,-5.7062835693359375,-6.714908754503405,-5.100196838378906
倉庫作業従事者,273930,186320,87600,-10.929472027844145,-8.240665435791016,-11.208763947358003,-9.416603088378906,-11.356257169301273,-8.994251251220703,-11.36407274168891,-9.465067863464355,-10.999109566666698,-9.362953186035156,-11.151309657741237,-9.199005126953123
配達員,696180,518540,177630,-12.333241775745654,-10.05304718017578,-12.351379871368408,-8.854933738708496,-11.82873855474341,-8.182802200317383,-12.511030474224606,-10.07716464996338,-12.285248669049212,-9.43449878692627,-12.167396397204012,-9.888336181640623
荷造従事者,285050,123040,162010,-12.362430536109983,-5.846028804779053,-12.800788019154522,-6.337408065795898,-9.436904543228732,-4.890515804290772,-10.868053049654574,-5.270545959472656,-7.541338789554042,-5.159204483032227,-8.285283011359137,-6.372528076171875
清掃従事者,1149320,495250,654060,-7.500448117729362,-5.733497142791748,-7.28651364429577,-5.784821510314941,-8.268750518332912,-5.914892196655273,-7.432137679409337,-5.5580153465271,-6.380316759793813,-5.347834587097168,-6.212658788706805,-4.58384895324707
ビル・建物清掃員,910680,294910,615770,-7.383440403537896,-6.1543803215026855,-7.457688586131947,-6.220000743865967,-7.89222156728497,-5.847334384918213,-7.665476422052126,-6.374217033386231,-7.372432483061579,-6.781081676483154,-7.447250511195208,-6.8586039543151855
廃棄物処理従事者,119970,113400,6570,-9.497307762844873,-8.12864875793457,-9.436094445151252,-8.491085052490234,-9.00204613008572,-7.360293388366699,-8.752508695061142,-7.657618522644043,-9.004294897763783,-7.811801910400391,-9.085826161745432,-7.961469173431396
ハウスクリーニング職,27760,17110,10650,-14.714581889960602,-9.922381401062012,-14.422263358090374,-11.578824996948242,-13.587995769413373,-10.136215209960938,-14.43015311215375,-11.845741271972656,-13.573342337863135,-11.2454833984375,-13.425940777804401,-9.944229125976562
包装従事者,274230,85740,188490,-6.341094668584925,-4.170965194702148,-6.056619109334172,-4.611074447631836,-5.842613307574323,-3.879737854003906,-5.529566416869292,-4.26887321472168,-5.23150000681404,-4.29875373840332,-5.333956128842122,-4.080390930175781
包装従事者,274230,85740,188490,-6.341094668584925,-4.170965194702148,-6.056619109334172,-4.611074447631836,-5.842613307574323,-3.879737854003906,-5.529566416869292,-4.26887321472168,-5.23150000681404,-4.29875373840332,-5.333956128842122,-4.080390930175781
