職業,総数,男,女,mean-men-rinnNeo_job_is,max-men-rinnNeo_job_is,mean-wom-rinnNeo_job_is,max-wom-rinnNeo_job_is,mean-men-rinnNeo_job_type,max-men-rinnNeo_job_type,mean-wom-rinnNeo_job_type,max-wom-rinnNeo_job_type,mean-men-rinnNeo_job?,max-men-rinnNeo_job?,mean-wom-rinnNeo_job?,max-wom-rinnNeo_job?
総数,57673630,31525680,26147950,-10.849122600701019,-9.99326229095459,-10.779042237513774,-9.99985122680664,-10.70932158259035,-10.591682434082031,-10.710966277766872,-10.57945156097412,-11.017773424396077,-10.627410888671877,-10.919024364368335,-9.89903450012207
管理的職業従事者,1196900,1010680,186220,-12.067569776345755,-10.578410148620604,-12.090828115875656,-10.77110481262207,-12.432366895311661,-10.87254238128662,-12.433662247013402,-10.776470184326172,-12.40645933515243,-10.212813377380373,-12.561957720163706,-11.629409790039062
管理的公務員,51870,44650,7220,-8.392014030281825,-6.995319366455078,-8.466551042891837,-7.249905109405518,-8.39104078744204,-8.027292251586914,-8.461613835515204,-8.172304153442383,-8.414033514852742,-7.750963687896728,-8.44287709287695,-7.299629211425781
管理的公務員,51870,44650,7220,-8.392014030281825,-6.995319366455078,-8.466551042891837,-7.249905109405518,-8.39104078744204,-8.027292251586914,-8.461613835515204,-8.172304153442383,-8.414033514852742,-7.750963687896728,-8.44287709287695,-7.299629211425781
法人・団体役員,968990,811530,157460,-8.074702313838115,-7.604167938232422,-8.019188326758307,-7.470313549041748,-8.00474119914397,-7.603766918182373,-8.015432551100448,-7.4764084815979,-8.304862590236517,-7.955841064453125,-8.284561373092032,-7.615328311920166
会社役員,913490,767880,145620,-7.884671775439314,-7.588357925415039,-7.828040867238431,-7.661847114562988,-7.839694361650307,-7.617125988006592,-7.839788214580433,-7.690548896789551,-8.037052562218586,-7.488574028015137,-7.969153897182362,-7.588740825653076
法人・団体管理的職業従事者,120420,112010,8400,-8.083306363520732,-7.604167938232422,-8.029124230951876,-7.497908592224121,-8.00474119914397,-7.603766918182373,-8.015432551100448,-7.4764084815979,-8.303082608084642,-7.640137195587158,-8.29726388003375,-8.123616218566895
他に分類されない管理的職業従事者,55620,42480,13140,-13.36661762863625,-7.037315845489502,-12.892575740814209,-6.9585371017456055,-12.59664681485591,-7.076213836669922,-12.630942103025076,-7.090675354003906,-14.373216892926747,-3.8468422889709473,-15.118053758466566,-3.822333812713623
専門的・技術的職業従事者,10270980,5231410,5039570,-8.195159628191067,-7.824073314666748,-8.222709269136995,-6.594486236572266,-7.548152625105764,-7.271980285644531,-7.606386642198305,-7.250709056854248,-7.112790479004838,-6.932221412658691,-7.218988956631841,-6.920853137969971
研究者,103910,79640,24280,-9.745187431801366,-9.159320831298828,-9.619767717413,-8.638427734375,-9.608544808307677,-9.46923828125,-9.61876748059247,-9.448226928710938,-9.584999186392048,-8.439712524414062,-9.458361986521128,-8.457164764404297
自然科学系研究者,98020,75420,22590,-12.865495223125428,-11.773370742797852,-12.873985509614688,-11.874720573425291,-12.887805836801311,-12.614997863769531,-12.908545094567376,-12.512965202331545,-13.176426159516545,-12.85908317565918,-13.158538521947088,-11.599902153015137
人文・社会科学系等研究者,5900,4220,1680,-8.149167115451725,-7.731042385101318,-8.003867909714982,-7.6754326820373535,-8.143864802731812,-7.863996028900146,-8.116621684383702,-7.861594200134277,-8.817437881731806,-7.832114696502685,-8.630264585082596,-7.586949348449707
技術者,2693290,2356170,337120,-8.341219807399138,-6.925229072570801,-8.230578860721073,-8.003669738769531,-8.17134027990676,-7.964709281921387,-8.162493892618128,-7.929369926452637,-8.22573344034093,-7.076061248779297,-8.067193292282724,-6.995927333831787
農林水産・食品技術者,51140,39410,11720,-15.382784261048295,-9.355083465576172,-15.345349315050486,-7.264468669891357,-15.447922764843657,-15.079086303710938,-15.516732570287344,-15.304397583007812,-14.57833837552835,-9.74717140197754,-14.403648978955037,-7.425617218017578
電気・電子・電気通信技術者（通信ネットワーク技術者を除く）,305190,288400,16800,-3.323110451225106,-3.0471303462982178,-3.2777843507560522,-3.026324987411499,-3.2409606471316503,-3.1043624877929688,-3.305560590447606,-3.0760304927825928,-3.914493151293456,-3.028468608856201,-4.145043574474953,-3.0187947750091557
機械技術者,242820,228640,14180,-11.488659633024959,-10.433635711669922,-11.30957832207551,-9.656597137451172,-11.398244093392641,-11.118706703186035,-11.366225841883066,-11.106284141540527,-11.556478609565561,-11.163862228393556,-11.500583365156844,-9.837532043457031
輸送用機器技術者,137470,130040,7430,-98.61238923691612,-9.029712677001951,-100.0,-100.0,-100.0,-100.0,-100.0,-100.0,-99.29077482587509,-7.091502189636231,-99.38037002408826,-8.294763565063477
金属技術者,25660,24240,1430,-10.863078015451213,-9.198187828063965,-10.707051135398245,-7.845726013183594,-10.862918133044062,-10.217500686645508,-10.828734088588405,-10.453068733215332,-10.89105849957648,-9.852705001831056,-10.802412232837161,-7.945777893066406
化学技術者,91350,73630,17730,-10.251145690452052,-9.081894874572754,-10.11227237856066,-6.4013214111328125,-10.391634817341812,-10.07158088684082,-10.357905104353621,-10.000883102416992,-10.527378934030315,-9.686356544494627,-10.425428574149674,-6.650149822235107
建築技術者,242580,211400,31180,-11.1097899720869,-10.612738609313965,-10.971682554966694,-9.223834991455078,-10.98729690522638,-10.7156982421875,-10.95193077422477,-10.65306282043457,-11.416843268707508,-10.84784698486328,-11.364730113261455,-9.594612121582031
土木・測量技術者,263870,249320,14550,-6.655656887374762,-6.483415603637695,-6.574555877092722,-6.4654388427734375,-6.59187377682169,-6.503134250640869,-6.581380702353813,-6.464289665222168,-6.9037888832674685,-6.444782257080078,-6.892066813804008,-6.432311534881592
システムコンサルタント・設計者,656770,555360,101410,-8.99516158067543,-8.500080108642578,-8.87817593522974,-6.754493713378906,-9.081386056565146,-8.873583793640137,-9.055285105834136,-8.8854398727417,-9.015363911636003,-8.349109649658203,-8.957224191846075,-6.827098846435547
ソフトウェア作成者,389760,317450,72310,-7.714474186642479,-7.252079010009766,-7.731067283733471,-7.093498229980469,-7.669290680921715,-7.124942302703857,-7.712538973705189,-7.096698760986328,-7.850901348900249,-7.39605712890625,-7.899464958422893,-7.480475425720215
保健医療従事者,3073950,897180,2176770,-11.011212465417294,-8.238966941833496,-10.917330606563672,-9.826395988464355,-10.960775244326992,-10.58973789215088,-10.946236874606159,-10.630539894104004,-10.642978631813108,-9.468306541442873,-10.608310209738242,-8.366717338562012
医師,303660,229560,74100,-11.930365504199312,-9.429773330688477,-11.923691008542034,-9.479171752929688,-11.913021415244533,-11.666885375976562,-11.917165131182283,-11.543269157409668,-11.813040493098834,-11.12596035003662,-11.819504293235573,-9.45569133758545
歯科医師,98340,72050,26300,-8.383571952353908,-7.365365505218506,-8.324717399236318,-8.042518615722656,-8.252908673905234,-7.936393737792969,-8.291490148853612,-8.080574035644531,-8.47976634338612,-8.143481254577637,-8.400754851263923,-7.358448028564453
獣医師,24680,16690,8000,-7.214461934475499,-6.951767444610596,-7.14946655969362,-6.864310264587402,-7.190935589884984,-6.966412544250488,-7.212734457608816,-7.0384135246276855,-7.172478075245865,-6.751585960388184,-7.133927151963517,-6.71910572052002
薬剤師,243650,86110,157540,-8.35892543719925,-6.699453830718994,-8.248763754561141,-7.107223510742188,-8.247233201529234,-7.974012851715088,-8.248612767941243,-7.903317451477051,-8.431820363488816,-7.468196868896484,-8.31684089673532,-6.827906608581543
保健師,49110,1570,47550,-10.045591201491028,-9.17524242401123,-9.902608971338015,-7.519871234893799,-9.984157190978072,-9.856856346130373,-9.9799723754058,-9.85300350189209,-9.77403675690862,-8.490531921386719,-9.747132191786894,-7.697025299072266
助産師,27550,-,27550,-7.143960512321414,-6.991447925567627,-7.183193702955504,-6.970638275146484,-7.039412640433275,-6.8719329833984375,-7.052311008040969,-6.84906816482544,-7.216711135310981,-6.8904876708984375,-7.27768332893784,-6.92535400390625
看護師（准看護師を含む）,1385950,106810,1279140,-9.499255446077303,-3.342916488647461,-9.535583309225133,-3.3090171813964844,-9.29907275702207,-3.5042970180511475,-9.434916676701727,-3.439460277557373,-10.439987567658642,-0.2032617479562759,-10.469852764864225,-3.341826915740967
診療放射線技師,57490,42130,15360,-8.692234403304472,-8.41260814666748,-8.704058917793068,-8.35132122039795,-8.514779833436922,-8.254070281982422,-8.562482208819002,-8.314852714538574,-8.765296011480666,-8.371932983398438,-8.816104753597363,-8.430180549621582
臨床検査技師,82720,22180,60530,-7.358806832146098,-7.157661437988281,-7.34831699165138,-7.164279460906982,-7.221797342518814,-7.059287071228027,-7.197929572414708,-7.0302276611328125,-7.564027225698224,-7.243228912353516,-7.565380602269559,-7.23750638961792
理学療法士，作業療法士,202540,107160,95390,-6.240841235823304,-5.157741069793701,-6.271440071028632,-5.978948593139648,-6.230846674387692,-6.049242973327637,-6.2407660967594865,-6.010921478271484,-6.64393700170153,-6.165396213531494,-6.670004793115564,-5.490072250366211
視能訓練士，言語聴覚士,26930,5570,21360,-4.746649076010435,-4.326018333435059,-4.850528407741237,-4.288232326507568,-4.4776458194237625,-4.108462333679199,-4.581199758761638,-4.240336894989014,-5.834840410538302,-4.558413505554199,-5.978040076590873,-4.756742477416992
歯科衛生士,128740,230,128510,-7.99378793658191,-7.764727592468262,-7.952262430577664,-7.65592098236084,-7.975373155288114,-7.7725348472595215,-7.929994109514597,-7.731200695037842,-7.919131890508055,-7.653250694274902,-7.945981499311086,-7.6689839363098145
歯科技工士,39320,31990,7330,-97.9646920138643,-11.107205390930176,-100.0,-100.0,-100.0,-100.0,-100.0,-100.0,-95.10507242552197,-7.994363307952881,-97.53949097684912,-8.136409759521484
栄養士,121310,5540,115770,-8.873102421068964,-7.208713531494141,-8.744442479030505,-6.627201557159424,-8.555600501198805,-8.231661796569824,-8.57509455809722,-8.262537956237793,-8.560182181933454,-7.160708427429199,-8.529527767284497,-6.567741870880127
あん摩マッサージ指圧師，はり師，きゅう師，柔道整復師,118210,85200,33010,-5.937729362313074,-4.133841514587402,-5.949261710450456,-5.193006038665772,-5.856120036758539,-5.348432540893555,-5.807022945300953,-5.314141273498535,-5.973909017693906,-5.068282127380371,-5.9768759044441016,-5.337569713592529
社会福祉専門職業従事者,1166790,197650,969140,-9.15691239961231,-7.908579349517822,-9.08868951733048,-6.668689250946045,-9.033668277827838,-8.652120590209961,-8.959165051176742,-8.4458646774292,-8.863713147986026,-7.468782901763916,-8.779449859180966,-7.215586185455322
保育士,634080,19930,614150,-6.897318949226205,-6.676617622375488,-6.782621489988791,-6.497996330261231,-6.719014309744798,-6.575193881988525,-6.696592185948346,-6.48909330368042,-7.056806826409493,-6.699910640716553,-7.021316634642111,-6.407781600952148
法務従事者,83750,67680,16070,-6.922368122421148,-6.673896312713623,-6.824062705039978,-6.130779266357422,-6.7648848832108595,-6.515292167663574,-6.779803085971523,-6.481964111328125,-7.180007221134565,-6.798057556152344,-7.09276992888064,-6.139269828796387
裁判官，検察官，弁護士,33710,27510,6190,-5.895839611082587,-5.654971599578857,-5.8050395862476245,-5.622360229492188,-5.706088714017213,-5.579760551452637,-5.7247144918184025,-5.576511859893799,-5.9563953821895685,-5.633903980255127,-5.890489488034635,-5.626590251922607
弁理士，司法書士,25560,20860,4710,-7.22365693463624,-6.998317718505859,-7.250827180372702,-7.085353374481201,-7.200435525588407,-7.078803062438965,-7.204923910063666,-7.088456630706787,-7.308054592773204,-6.995583534240723,-7.340219968074077,-6.857161998748779
経営・金融・保険専門職業従事者,190400,154840,35560,-5.31025031868738,-4.888142108917236,-5.313359953261711,-4.629919528961182,-5.433820600728042,-5.176944732666016,-5.4618417379018425,-5.21893310546875,-5.619763538127637,-4.766544342041016,-5.612165177190626,-5.216029167175293
公認会計士,21850,17860,3990,-6.704971655634523,-6.220347881317139,-6.673216407363479,-6.296329498291016,-6.589172585319926,-6.188907146453857,-6.579434265961519,-6.115573883056641,-6.953992865467799,-6.419589519500732,-6.911164419071095,-6.4576520919799805
税理士,63850,53630,10220,-7.161622083824099,-6.954230785369873,-7.055024108371219,-6.726790428161621,-7.090670727591478,-6.964797019958496,-7.0878181973019165,-6.927402019500732,-7.454831905947387,-7.049960136413574,-7.364436884184141,-7.046760559082031
社会保険労務士,21780,14570,7210,-97.95192306460315,-9.671472549438477,-98.16358834988363,-9.344854354858398,-100.0,-100.0,-100.0,-100.0,-88.25670262693448,-8.903868675231934,-88.34681847933176,-8.920814514160156
教員,1429280,683430,745850,-9.4235041814906,-9.16467571258545,-9.303288897952518,-8.712810516357422,-9.261747593188105,-9.105475425720217,-9.256788595302686,-9.16059398651123,-9.446887016296387,-9.051383018493652,-9.36414235347026,-9.066485404968262
幼稚園教員,143310,7680,135620,-9.75083460334603,-8.452415466308594,-9.651924668131647,-8.58707046508789,-9.733013444274436,-9.462320327758787,-9.741659273972383,-9.40688133239746,-9.528654127630569,-8.67361831665039,-9.47978535213986,-8.463301658630371
小学校教員,421160,156830,264330,-9.081238353525409,-8.84371280670166,-9.002288857021847,-8.789953231811523,-8.972934679220652,-8.886357307434082,-8.976805332544687,-8.813586235046387,-9.175205951428595,-8.716980934143066,-9.190611497775928,-8.677279472351074
中学校教員,231400,128460,102940,-10.682769899149887,-10.277823448181152,-10.555204739441743,-10.216126441955566,-10.582849124005733,-10.346793174743652,-10.575852542310148,-10.181565284729004,-10.665333398425853,-10.405932426452637,-10.654983675157702,-10.354469299316406
高等学校教員,257460,167310,90150,-10.999432680261044,-8.615447998046875,-10.888129562944979,-8.913256645202637,-10.984644169115839,-10.456436157226562,-10.935342356965348,-10.16306495666504,-10.962250578494473,-10.71282196044922,-10.896794506021449,-8.724162101745605
特別支援学校教員,78310,29600,48710,-11.38403352344309,-10.813916206359863,-11.286840574161426,-10.800308227539062,-11.365513037179262,-11.00654125213623,-11.3467396078883,-10.851048469543455,-11.37780415920811,-11.072283744812012,-11.344159783543768,-11.058167457580566
大学教員,179620,124700,54920,-11.40371771805159,-10.615778923034668,-11.367141382114307,-10.294859886169434,-11.288486233194366,-11.09364891052246,-11.325603394894987,-11.199482917785645,-11.12639392241267,-10.448591232299805,-11.131563263970452,-10.17219066619873
宗教家,100390,86070,14330,-9.68670929479235,-9.382972717285156,-9.640542784252682,-8.695362091064453,-9.640734949184738,-9.387537002563477,-9.6360892862887,-9.337636947631836,-9.451427219478228,-9.333045959472656,-9.426826335288382,-8.589309692382812
宗教家,100390,86070,14330,-9.68670929479235,-9.382972717285156,-9.640542784252682,-8.695362091064453,-9.640734949184738,-9.387537002563477,-9.6360892862887,-9.337636947631836,-9.451427219478228,-9.333045959472656,-9.426826335288382,-8.589309692382812
著述家，記者，編集者,114060,63390,50670,-8.118744817398886,-7.824073791503906,-8.019821859694815,-7.795185565948486,-8.014807642871187,-7.8403706550598145,-7.999558590553902,-7.779506683349609,-8.395082888712409,-8.026115417480469,-8.409001691921338,-8.088760375976562
著述家,30130,16060,14070,-11.512072810689912,-10.633869171142578,-11.464266499957523,-9.25234603881836,-11.460761456089166,-10.973608016967772,-11.513323584118405,-11.181325912475586,-11.70338975746213,-11.26150894165039,-11.671921001898276,-10.769564628601074
記者，編集者,83930,47330,36590,-8.149069855231366,-7.824073791503906,-8.020348236367509,-7.795185565948486,-8.014807642871187,-7.8403706550598145,-7.999558590553902,-7.779506683349609,-8.467807296578211,-8.026115417480469,-8.409001691921338,-8.088760375976562
美術家，デザイナー，写真家，映像撮影者,317590,165310,152280,-7.33748840375711,-7.158638000488281,-7.312307696084718,-7.178452014923096,-7.3164484482685115,-7.143684387207031,-7.305431372410542,-7.156385898590088,-7.46667805154815,-7.189125061035156,-7.440303344984312,-7.135784149169922
彫刻家，画家，工芸美術家,47320,22120,25200,-7.390809150142524,-7.223602294921875,-7.348475378912848,-7.200904846191406,-7.323478556771315,-7.205302715301514,-7.295023115905556,-7.164641857147217,-7.546242258930934,-7.226238250732422,-7.542872032603702,-7.1879496574401855
デザイナー,201100,96720,104390,-7.51605065542323,-7.185169219970703,-7.432813873162141,-7.218677043914795,-7.404631174247683,-7.19659948348999,-7.3940383195877075,-7.156385898590088,-7.591945899351862,-7.247601985931396,-7.490006585378905,-7.206392765045166
写真家，映像撮影者,69170,46470,22690,-7.366100515118082,-7.158638000488281,-7.341434111466279,-7.178452014923096,-7.324265298042588,-7.143684387207031,-7.312022057739464,-7.169891834259033,-7.471205733204616,-7.189125061035156,-7.483021011223665,-7.135784149169922
音楽家，舞台芸術家,88250,54660,33580,-9.623106432325057,-9.2305908203125,-9.567218838511286,-8.364387512207031,-9.611396265393905,-9.526692390441896,-9.617094342773026,-9.504222869873049,-9.754603888242299,-8.873363494873047,-9.745458448255384,-8.361637115478516
音楽家,26080,16100,9980,-9.687418995922759,-9.2305908203125,-9.584682889886805,-9.158499717712402,-9.611396265393905,-9.526692390441896,-9.617094342773026,-9.504222869873049,-9.908935059117907,-9.570724487304688,-9.806488146653047,-9.100187301635742
舞踊家，俳優，演出家，演芸家,62160,38560,23600,-7.423838597217589,-7.29078197479248,-7.370333861660313,-6.555854797363281,-7.414644608970817,-7.340050220489502,-7.411614024961317,-7.335994243621826,-7.378985732566309,-7.138675212860107,-7.376519876557428,-7.180350303649902
図書館司書，学芸員,31080,6220,24850,-10.484722319450087,-8.77371597290039,-10.398784966082186,-6.632305145263672,-10.433755525195872,-10.05705451965332,-10.383786678314209,-9.9683256149292,-10.49827766418457,-9.931788444519045,-10.43029133693592,-6.456146240234375
個人教師（音楽）,70110,8860,61250,-6.520026978645616,-6.189059734344482,-6.585615190299782,-6.333530426025391,-6.53593661402928,-6.277809143066406,-6.594092994122891,-6.400259494781494,-6.452111011243049,-6.221304416656494,-6.479824678317921,-6.3132004737854
個人教師（舞踊，俳優，演出，演芸）,19810,4570,15240,-7.651541211222875,-6.082950592041016,-7.587292329685108,-5.300167083740234,-7.611368135641549,-7.453041076660156,-7.618763079514375,-7.421035766601562,-7.155630362852839,-2.7620654106140137,-7.147995175542058,-6.027721405029297
個人教師（スポーツ）,120470,55720,64740,-6.292106945096082,-6.064418315887451,-6.353668631734075,-6.093986511230469,-6.332720145014406,-6.146579742431641,-6.393278421582402,-6.204105377197266,-6.409360780060746,-6.244952201843262,-6.457769738661276,-6.311221599578857
個人教師（学習指導）,226070,118210,107860,-3.6116576140163508,-2.4060041904449463,-3.6163011064400545,-2.3760793209075928,-4.236145545508116,-2.434497594833374,-4.012641128656027,-2.4154510498046875,-3.056828449700625,-2.492086410522461,-3.1165041891304224,-2.470988750457764
個人教師（他に分類されないもの）,102960,24210,78740,-7.5122405299703585,-6.153075218200684,-7.639403169219558,-6.153207302093506,-6.9460642246799615,-6.098728179931641,-6.897055948102796,-6.058880805969238,-8.000339828374731,-6.079010963439941,-7.994607026512559,-7.8153839111328125
職業スポーツ従事者,11980,10940,1040,-11.755345548382243,-8.608603477478027,-11.568539757986326,-7.716857433319092,-11.513754058430212,-11.321894645690918,-11.505875761444504,-11.26889705657959,-11.272272612302357,-8.56801986694336,-11.168864404832995,-7.3971357345581055
通信機器操作従事者,17770,14340,3430,-7.8935731531099504,-7.678298473358154,-7.894863792367883,-7.618518829345703,-7.925657698216329,-7.762046813964844,-7.915145332748826,-7.698348522186279,-7.8806560894915165,-7.664962768554687,-7.889727611799498,-7.652904510498047
他に分類されない専門的職業従事者,309100,182330,126770,-15.014138148941157,-7.037315845489502,-15.34048992878682,-6.9585371017456055,-13.424702080151507,-6.99240255355835,-13.216263162123191,-7.090675354003906,-17.134784476447653,-7.155832290649414,-17.366855044622678,-7.126331329345703
事務従事者,11756080,4600740,7155340,-10.112484196670183,-8.823953628540039,-9.962175414368913,-8.213247299194336,-10.071315663461467,-9.946346282958984,-10.045251601451152,-9.867323875427246,-10.137901706549957,-8.437129974365234,-10.007776105726087,-8.268001556396484
一般事務従事者,8096860,3101820,4995050,-7.313394925066533,-7.016353130340576,-7.215781988324346,-6.748786449432373,-7.3401170868909995,-7.057939529418945,-7.346088489970645,-7.056760787963867,-7.272886531043599,-7.066258430480957,-7.218711157102843,-6.9723734855651855
庶務・人事事務員,1057330,421240,636090,-8.518476253247442,-8.359771728515625,-8.529651922148627,-7.178645610809326,-8.456052525352886,-8.281349182128906,-8.493342483365858,-8.263229370117188,-8.468936468808705,-8.278658866882324,-8.450374870686918,-7.156188488006592
受付・案内事務員,369800,47960,321840,-7.9172482199341285,-7.776675224304199,-7.883816570849032,-7.782997131347656,-7.832041572978478,-7.719672203063965,-7.822951120299262,-7.672228813171387,-7.981312067454098,-7.722557544708252,-7.954515405603357,-7.724767684936523
電話応接事務員,292540,64130,228410,-7.2253470020439785,-6.943568229675293,-7.2522037931390715,-6.946575164794922,-7.0943152012715816,-6.834384918212891,-7.1270686130265934,-6.825031280517578,-6.92172427213829,-6.755160331726074,-6.931502638636409,-6.602870464324951
総合事務員,2639330,604330,2035000,-7.178144356676641,-6.6104888916015625,-7.0844475256430135,-6.628753662109375,-7.3407372809548415,-6.784709453582764,-7.351314367474736,-6.75435209274292,-7.042998856260576,-6.566089630126953,-6.954312475951943,-6.5046234130859375
会計事務従事者,1523600,375940,1147660,-8.448650207228333,-8.205008506774902,-8.367631303297507,-6.472468376159668,-8.36264310356315,-8.27137279510498,-8.364510201119089,-8.266972541809082,-8.171893465609951,-7.316824913024902,-8.169347714733433,-6.677261352539063
会計事務従事者,1523600,375940,1147660,-8.448650207228333,-8.205008506774902,-8.367631303297507,-6.472468376159668,-8.36264310356315,-8.27137279510498,-8.364510201119089,-8.266972541809082,-8.171893465609951,-7.316824913024902,-8.169347714733433,-6.677261352539063
生産関連事務従事者,584650,396420,188230,-8.851392050735823,-7.342132568359375,-8.863131635897869,-7.825198650360107,-8.80479761662374,-8.490421295166016,-8.81261556857341,-8.462989807128906,-8.639132481494933,-7.889320373535156,-8.617271329905536,-7.215545654296875
生産関連事務従事者,584650,396420,188230,-8.851392050735823,-7.342132568359375,-8.863131635897869,-7.825198650360107,-8.80479761662374,-8.490421295166016,-8.81261556857341,-8.462989807128906,-8.639132481494933,-7.889320373535156,-8.617271329905536,-7.215545654296875
営業・販売事務従事者,872440,417090,455350,-9.142487802578293,-8.268692016601562,-9.040122644321338,-8.136394500732422,-9.131268741520307,-8.967930793762207,-9.146969402158582,-8.965848922729492,-8.98829139461954,-7.870277404785156,-8.980674073502824,-7.861025333404541
営業・販売事務従事者,872440,417090,455350,-9.142487802578293,-8.268692016601562,-9.040122644321338,-8.136394500732422,-9.131268741520307,-8.967930793762207,-9.146969402158582,-8.965848922729492,-8.98829139461954,-7.870277404785156,-8.980674073502824,-7.861025333404541
外勤事務従事者,77390,27130,50260,-9.869777388245096,-8.792476654052734,-9.814435514243874,-9.188209533691406,-9.586771113271931,-8.617870330810547,-9.542325606217256,-9.020442962646484,-10.28090537413386,-8.388077735900879,-10.290026013915604,-8.848608016967773
集金人,18690,7060,11630,-10.3307773065931,-5.110561370849609,-10.382784833779207,-6.852092742919922,-10.480687294297546,-9.981258392333984,-10.489425891154522,-10.14703369140625,-10.044318883473636,-7.146689414978027,-9.993639839662087,-5.266769409179688
調査員,24460,10360,14090,-7.811809557994813,-6.420692443847656,-7.674764323878932,-7.276626110076904,-7.856460247330993,-7.607337474822998,-7.875880302609624,-7.672834396362305,-7.614354435724157,-6.9195475578308105,-7.539464441505638,-6.365280151367188
運輸・郵便事務従事者,364410,221720,142700,-8.79622147829478,-7.502322196960449,-8.702435203500697,-7.155101776123047,-8.71260752932716,-8.380483627319336,-8.69886556831566,-8.427763938903809,-8.7214506819048,-8.405913352966309,-8.726970624279332,-7.261446952819824
運輸事務員,217830,155350,62480,-11.266330668034444,-10.498316764831545,-11.353790753596538,-10.69985008239746,-11.46948224715604,-10.652894973754885,-11.47829727868776,-10.867132186889648,-11.102092233322958,-10.374518394470217,-11.116654280069712,-10.467108726501465
郵便事務員,146590,66370,80220,-8.593939781188965,-8.252272605895996,-8.638948878726444,-8.17247486114502,-8.491758026239527,-8.153104782104492,-8.527599160735672,-8.034133911132812,-8.91550018951183,-8.306617736816406,-8.958268230025833,-8.234764099121094
事務用機器操作員,236720,60630,176100,-5.857561235209458,-5.397644519805908,-5.825622610143713,-5.255392551422119,-5.880857413051692,-5.574728965759277,-5.832173399023108,-5.347623348236084,-5.8877895333384735,-5.343195915222168,-5.936321893253842,-5.439099311828613
パーソナルコンピュータ操作員,58290,20620,37670,-100.0,-100.0,-100.0,-100.0,-100.0,-100.0,-100.0,-100.0,-99.32831873420541,-12.009754180908203,-100.0,-100.0
データ・エントリー装置操作員,155710,26050,129660,-10.144873320601368,-9.860363006591797,-9.963219758626577,-9.841316223144531,-9.96374180480724,-9.876811981201172,-9.982252101640444,-9.880992889404297,-9.998753897106374,-9.819336891174316,-10.018937858375343,-9.844630241394045
販売従事者,6797870,3677260,3120600,-11.3073001235496,-10.179677963256836,-11.314687000738608,-11.064360618591309,-11.233527234492412,-11.08520793914795,-11.290138650584865,-11.052358627319336,-10.952217225810044,-9.763507843017578,-10.925524556958997,-9.769996643066406
商品販売従事者,3704260,1304570,2399690,-7.758726556792514,-6.95493221282959,-7.666845721167487,-6.434073925018311,-7.764551501237709,-7.4567670822143555,-7.768194907420391,-7.466692924499512,-7.929876804351807,-7.462615013122559,-7.8922734582746354,-6.425128936767578
小売店主・店長,303970,214400,89570,-10.484926893510892,-8.621452331542969,-10.459953601295883,-7.729648113250732,-10.438619125890368,-10.264711380004885,-10.419442518337354,-10.249064445495604,-10.010505341391527,-7.574599266052246,-9.972047947548532,-7.619052410125732
卸売店主・店長,42430,36810,5620,-10.45226558292185,-7.303853034973144,-10.454461274920282,-7.729648113250732,-10.438619125890368,-10.264711380004885,-10.419442518337354,-10.249064445495604,-10.010505341391527,-7.574599266052246,-9.962983337608543,-7.325542449951172
販売店員,3291060,1006170,2284900,-6.455348746467183,-6.199901580810547,-6.391549161962561,-6.231304168701172,-6.369198970212281,-6.179176330566406,-6.399215153745703,-6.190347671508789,-6.766249430998591,-6.3239593505859375,-6.774840335588197,-6.3191752433776855
商品訪問・移動販売従事者,23200,10540,12670,-11.045102993040594,-9.369202613830566,-10.904327025284639,-9.139448165893556,-10.928907212410264,-10.588933944702148,-10.918036248232868,-10.590513229370115,-10.672548527025995,-8.970263481140137,-10.65139814325281,-9.000484466552734
再生資源回収・卸売従事者,14090,12840,1250,-7.024536944527663,-6.835516929626465,-7.028679799389195,-6.827292919158936,-7.00813921717287,-6.815494537353516,-7.000179612958753,-6.8157148361206055,-7.182196420567636,-7.021075248718262,-7.184979048935142,-6.990835189819336
商品仕入外交員,29500,23830,5680,-7.731518647142949,-7.228145599365234,-7.776008889481828,-7.481024742126465,-7.6006810392132245,-7.022093296051025,-7.636721217954481,-7.387179851531982,-7.635717078929639,-7.070365905761719,-7.6886544710881,-7.419952392578125
販売類似職業従事者,416210,229920,186290,-7.820780903328466,-5.1112823486328125,-7.839562364526697,-6.983245372772217,-7.788786116447158,-7.350772857666016,-7.775406086767042,-7.266761779785156,-7.923493010397176,-7.6065778732299805,-7.849817189010414,-5.125690460205078
不動産仲介・売買人,99270,72480,26790,-7.535124607668578,-6.405483245849609,-7.478175276034587,-5.126616477966309,-7.434811763181031,-7.04666805267334,-7.497158082755837,-7.081069946289063,-7.628403201358009,-7.352970600128174,-7.635833018534893,-6.110633850097656
保険代理・仲立人（ブローカー）,25610,18090,7520,-9.703117407005251,-9.040631294250488,-9.716430435309539,-7.414436817169189,-9.516590591605382,-9.003096580505371,-9.56186665715398,-9.074604034423828,-9.578102410294628,-7.343271255493164,-9.526248023316667,-7.213541030883789
営業職業従事者,2677390,2142770,534630,-6.728799346749109,-6.515982627868652,-6.66941274501182,-6.501998424530029,-6.8360031761285915,-6.719062805175781,-6.804992073291057,-6.672088146209717,-7.003743819608033,-6.643470764160156,-7.01416976065249,-6.6284284591674805
医薬品営業職業従事者,83260,72070,11180,-9.005954560432725,-8.375200271606445,-9.055408709758037,-8.4109525680542,-8.716836041166582,-8.422144889831543,-8.712706585188169,-8.401778221130371,-8.974697855592684,-8.218684196472168,-8.992804224426681,-8.161026000976562
機械器具・通信・システム営業職業従事者,581280,527630,53640,-8.442439137524321,-6.832500457763672,-8.478584560188088,-6.4139404296875,-8.46635214973042,-8.285693168640137,-8.489641511762464,-8.124556541442871,-8.732616810398248,-6.9890899658203125,-8.719733557185611,-6.667343616485596
金融・保険営業職業従事者,467050,224690,242360,-4.518050179226708,-4.274592876434326,-4.573322988845207,-4.305763244628906,-4.995507229375475,-4.814387321472168,-5.016630388594963,-4.7487969398498535,-5.39487293112369,-4.832019329071045,-5.411640898601429,-4.889322280883789
不動産営業職業従事者,138640,109080,29560,-7.595188049869683,-7.1832804679870605,-7.55787861991573,-7.049461364746094,-7.421265671271404,-7.03838586807251,-7.408608639562452,-7.090823173522949,-7.263227411808859,-6.9010162353515625,-7.262878321312569,-6.870425224304199
サービス職業従事者,6846830,2128320,4718510,-10.07019734928626,-7.267776966094971,-9.99290309725581,-6.362598419189453,-10.172264812556842,-9.616230964660645,-10.130454643352612,-9.33146858215332,-10.103925916074797,-8.58084487915039,-10.048290301013637,-6.189960956573486
家庭生活支援サービス職業従事者,20820,1160,19660,-9.465778481869297,-9.334766387939451,-9.421512423334894,-9.191852569580078,-9.426120976455339,-9.22551155090332,-9.406528228038066,-9.167425155639648,-9.556493475236966,-9.331024169921877,-9.520829316732046,-9.19918441772461
家政婦（夫），家事手伝い,7250,140,7120,-7.990236446147657,-7.712599277496338,-8.006743369875727,-7.662009716033935,-7.94455855857325,-7.743743419647217,-7.937468660844339,-7.417655467987059,-8.224686000183338,-7.942738056182861,-8.230865794259149,-7.996527671813965
介護サービス職業従事者,1634740,389720,1245020,-6.271317445594846,-5.9861369132995605,-6.215433813430168,-5.8804779052734375,-6.391480387622163,-6.199553489685059,-6.323107361793518,-6.1700286865234375,-6.970382078913332,-6.455630302429199,-6.880467227987341,-6.380087852478027
介護職員（医療・福祉施設等）,1358960,357800,1001160,-98.60253783946729,-8.465319633483887,-100.0,-100.0,-100.0,-100.0,-100.0,-100.0,-99.25962756608278,-3.0112111568450928,-99.38082749134786,-8.362468719482422
訪問介護従事者,275770,31920,243860,-6.803472165843003,-6.581725597381592,-6.761987183545087,-6.267070293426514,-6.758377224434423,-6.57709550857544,-6.753637954995439,-6.589339256286621,-7.028805656287506,-6.747881889343262,-7.020785167410567,-6.204265594482422
保健医療サービス職業従事者,305500,18150,287350,-100.0,-100.0,-100.0,-100.0,-100.0,-100.0,-100.0,-100.0,-99.31762149315755,-10.608415603637695,-99.38155251580315,-8.469772338867188
看護助手,138040,10400,127640,-10.196954734452808,-9.831356048583984,-10.026506127537909,-9.140625,-10.164067770688588,-9.99855613708496,-10.136514799014941,-10.005520820617676,-10.353515180922647,-10.038683891296388,-10.31286037934793,-9.598339080810549
生活衛生サービス職業従事者,750420,227520,522900,-99.30074329230622,-8.397371292114258,-100.0,-100.0,-100.0,-100.0,-100.0,-100.0,-99.3021278818145,-8.578752517700195,-100.0,-100.0
理容師,140770,82700,58080,-7.398252985859645,-7.094219207763672,-7.488415521544379,-7.040402889251709,-7.4137573496985985,-7.013069152832031,-7.4919765994355485,-7.23539924621582,-7.591588675520803,-7.258695125579834,-7.618201014157888,-7.190239906311035
美容師,351060,88440,262630,-7.989405045982536,-7.221557140350342,-7.906049644624865,-7.588034629821777,-7.90987218609293,-7.700954437255859,-7.935281002843702,-7.60821008682251,-7.9160939864529904,-7.468539237976074,-7.830670076447564,-7.236617565155029
美容サービス従事者（美容師を除く）,119220,5310,113910,-6.326954761534247,-4.730929851531982,-6.291554251232663,-5.845632553100586,-6.319485693487502,-6.121154308319092,-6.307302616737984,-6.033866882324219,-6.512222468398,-6.180088043212891,-6.509880694183144,-5.000926017761231
浴場従事者,34540,12610,21930,-9.094702152805475,-8.024524688720703,-8.991063820349204,-7.609786987304687,-9.062208969174451,-8.859748840332031,-9.092528310981956,-8.9618558883667,-8.820832798499188,-8.061508178710938,-8.70211984337987,-7.414417266845703
クリーニング職，洗張職,104820,38460,66360,-8.638402603964769,-8.234565734863281,-8.61790344521806,-8.023985862731934,-8.678670941418364,-8.294103622436523,-8.70511936497044,-8.320693969726562,-8.245053713558285,-7.638184070587158,-8.2403747906556,-7.489345073699951
飲食物調理従事者,1829800,708530,1121260,-9.975428828756318,-9.573936462402344,-9.89855815913226,-8.495837211608887,-10.140461222816059,-9.91242790222168,-10.098325329857904,-9.65659523010254,-9.856488468082807,-9.531818389892578,-9.81121986621135,-8.61273193359375
調理人,1822470,702590,1119870,-8.806909175319525,-8.135478019714355,-8.68659576532003,-7.516299724578857,-8.71609192768126,-8.338563919067383,-8.759714886948869,-8.477267265319824,-9.163929757271104,-8.769868850708008,-9.145881018123111,-7.668869495391846
バーテンダー,7330,5940,1390,-7.486439064258837,-6.337981224060059,-7.521153124603066,-6.121307373046875,-7.600853555985079,-7.224341869354248,-7.622330233857438,-7.231185436248779,-7.431650882458869,-6.274523735046387,-7.4252378876144824,-6.147476196289063
接客・給仕職業従事者,1452570,453280,999290,-6.933292407115907,-5.081752777099609,-6.963144972517684,-6.018668174743652,-7.011454847932772,-6.796107769012451,-7.013549798243755,-6.82681941986084,-6.840451753776492,-6.541332244873047,-6.827562902424787,-5.131667137145996
飲食店主・店長,114270,54020,60250,-10.484926893510892,-8.621452331542969,-10.459953601295883,-7.729648113250732,-10.438619125890368,-10.264711380004885,-10.419442518337354,-10.249064445495604,-10.010505341391527,-7.574599266052246,-9.972047947548532,-7.619052410125732
旅館主・支配人,24510,17060,7450,-8.56776323391281,-8.227622985839844,-8.463317813100042,-8.101516723632812,-8.333095696136242,-8.155280113220215,-8.340710060016528,-8.006092071533203,-8.376490520156977,-7.903895854949951,-8.344382021878216,-7.903572082519531
飲食物給仕・身の回り世話従事者,887020,199290,687730,-97.90530592794637,-7.519210815429687,-100.0,-100.0,-100.0,-100.0,-100.0,-100.0,-99.27425936342196,-4.927976608276367,-99.38831206914541,-9.470186233520508
接客社交従事者,18460,2370,16090,-100.0,-100.0,-100.0,-100.0,-100.0,-100.0,-100.0,-100.0,-99.30586039564992,-9.06771183013916,-100.0,-100.0
娯楽場等接客員,408310,180540,227770,-5.592353620601974,-5.029044628143311,-5.638793532912795,-5.241702079772949,-5.669888463639121,-5.279669284820557,-5.708564987053743,-5.471602916717529,-5.451704596745149,-4.774970531463623,-5.512118803488241,-5.266924858093262
居住施設・ビル等管理人,239760,179250,60510,-9.251505880865432,-7.764595031738281,-9.207271005656269,-7.121535778045654,-9.177185495391146,-8.922639846801758,-9.179887507412884,-8.854015350341797,-8.958325797364912,-6.440894603729248,-8.966404399356326,-7.036448955535889
マンション・アパート・下宿・寄宿舎・寮管理人,146920,101240,45680,-3.955324385912364,-3.673129081726074,-3.926718744071754,-3.5358777046203613,-3.8877633782743497,-3.6498191356658936,-3.8992309280343957,-3.6515321731567374,-4.407201432089769,-3.817823886871338,-4.459324790013803,-3.868713617324829
ビル管理人,42610,34440,8170,-8.084001151660017,-7.76945161819458,-8.071771644257211,-7.671172618865967,-8.197382198945256,-7.930103778839111,-8.219016416652783,-8.034065246582031,-8.435983716076567,-7.945339202880859,-8.488734554600072,-8.178326606750488
駐車場管理人,50230,43560,6670,-4.847608002087542,-4.518782615661621,-4.81669570304252,-4.546577453613281,-4.736100928474019,-4.535347938537598,-4.741242827595891,-4.547827243804932,-5.538682832062699,-4.751461029052734,-5.5737670563362745,-4.726428985595703
旅行・観光案内人,15860,7390,8470,-9.287266622062857,-8.715700149536133,-9.268743775986337,-7.635112285614014,-9.203409056627114,-8.903864860534668,-9.20758537988405,-8.939882278442383,-9.176828777517072,-8.856476783752441,-9.159178044344928,-8.1749267578125
物品一時預り人,910,360,550,-10.100391118581058,-9.802202224731444,-9.98857688259434,-9.716822624206545,-10.116623485361346,-9.832159996032717,-10.006988525390625,-9.729655265808104,-10.048982911437522,-9.68802547454834,-10.007035261875874,-9.707587242126465
物品賃貸人,63760,36140,27630,-98.61826858083711,-9.243592262268066,-100.0,-100.0,-100.0,-100.0,-100.0,-100.0,-99.30928884025748,-9.516838073730469,-99.38766834542558,-9.37491512298584
広告宣伝員,26890,9360,17530,-10.360176464983525,-9.619606018066406,-10.356618913444313,-9.728068351745604,-9.955461305516367,-9.523521423339844,-10.006383470586828,-9.533038139343262,-10.694337386211366,-10.103529930114746,-10.648887505402437,-10.01243495941162
葬儀師，火葬作業員,49200,26300,22900,-5.863900399390068,-5.520556449890137,-5.832527708362889,-5.567760467529297,-5.8579004884676165,-5.659336566925049,-5.863153918369396,-5.612178325653076,-6.282278916307988,-5.587596416473389,-6.328344132449176,-5.661002159118652
他に分類されないサービス職業従事者,456590,71160,385430,-98.74540149892559,-17.769968032836914,-100.0,-100.0,-100.0,-100.0,-100.0,-100.0,-100.0,-100.0,-100.0,-100.0
保安職業従事者,1104210,1019900,84310,-7.719398291056393,-4.407639026641846,-7.675941837800516,-5.381587028503418,-8.701975210932375,-8.218680381774902,-8.691987250302288,-8.259860038757324,-8.823358823324888,-5.94455099105835,-8.768115684792802,-5.710361003875732
保安職業従事者,1104210,1019900,84310,-7.719398291056393,-4.407639026641846,-7.675941837800516,-5.381587028503418,-8.701975210932375,-8.218680381774902,-8.691987250302288,-8.259860038757324,-8.823358823324888,-5.94455099105835,-8.768115684792802,-5.710361003875732
自衛官,230380,210390,19990,-9.15948768062446,-8.235979080200195,-9.023950654107171,-8.226344108581543,-9.06765262225202,-8.723007202148438,-9.033779298936999,-8.72412109375,-8.924947709527634,-7.669376373291016,-8.810465983442358,-7.646746635437012
警察官，海上保安官,251160,220960,30200,-7.1209616042275465,-6.791263103485107,-6.91105279729173,-6.633785247802734,-6.959393930799179,-6.782112121582031,-6.868423503798407,-6.671485424041748,-7.111164588054628,-6.660781383514404,-7.12297855841147,-6.6722331047058105
消防員,148580,144230,4350,-6.189172551832126,-5.940562725067139,-6.150723624873805,-6.011813640594482,-6.1023111161384875,-5.815402984619141,-6.120673740232313,-5.99367094039917,-6.075159047396128,-5.584088325500488,-6.095935257705483,-5.603189945220947
警備員,374690,357250,17440,-9.232435029881602,-8.859257698059082,-9.079449492531854,-7.321817398071289,-9.131380030217061,-8.944291114807129,-9.134411347878945,-8.987446784973145,-9.255309818355181,-9.05091381072998,-9.208090540525076,-7.117660045623779
他に分類されない保安職業従事者,84720,73910,10810,-100.0,-100.0,-100.0,-100.0,-100.0,-100.0,-100.0,-100.0,-100.0,-100.0,-100.0,-100.0
農林漁業従事者,1898800,1205200,693600,-11.895519737068934,-10.29050064086914,-11.853871455063691,-10.349207878112791,-11.944027857016062,-11.730169296264648,-11.920494337339658,-11.70537567138672,-11.986929413016515,-11.53581714630127,-11.981425807282731,-10.251486778259276
農業従事者,1735160,1067910,667250,-9.471565159222552,-9.236698150634766,-9.378667728320972,-9.29562282562256,-9.345629291680023,-9.293745994567873,-9.34283363496935,-9.275890350341797,-9.523403721001312,-9.32033920288086,-9.439163272445267,-9.309605598449709
農耕従事者,1452780,850400,602380,-8.980391254861846,-8.764711380004883,-8.963345430992746,-8.752796173095703,-8.91387150305828,-8.796857833862305,-8.948266351545179,-8.752636909484863,-9.516513191106664,-9.014455795288086,-9.408231374379751,-8.794772148132324
養畜従事者,154470,99790,54670,-7.261929180785899,-6.497614860534668,-7.18435106728528,-6.919930458068848,-7.134146785008088,-6.9682464599609375,-7.084103938695547,-6.869663238525391,-7.223179347642505,-6.292469024658203,-7.2018448984300765,-6.2596588134765625
植木職，造園師,122810,113350,9460,-4.3431984031473405,-3.647884607315064,-4.261191598466925,-3.3722524642944336,-4.361714192019164,-3.761319398880005,-4.379075886429967,-3.4993958473205566,-4.9526408392054435,-3.821276664733887,-4.963340280829249,-3.87837028503418
林業従事者,43710,40980,2730,-7.566507648875695,-7.277244567871094,-7.494076851251963,-7.349669456481934,-7.5118319860851495,-7.407374858856201,-7.497106490908442,-7.342757701873779,-7.708366779880669,-7.434722900390625,-7.629053940644136,-7.412029266357422
育林従事者,17480,16160,1320,-8.249907326152307,-7.797386169433594,-8.256799504563615,-8.09066104888916,-8.350178114330495,-8.181681632995605,-8.361891289015073,-8.194866180419922,-8.490823760287451,-8.139029502868652,-8.521961366808092,-7.842678070068359
伐木・造材・集材従事者,20480,19990,490,-5.925421678382932,-5.6998724937438965,-5.863030230676806,-5.666881084442139,-5.7405269855761345,-5.576266288757324,-5.740001488376308,-5.595766067504883,-5.790488596180923,-5.591567516326904,-5.768891173440057,-5.518398284912109
漁業従事者,119930,96310,23620,-6.450291124008994,-6.204054832458496,-6.356977024593869,-6.229079246520996,-6.312013655218459,-6.226089477539063,-6.342140500609939,-6.224665641784668,-6.5537179080584576,-6.141924858093262,-6.475639936086294,-6.185634136199951
漁労従事者,66470,57690,8780,-3.999085151512204,-3.651431560516357,-3.913765657592464,-3.650970697402954,-3.7214692967538614,-3.4426136016845703,-3.703277233484629,-3.48733901977539,-4.329269687638028,-3.7571146488189697,-4.34719291248837,-3.678178787231445
船長・航海士・機関長・機関士（漁労船）,6510,6490,10,-7.108277783139061,-6.9475812911987305,-7.098261520669267,-6.951717376708984,-7.117906919872488,-7.001018524169922,-7.1341079183526945,-7.007514953613281,-7.153316068285294,-6.902286529541016,-7.171048470445581,-6.950191974639893
海藻・貝採取従事者,10280,7380,2900,-5.261230192111649,-4.3570098876953125,-5.2822730766760335,-4.181457042694092,-5.368316836029519,-5.110857963562012,-5.364878493386346,-5.123574256896973,-5.318293535072385,-4.996289253234863,-5.296379978592332,-4.263267517089844
水産養殖従事者,33980,23960,10020,-5.940550873297771,-5.755596160888672,-5.863450936368994,-5.751357555389404,-5.883183177190882,-5.766266345977783,-5.867622778222367,-5.775421142578125,-5.8320366080480674,-5.585860729217529,-5.8358366457191675,-5.644797325134277
生産工程従事者,7534000,5263320,2270670,-9.107892840873195,-7.834959506988525,-9.093628828589981,-7.109222888946533,-9.01994151195497,-8.861495018005371,-9.046871043540335,-8.855477333068848,-8.944485438689021,-8.323888778686523,-8.949205778740549,-7.879779815673828
製品製造・加工処理従事者（金属製品）,1073520,970440,103080,-5.288954880401378,-5.027200698852539,-5.191583452997981,-4.966083526611328,-5.1360159102287,-4.982738494873047,-5.130414009094238,-4.928028106689453,-5.268309196443048,-5.114536762237549,-5.295046181292148,-5.100407123565674
製銑・製鋼・非鉄金属製錬従事者,39090,37830,1250,-8.011141511320158,-6.402057647705078,-8.084720415038031,-7.004493236541748,-8.04549073444978,-7.327455520629883,-8.133388274424785,-7.31374979019165,-8.132163892265494,-7.653533935546875,-8.18951327414126,-7.043999195098877
鋳物製造・鍛造従事者,36120,34420,1700,-7.357937983884156,-6.4507904052734375,-7.315828210598713,-5.795001983642578,-7.310598704651112,-7.0559916496276855,-7.30677105285026,-7.162746429443359,-7.195915251287795,-6.281379699707031,-7.172014793834171,-5.665809631347656
金属工作機械作業従事者,152140,139960,12180,-100.0,-100.0,-100.0,-100.0,-100.0,-100.0,-100.0,-100.0,-100.0,-100.0,-100.0,-100.0
金属プレス従事者,61420,52140,9280,-9.434432517481214,-8.716780662536621,-9.311075597196012,-8.332438468933105,-9.420357624083074,-9.221858024597168,-9.424351511774836,-9.202301025390623,-9.380239151816331,-9.211386680603027,-9.344202060957212,-8.228605270385742
鉄工，製缶従事者,53660,51960,1700,-7.835909697845692,-7.369658470153809,-7.770521759986877,-7.147014617919922,-7.727235852307036,-7.433625221252441,-7.738231929572853,-7.448403358459473,-7.894946768083646,-7.603991985321045,-7.872646689414978,-7.2124104499816895
板金従事者,73170,69470,3710,-8.210677696548345,-7.918976306915283,-8.148227733534736,-6.369983673095703,-8.280461253100679,-8.160567283630371,-8.274432891124004,-8.14223575592041,-8.448000420140856,-8.114508628845215,-8.394666475218695,-6.274059295654297
金属彫刻・表面処理従事者,37220,32700,4510,-6.869478593345817,-6.5162553787231445,-6.707623401203671,-5.762168884277344,-6.8416488734820415,-6.678414344787598,-6.809351853422217,-6.6556596755981445,-7.276909031030786,-6.662640571594238,-7.200506477742581,-5.474605560302734
金属溶接・溶断従事者,163710,157300,6410,-7.552370879486317,-7.003536224365234,-7.4732968356158285,-6.374362945556641,-7.479478908859137,-7.238597393035889,-7.472314290098242,-7.211782455444336,-7.522783887295323,-7.315896034240723,-7.482369335922035,-6.3060832023620605
製品製造・加工処理従事者（金属製品を除く）,3018290,1635240,1383050,-5.288954880401378,-5.027200698852539,-5.191583452997981,-4.966083526611328,-5.1360159102287,-4.982738494873047,-5.130414009094238,-4.928028106689453,-5.268309196443048,-5.114536762237549,-5.295046181292148,-5.100407123565674
化学製品製造従事者,219640,168950,50690,-6.295936413393676,-5.953902721405029,-6.279181483629587,-5.909537315368652,-6.54567005434109,-6.122794151306152,-6.513718511607196,-6.0622968673706055,-6.552556809578233,-6.142135143280029,-6.476514023703498,-5.976634979248047
窯業・土石製品製造従事者,139770,117400,22370,-7.470091426645526,-5.549564838409424,-7.532169986415553,-7.318854331970215,-7.433901066088494,-7.214380264282227,-7.436666053694648,-7.200830936431885,-7.757955594827201,-7.25147533416748,-7.730379304370365,-6.946661472320557
食料品製造従事者,1227480,476590,750890,-13.674907786245564,-10.64362335205078,-13.605400942467355,-10.350001335144045,-13.694403451817637,-13.54648494720459,-13.689924439868411,-13.545483589172363,-13.428612789124934,-10.701933860778809,-13.346959358937031,-10.466837882995604
飲料・たばこ製造従事者,45150,34290,10850,-6.903334271816807,-3.86029052734375,-6.868713018056509,-4.377044677734375,-6.949036907603722,-6.66782283782959,-6.931827806137703,-6.567435264587402,-6.582959528187759,-4.018589019775391,-6.532463229991294,-3.855273723602295
紡織・衣服・繊維製品製造従事者,274370,88650,185720,-7.828797948269444,-7.571277618408203,-7.770232600134772,-7.535893440246582,-7.6954283823493785,-7.383239269256592,-7.636366286793271,-7.450191497802734,-8.091415907590443,-7.646953105926514,-8.047553532832378,-7.577592849731445
木・紙製品製造従事者,273160,214470,58690,-9.51266673867029,-6.49080753326416,-9.546530884665412,-7.304472923278809,-9.501568473932398,-9.130321502685549,-9.534467768024754,-9.14218807220459,-9.329407349797606,-5.746490478515625,-9.272031194454915,-5.587484359741211
印刷・製本従事者,180700,126450,54250,-7.739418728660991,-6.313681602478027,-7.720634180146295,-6.81007719039917,-7.768456746603697,-7.656341552734375,-7.766292890986881,-7.653636932373047,-7.894889070787503,-7.745437145233154,-7.88076689436629,-6.253788948059082
ゴム・プラスチック製品製造従事者,298880,219140,79740,-7.691978922327056,-3.6941089630126953,-7.651590998108323,-4.486015319824219,-7.734292427092108,-7.448176383972168,-7.719303401740822,-7.379302501678467,-7.111107951812162,-3.110985040664673,-7.030005366415591,-3.177816390991211
機械組立従事者,1261100,969420,291680,-10.49182296345252,-5.982131004333496,-10.54545472441493,-7.040576457977295,-10.473479190855535,-10.247661590576172,-10.4943496085502,-10.30355739593506,-10.056015626164793,-6.898824691772461,-10.017059126415768,-5.980135917663574
はん用・生産用・業務用機械器具組立従事者,334370,280020,54350,-7.789668854866319,-7.353386402130127,-7.7457471634890585,-6.303084373474121,-7.776971762416927,-7.334417343139648,-7.774499638660534,-7.250311851501465,-7.500858397884223,-5.473586559295654,-7.44407525900248,-5.719080924987793
電気機械器具組立従事者,485760,321610,164150,-13.652147744448131,-9.681256294250488,-13.674738967740858,-9.691179275512695,-13.497491174071799,-7.911649703979492,-13.541964659819731,-7.789768218994141,-13.397347770574438,-8.403083801269531,-13.346744891759512,-9.73128890991211
自動車組立従事者,344560,291780,52790,-7.593399208010608,-6.97653865814209,-7.589188459757212,-6.704963684082031,-7.518290963791709,-7.357287406921387,-7.5350069580851375,-7.168062686920166,-7.710474818717432,-7.508712291717529,-7.700956518585618,-6.80491828918457
輸送機械組立従事者（自動車を除く）,52740,48120,4630,-100.0,-100.0,-100.0,-100.0,-100.0,-100.0,-100.0,-100.0,-99.35071270338452,-14.943364143371582,-100.0,-100.0
計量計測機器・光学機械器具組立従事者,43660,27900,15760,-8.694783101555045,-8.339613914489746,-8.688385467271548,-8.449941635131836,-8.604191423372457,-8.35024642944336,-8.608770860208047,-8.416319847106934,-8.98371225458975,-8.38416576385498,-9.073207230181307,-8.408391952514648
機械整備・修理従事者,942120,912580,29530,-6.634219169616699,-6.495848655700684,-6.622226595878601,-6.245399475097656,-6.5536212011148,-6.442598342895508,-6.571849890657373,-6.496573448181152,-6.606615987442832,-6.451042652130127,-6.637838914587691,-6.517275333404541
はん用・生産用・業務用機械器具整備・修理従事者,401150,388710,12440,-6.6353256939021685,-6.495848655700684,-6.601452705022451,-6.245399475097656,-6.5536212011148,-6.442598342895508,-6.571849890657373,-6.496573448181152,-6.487556013442178,-5.473586559295654,-6.537523701384261,-5.719080924987793
電気機械器具整備・修理従事者,93070,86700,6370,-6.709273331037915,-6.495848655700684,-6.62828221192231,-6.245399475097656,-6.5536212011148,-6.442598342895508,-6.571849890657373,-6.496573448181152,-6.6023054668921555,-6.451042652130127,-6.644488901705356,-6.517275333404541
自動車整備・修理従事者,376070,368820,7250,-6.643917942775115,-6.495848655700684,-6.62828221192231,-6.245399475097656,-6.5536212011148,-6.442598342895508,-6.571849890657373,-6.496573448181152,-6.610980248633232,-6.451042652130127,-6.644488901705356,-6.517275333404541
輸送機械整備・修理従事者（自動車を除く）,58640,56790,1850,-6.633633555346773,-6.495848655700684,-6.62828221192231,-6.245399475097656,-6.5536212011148,-6.442598342895508,-6.571849890657373,-6.496573448181152,-6.631187748363,-6.451042652130127,-6.644488901705356,-6.517275333404541
計量計測機器・光学機械器具整備・修理従事者,13190,11570,1620,-6.621479434821442,-6.495848655700684,-6.62828221192231,-6.245399475097656,-6.5536212011148,-6.442598342895508,-6.571849890657373,-6.496573448181152,-6.605745239112213,-6.451042652130127,-6.644488901705356,-6.517275333404541
製品検査従事者,369160,156130,213030,-9.071200370788574,-8.598785400390625,-8.896398821392575,-6.038265228271484,-8.886843018859397,-8.51691722869873,-8.870109551661724,-8.529403686523438,-9.173730879339553,-8.862735748291016,-9.125363974957853,-6.159205913543701
金属製品検査従事者,85860,48910,36950,-11.396504591439516,-9.138805389404297,-11.42978539337983,-10.95233917236328,-11.233579875858686,-10.913725852966309,-11.225291645204699,-10.799128532409668,-11.550143715079503,-11.074652671813965,-11.47963242273073,-9.163829803466797
化学製品検査従事者,42810,18760,24050,-9.673764720217871,-7.378227233886719,-9.66700539717803,-8.602572441101074,-9.774482930889567,-8.642878532409668,-9.766201425243068,-8.606688499450684,-10.1753207053847,-9.868487358093262,-10.092915831385431,-7.489437103271484
窯業・土石製品検査従事者,22560,15110,7460,-7.470091426645526,-5.549564838409424,-7.532169986415553,-7.318854331970215,-7.433901066088494,-7.214380264282227,-7.436666053694648,-7.200830936431885,-7.757955594827201,-7.25147533416748,-7.730379304370365,-6.946661472320557
食料品検査従事者,48280,16080,32200,-15.523082412836207,-13.328367233276367,-15.448912034163603,-12.173625946044922,-15.347507236568072,-15.078798294067385,-15.357895818916527,-15.13003635406494,-15.14502765568158,-13.84689712524414,-15.070798306851774,-12.066204071044922
飲料・たばこ検査従事者,5510,2390,3130,-7.2546614472192665,-6.956625938415527,-7.124139946860236,-5.784839153289795,-7.146479846866987,-7.041399002075195,-7.116744772807972,-7.007293224334717,-7.158892711610284,-6.710861206054688,-7.1258807085655835,-5.955478668212891
紡織・衣服・繊維製品検査従事者,24020,4470,19550,-7.852903340609019,-7.571277618408203,-7.770232600134772,-7.535893440246582,-7.6954283823493785,-7.383239269256592,-7.636366286793271,-7.450191497802734,-8.091415907590443,-7.646953105926514,-8.047553532832378,-7.577592849731445
木・紙製品検査従事者,13570,5340,8230,-7.821278011525861,-6.49080753326416,-7.886166424364657,-7.304472923278809,-7.820692517375218,-7.628753185272217,-7.869119328421515,-7.637950420379639,-7.532334516976626,-5.746490478515625,-7.542474730594738,-5.587484359741211
印刷・製本検査従事者,13380,4500,8880,-7.732801197139361,-6.313681602478027,-7.733614934457315,-6.920455455780029,-7.768456746603697,-7.656341552734375,-7.766292890986881,-7.653636932373047,-7.9364809771530505,-7.745437145233154,-7.931776636355632,-6.253788948059082
ゴム・プラスチック製品検査従事者,77620,23950,53670,-7.701366389980753,-3.6941089630126953,-7.651590998108323,-4.486015319824219,-7.734292427092108,-7.448176383972168,-7.719303401740822,-7.379302501678467,-7.118402730417616,-3.110985040664673,-7.030005366415591,-3.177816390991211
機械検査従事者,285770,168760,117010,-7.708904597595448,-6.6779327392578125,-7.619784145741849,-6.628817558288574,-7.628912372443512,-7.484413146972656,-7.617961010417423,-7.490762710571289,-7.77748069690384,-7.414488792419434,-7.760619408375508,-6.781333923339844
はん用・生産用・業務用機械器具検査従事者,58480,38250,20230,-7.801458235005386,-7.353386402130127,-7.7457471634890585,-6.303084373474121,-7.776971762416927,-7.334417343139648,-7.774499638660534,-7.250311851501465,-7.500858397884223,-5.473586559295654,-7.44407525900248,-5.719080924987793
電気機械器具検査従事者,118190,59250,58940,-100.0,-100.0,-100.0,-100.0,-100.0,-100.0,-100.0,-100.0,-99.30078689924633,-8.403083801269531,-100.0,-100.0
自動車検査従事者,87440,56650,30790,-11.65653851196056,-10.307528495788574,-11.60513702598778,-10.332475662231444,-11.66678414089989,-11.45925521850586,-11.661599713402826,-11.460597038269045,-11.452613226330007,-11.115041732788086,-11.396491179595122,-10.327035903930664
輸送機械検査従事者（自動車を除く）,10500,9130,1370,-8.729446884329992,-8.1382474899292,-8.735160853411701,-8.257293701171875,-8.792714694074093,-8.34290599822998,-8.871379787857467,-8.609823226928711,-9.193248930778212,-8.373502731323242,-9.209934956318623,-8.409697532653809
計量計測機器・光学機械器具検査従事者,11160,5480,5680,-8.694837118833119,-8.339613914489746,-8.688385467271548,-8.449941635131836,-8.604191423372457,-8.35024642944336,-8.608770860208047,-8.416319847106934,-9.07065108350215,-8.38416576385498,-9.173106322417388,-8.408391952514648
生産関連・生産類似作業従事者,584040,450740,133290,-6.953504427698732,-6.186550140380859,-6.9318678604589925,-5.763572216033936,-6.868830174890183,-6.328372478485107,-6.8705249380421,-6.254127502441406,-6.965328165593038,-6.706510543823242,-6.94310191837517,-6.019073009490967
画工，塗装・看板制作従事者,232980,207990,24990,-6.8351445380058,-6.616252899169922,-6.865600730921771,-6.543339252471924,-6.737369358994578,-6.492221832275391,-6.754308465364817,-6.6068034172058105,-6.808842728156169,-6.541347503662109,-6.822320148751542,-6.542686462402344
生産関連作業従事者（画工，塗装・看板制作を除く）,289300,201080,88220,-8.836609283476385,-7.793845176696777,-8.830680795618006,-8.156519889831543,-8.837341505152578,-8.536872863769531,-8.83239617863217,-8.552213668823242,-8.810819385615924,-8.027503967285156,-8.755141213133529,-7.69950008392334
生産類似作業従事者,61760,41670,20080,-8.064332794597131,-7.904715061187744,-8.053005083187207,-7.656688690185547,-8.078637905703246,-7.844230651855469,-8.061414853946582,-7.896632194519043,-8.215654489648252,-7.789798736572266,-8.183068720070091,-7.5455217361450195
輸送・機械運転従事者,1983330,1907110,76220,-8.003276151555186,-7.724754333496094,-7.964011601499609,-6.799564361572266,-7.868916231257315,-7.6234893798828125,-7.848882591402209,-7.615287780761719,-8.017981984233128,-7.828006744384766,-8.019782887922752,-7.527198791503906
鉄道運転従事者,37130,35570,1560,-8.014517452880627,-7.665674686431885,-7.9578633920566455,-7.280206203460693,-8.017189644675218,-7.7524189949035645,-8.043041071376285,-7.806257724761963,-8.038832449731027,-7.521662712097168,-8.068152115151689,-7.609679698944092
鉄道運転従事者,37130,35570,1560,-8.014517452880627,-7.665674686431885,-7.9578633920566455,-7.280206203460693,-8.017189644675218,-7.7524189949035645,-8.043041071376285,-7.806257724761963,-8.038832449731027,-7.521662712097168,-8.068152115151689,-7.609679698944092
自動車運転従事者,1445820,1387800,58020,-9.124522820683836,-8.679791450500488,-9.10781667039201,-8.692018508911133,-9.130124892897278,-8.706725120544434,-9.114512507979935,-8.714677810668945,-9.292520515791333,-8.97723388671875,-9.274573532310692,-8.875572204589844
自動車運転従事者,1445820,1387800,58020,-9.124522820683836,-8.679791450500488,-9.10781667039201,-8.692018508911133,-9.130124892897278,-8.706725120544434,-9.114512507979935,-8.714677810668945,-9.292520515791333,-8.97723388671875,-9.274573532310692,-8.875572204589844
船舶・航空機運転従事者,27900,27440,470,-6.983746918103167,-6.812579154968262,-6.932929412738697,-6.796813011169434,-6.936202176654612,-6.799742221832275,-6.939840390875533,-6.811366558074951,-7.095239340804006,-6.776268005371094,-7.073064849183366,-6.801364421844482
船長・航海士・運航士（漁労船を除く），水先人,14390,14140,250,-9.144660309070849,-6.928695201873779,-9.14834208424027,-7.984586238861084,-8.942847870688402,-8.599163055419922,-8.91969473941906,-8.361495971679688,-9.110938250563526,-7.697004318237305,-9.08418853218491,-4.026933670043945
船舶機関長・機関士（漁労船を除く）,6470,6430,30,-8.80308138869191,-8.086734771728516,-8.843538329407975,-8.144821166992188,-8.584613712689348,-8.07254409790039,-8.549931758158916,-8.103878021240234,-8.907897075623957,-8.08005142211914,-8.956636357951808,-8.15709114074707
航空機操縦士,7040,6860,180,-10.09954563169989,-9.61419677734375,-9.906315784196597,-9.755516052246094,-9.891248695722973,-9.689631462097168,-9.874200421410638,-9.678932189941406,-10.25171092084346,-9.942413330078123,-10.203800220747251,-9.906279563903809
車掌,23060,17360,5710,-8.7777584199687,-5.527486324310303,-8.787590548798844,-7.574146270751953,-8.810677149823604,-8.453128814697266,-8.817632443196064,-8.409065246582031,-8.581988560334416,-6.157382488250732,-8.541994159286087,-5.792677402496338
甲板員，船舶技士・機関員,14360,14100,260,-8.73077712896216,-8.352779388427734,-8.682074740126327,-8.110836029052734,-8.431183785882615,-8.284266471862793,-8.52492946547431,-8.258957862854004,-8.551469002061218,-8.379537582397461,-8.552588456385845,-8.209907531738281
他に分類されない輸送従事者,100700,95620,5090,-12.529101357205224,-10.465413093566896,-12.603881500862741,-10.526419639587402,-11.720330332981721,-10.298009872436523,-11.63585031999124,-10.294267654418944,-12.510157344905474,-8.863212585449219,-12.536078852576178,-8.807310104370117
定置・建設機械運転従事者,334350,329240,5120,-8.527982748191775,-8.348589897155762,-8.506584889179951,-8.316904067993164,-8.4440326326676,-8.317058563232422,-8.448008466411281,-8.265227317810059,-8.591377629578568,-8.260226249694824,-8.57734818716307,-8.220762252807617
発電員，変電員,34390,34010,380,-9.008449794681928,-8.630475044250488,-8.975955492741353,-8.116705894470215,-8.904864420417612,-8.7335205078125,-8.882411157762682,-8.675212860107422,-9.119760906423322,-7.783416748046875,-9.110643483497,-8.217548370361328
ボイラー・オペレーター,7550,7540,10,-6.000982950661928,-5.772476196289063,-5.913090425568658,-5.762733459472656,-5.87458107489666,-5.722457885742188,-5.883057774724187,-5.767745971679688,-6.083921112177026,-5.743373394012451,-6.023423652391176,-5.732089996337891
クレーン・ウインチ運転従事者,48070,47590,480,-6.04745114668635,-5.914271831512451,-6.017270606917304,-5.851543426513672,-5.981201379353763,-5.905409812927246,-5.982788569218403,-5.8217387199401855,-6.009591826955781,-5.768287658691406,-5.98724762813465,-5.717432975769043
建設・さく井機械運転従事者,86830,86150,690,-9.327015461812493,-9.066497802734377,-9.230841636657715,-8.457083702087402,-9.152705185285962,-9.043601036071776,-9.1922608839499,-9.059832572937012,-9.010765956558345,-8.451995849609375,-9.05467194479865,-8.289989471435547
建設・採掘従事者,2447480,2384560,62920,-7.0446496264625145,-6.414821624755859,-7.057876122964395,-6.944583415985107,-7.077674887562526,-7.004264831542969,-7.094346242981988,-7.001601696014404,-6.942066294546346,-6.329975128173828,-6.9319901079744906,-6.22515869140625
建設・土木作業従事者,1940120,1888080,52030,-8.380628221817599,-7.998530387878418,-8.30406391620636,-6.861391067504883,-8.374434376490935,-8.052726745605469,-8.357937526058507,-7.928509712219238,-8.315085192673079,-8.134786605834961,-8.3189904432039,-7.403282165527344
型枠大工,40840,40240,600,-8.092094850904159,-7.824893474578857,-8.098431622659838,-7.827731132507324,-7.88596756039685,-7.660114765167236,-7.91667779071911,-7.752295017242432,-8.585456888184293,-7.868671417236328,-8.602534113703546,-7.9291672706604
とび職,111940,110310,1630,-5.5075141382581405,-2.588447332382202,-5.540669582985543,-4.738510608673096,-5.5550514577909285,-5.439513683319092,-5.543209733189763,-5.328082084655762,-5.333159122758239,-3.1917977333068848,-5.3432113512142285,-4.02138090133667
鉄筋作業従事者,28990,28540,450,-8.27265315747443,-7.663804054260254,-8.199568909567756,-7.57382869720459,-8.205511762895657,-7.723601341247559,-8.195675253868103,-7.634657382965088,-8.721453422808466,-7.968084812164307,-8.748035073280334,-7.992063999176025
大工,297900,293360,4540,-9.818709861231214,-8.23892593383789,-9.693471689481992,-8.44328784942627,-9.652200531413538,-9.46717643737793,-9.673692935221904,-9.42695140838623,-9.767179940493053,-9.123784065246582,-9.619267122165576,-8.3970947265625
ブロック積・タイル張従事者,24510,23950,560,-4.151935562832665,-3.874700546264648,-4.055177351912937,-3.930944204330444,-4.00991753403467,-3.863925457000733,-4.0041721914265604,-3.90203595161438,-4.714278206570458,-3.994085311889648,-4.686519202348348,-3.9438533782958975
屋根ふき従事者,17010,16540,480,-11.033542946094775,-6.495110034942627,-11.066801270923099,-7.208498001098633,-10.930143378163113,-10.471896171569824,-10.896078953871855,-10.202878952026367,-10.624040640037478,-6.634784698486328,-10.555035839209685,-6.550658226013184
左官,59890,58610,1280,-7.936603105705203,-7.427206993103027,-7.812443314371882,-6.306941986083984,-7.793647762473303,-7.662253379821777,-7.774322483990644,-7.6822829246521,-7.952726036537695,-7.732620239257812,-7.928559757567741,-7.420961856842041
畳職,9130,8440,690,-4.488929806774809,-3.921172380447388,-4.404391520732158,-4.020514965057373,-4.240099390044467,-3.8508377075195312,-4.241044242639799,-3.7757608890533447,-4.7532875301273725,-3.875931024551392,-4.743752192806554,-3.9559483528137207
配管従事者,220720,217240,3480,-7.649493792584834,-5.827453136444092,-7.568255253740259,-5.323969841003418,-7.559431760365726,-7.314314842224121,-7.531076437718159,-7.081748962402344,-7.526379294067849,-6.498706340789795,-7.484400559116054,-5.357517242431641
土木従事者,456900,447610,9290,-6.655656887374762,-6.483415603637695,-6.574555877092722,-6.4654388427734375,-6.59187377682169,-6.503134250640869,-6.581380702353813,-6.464289665222168,-6.9168964087508105,-6.444782257080078,-6.892066813804008,-6.432311534881592
鉄道線路工事従事者,24750,24750,-,-5.945044856035072,-5.698986053466797,-5.9128757747443945,-5.6474151611328125,-5.919762378430549,-5.623593330383301,-5.866532512613245,-5.650371551513672,-6.120385377461673,-5.415287017822266,-6.132945663220173,-5.365527629852295
電気工事従事者,505940,495130,10810,-10.839797980912769,-8.271111488342285,-10.748699239782384,-7.6690778732299805,-10.856718179833798,-10.706048011779783,-10.845017156085452,-10.72145652770996,-10.615174322637893,-8.374922752380371,-10.54812402338595,-7.644924163818359
電線架線・敷設従事者,47430,46890,540,-9.320503213023411,-4.189777374267578,-9.45431258227374,-7.948822498321533,-9.42875236773309,-9.34466552734375,-9.441544300801045,-9.341236114501951,-9.219257303776631,-7.471805572509766,-9.149335632453093,-4.410932540893555
電気通信設備工事従事者,79000,76370,2630,-11.002005256769312,-9.728124618530272,-11.048265418490848,-9.839055061340332,-10.904579279076962,-10.52464199066162,-10.96360173096528,-10.588923454284668,-11.276438596594424,-10.228001594543455,-11.204491885932716,-9.730463981628418
採掘従事者,1420,1350,70,-7.0446496264625145,-6.414821624755859,-7.057876122964395,-6.944583415985107,-7.077674887562526,-7.004264831542969,-7.094346242981988,-7.001601696014404,-6.942066294546346,-6.329975128173828,-6.9319901079744906,-6.22515869140625
砂利・砂・粘土採取従事者,200,200,-,-6.927708156236255,-6.216800689697266,-6.82076464150403,-6.201521873474121,-6.872254710161049,-6.751117706298828,-6.862611239020889,-6.553462028503418,-6.9613160650238735,-6.658495903015137,-6.928599885992102,-6.1236114501953125
運搬・清掃・包装等従事者,4198670,2225500,1973170,-6.32437844312828,-6.060397624969482,-6.344300498833528,-6.131361961364746,-6.303982283322866,-6.034236907958984,-6.349512928241008,-6.120931625366211,-6.352227531316626,-6.0542402267456055,-6.390143932522954,-6.088706970214844
運搬従事者,1624920,1123160,501750,-10.400736277340023,-8.067098617553711,-10.330047936052889,-7.771812438964844,-10.355746691463558,-10.232160568237305,-10.373364622528488,-10.218195915222168,-9.994259524891394,-7.227042198181152,-9.90452756752839,-7.291339874267578
郵便・電報外務員,110450,99510,10940,-1.551679821414802,-1.2073149681091309,-1.5030498601294853,-1.3141485452651978,-1.383786031308065,-1.2069486379623413,-1.4001163284520846,-1.2627668380737305,-2.177847622005084,-1.2763354778289795,-2.257228020075205,-1.2747565507888794
船内・沿岸荷役従事者,14220,13970,250,-8.35269359413904,-7.296112060546875,-8.34708055290016,-7.850120544433594,-8.317329872655504,-8.162886619567871,-8.312790658022907,-8.166597366333008,-8.280027986482809,-8.102479934692383,-8.269520227973526,-7.210422515869141
陸上荷役・運搬従事者,245100,181770,63330,-10.307221558257824,-8.067098617553711,-10.3088928557731,-7.771812438964844,-10.355598981143864,-10.232160568237305,-10.370858701499733,-10.218195915222168,-9.875449431761531,-7.227042198181152,-9.842392393060633,-7.291339874267578
倉庫作業従事者,273930,186320,87600,-8.40980598944744,-8.154365539550781,-8.303458284687352,-6.657225608825684,-8.441355625181707,-8.23080825805664,-8.454190383086333,-8.221421241760254,-8.713904453597905,-8.35180950164795,-8.708210175101822,-7.067512035369873
配達員,696180,518540,177630,-9.447406113602733,-8.60080623626709,-9.362350989032436,-7.66426420211792,-9.455655855076914,-9.291622161865234,-9.441942376059455,-9.214160919189451,-9.466441795116163,-9.156538009643556,-9.444827263419693,-7.358718395233154
荷造従事者,285050,123040,162010,-6.05695635671834,-5.398287773132324,-6.011263025773538,-5.698796272277832,-5.718157902928709,-5.471683025360107,-5.702247948259921,-5.468534469604492,-5.719507395766164,-4.751399993896484,-5.712012249070245,-4.780361175537109
清掃従事者,1149320,495250,654060,-9.482909741292474,-7.55438232421875,-9.393785328478426,-7.667723178863525,-9.412565653560726,-9.286457061767578,-9.413704781918913,-9.311942100524902,-9.192788211443952,-6.537872791290283,-9.097566904248419,-6.619253158569336
ビル・建物清掃員,910680,294910,615770,-8.57108407348167,-8.396058082580566,-8.52554574528256,-8.107887268066406,-8.488360506887654,-8.353353500366211,-8.505065131831813,-8.357995986938477,-8.64045995246363,-7.657785415649414,-8.59352589297939,-7.729388236999512
廃棄物処理従事者,119970,113400,6570,-8.663472437676583,-8.058707237243652,-8.57227227172336,-7.558578968048096,-8.545004669946568,-8.371532440185547,-8.522158796722824,-8.287335395812988,-8.618851501523084,-8.36135196685791,-8.571866544517311,-7.524677276611328
ハウスクリーニング職,27760,17110,10650,-12.18176549081584,-11.231186866760254,-12.185014086800653,-11.169944763183594,-12.191124792317398,-11.920473098754885,-12.222251105952907,-11.791803359985352,-11.92029189335481,-10.779254913330078,-11.919401136604515,-10.85546875
包装従事者,274230,85740,188490,-8.96518192582458,-7.725923538208008,-9.034249279950116,-8.120597839355469,-8.966145551841677,-8.852417945861816,-8.982019179576152,-8.852452278137207,-9.024247740971223,-7.741209983825684,-8.994817788536484,-7.847338676452637
包装従事者,274230,85740,188490,-8.96518192582458,-7.725923538208008,-9.034249279950116,-8.120597839355469,-8.966145551841677,-8.852417945861816,-8.982019179576152,-8.852452278137207,-9.024247740971223,-7.741209983825684,-8.994817788536484,-7.847338676452637
